Experiment_ID,Element,Atomic_Number,Decay_Constant,Initial_Nuclei,Time,Undecayed_Nuclei,Activity
1,U-238,92,0.00015,10000,0.0,10352.810469193531,1.5529215703790296
1,U-238,92,0.00015,10000,0.5050505050505051,10079.267831852843,1.5118901747779263
1,U-238,92,0.00015,10000,1.0101010101010102,10194.202903604373,1.5291304355406559
1,U-238,92,0.00015,10000,1.5151515151515151,10445.804323604665,1.5668706485406996
1,U-238,92,0.00015,10000,2.0202020202020203,10370.368585904964,1.5555552878857444
1,U-238,92,0.00015,10000,2.5252525252525255,9800.831284730337,1.4701246927095504
1,U-238,92,0.00015,10000,3.0303030303030303,10185.386909813638,1.5278080364720457
1,U-238,92,0.00015,10000,3.5353535353535355,9964.442982676937,1.4946664474015405
1,U-238,92,0.00015,10000,4.040404040404041,9973.309967342424,1.4959964951013636
1,U-238,92,0.00015,10000,4.545454545454546,10075.247870800074,1.511287180620011
1,U-238,92,0.00015,10000,5.050505050505051,10021.214009018417,1.5031821013527624
1,U-238,92,0.00015,10000,5.555555555555556,10282.28256136252,1.5423423842043777
1,U-238,92,0.00015,10000,6.0606060606060606,10142.98245929913,1.5214473688948693
1,U-238,92,0.00015,10000,6.565656565656566,10014.467411997693,1.502170111799654
1,U-238,92,0.00015,10000,7.070707070707071,10078.078105486122,1.511711715822918
1,U-238,92,0.00015,10000,7.575757575757576,10055.301891275185,1.5082952836912775
1,U-238,92,0.00015,10000,8.080808080808081,10286.339964171866,1.5429509946257798
1,U-238,92,0.00015,10000,8.585858585858587,9946.150658749479,1.4919225988124216
1,U-238,92,0.00015,10000,9.090909090909092,10048.901146077938,1.5073351719116905
1,U-238,92,0.00015,10000,9.595959595959597,9815.042966226498,1.4722564449339746
1,U-238,92,0.00015,10000,10.101010101010102,9475.035041794852,1.4212552562692278
1,U-238,92,0.00015,10000,10.606060606060607,10114.619472218903,1.5171929208328354
1,U-238,92,0.00015,10000,11.111111111111112,10155.946548869491,1.5233919823304236
1,U-238,92,0.00015,10000,11.616161616161618,9834.416332963787,1.475162449944568
1,U-238,92,0.00015,10000,12.121212121212121,10434.961010088096,1.5652441515132143
1,U-238,92,0.00015,10000,12.626262626262626,9690.755769591879,1.4536133654387817
1,U-238,92,0.00015,10000,13.131313131313131,9989.456111222677,1.4984184166834014
1,U-238,92,0.00015,10000,13.636363636363637,9942.206086655011,1.4913309129982515
1,U-238,92,0.00015,10000,14.141414141414142,10284.716622688,1.5427074934032
1,U-238,92,0.00015,10000,14.646464646464647,10271.281254080348,1.540692188112052
1,U-238,92,0.00015,10000,15.151515151515152,10008.2176686302,1.5012326502945297
1,U-238,92,0.00015,10000,15.656565656565657,10051.997797384041,1.5077996696076061
1,U-238,92,0.00015,10000,16.161616161616163,9798.65970750594,1.4697989561258908
1,U-238,92,0.00015,10000,16.666666666666668,9579.861091597157,1.4369791637395735
1,U-238,92,0.00015,10000,17.171717171717173,9904.872135395075,1.4857308203092612
1,U-238,92,0.00015,10000,17.67676767676768,10004.706961412414,1.500706044211862
1,U-238,92,0.00015,10000,18.181818181818183,10218.152411786208,1.5327228617679312
1,U-238,92,0.00015,10000,18.68686868686869,10211.811797335968,1.531771769600395
1,U-238,92,0.00015,10000,19.191919191919194,9894.010840757748,1.4841016261136621
1,U-238,92,0.00015,10000,19.6969696969697,9910.215968892951,1.4865323953339427
1,U-238,92,0.00015,10000,20.202020202020204,9760.666768782276,1.4641000153173411
1,U-238,92,0.00015,10000,20.70707070707071,9685.864758455298,1.4528797137682945
1,U-238,92,0.00015,10000,21.212121212121215,9628.062428957985,1.4442093643436975
1,U-238,92,0.00015,10000,21.71717171717172,10356.36343105257,1.5534545146578853
1,U-238,92,0.00015,10000,22.222222222222225,9865.130926664544,1.4797696389996815
1,U-238,92,0.00015,10000,22.72727272727273,9878.650452589975,1.481797567888496
1,U-238,92,0.00015,10000,23.232323232323235,9715.524734265802,1.4573287101398702
1,U-238,92,0.00015,10000,23.73737373737374,10119.40264212198,1.517910396318297
1,U-238,92,0.00015,10000,24.242424242424242,9642.094442153557,1.4463141663230334
1,U-238,92,0.00015,10000,24.747474747474747,9920.557196631426,1.4880835794947136
1,U-238,92,0.00015,10000,25.252525252525253,9783.776650077243,1.4675664975115863
1,U-238,92,0.00015,10000,25.757575757575758,10038.520285033579,1.5057780427550367
1,U-238,92,0.00015,10000,26.262626262626263,9858.924186287335,1.4788386279431
1,U-238,92,0.00015,10000,26.767676767676768,9724.74873007342,1.4587123095110128
1,U-238,92,0.00015,10000,27.272727272727273,9953.561038206397,1.4930341557309594
1,U-238,92,0.00015,10000,27.77777777777778,10043.730191931714,1.506559528789757
1,U-238,92,0.00015,10000,28.282828282828284,9970.91274643908,1.495636911965862
1,U-238,92,0.00015,10000,28.78787878787879,10017.144998251546,1.5025717497377318
1,U-238,92,0.00015,10000,29.292929292929294,9829.848791301161,1.474477318695174
1,U-238,92,0.00015,10000,29.7979797979798,9883.17808440469,1.4824767126607032
1,U-238,92,0.00015,10000,30.303030303030305,9820.766454830617,1.4731149682245923
1,U-238,92,0.00015,10000,30.80808080808081,9882.315407815386,1.4823473111723078
1,U-238,92,0.00015,10000,31.313131313131315,9791.273255311758,1.4686909882967636
1,U-238,92,0.00015,10000,31.81818181818182,9608.773809627955,1.4413160714441933
1,U-238,92,0.00015,10000,32.323232323232325,9986.946096084668,1.4980419144127002
1,U-238,92,0.00015,10000,32.82828282828283,9870.91715127,1.4806375726905
1,U-238,92,0.00015,10000,33.333333333333336,9625.711252168723,1.4438566878253083
1,U-238,92,0.00015,10000,33.83838383838384,10041.458870409399,1.5062188305614097
1,U-238,92,0.00015,10000,34.343434343434346,9768.090027175946,1.4652135040763916
1,U-238,92,0.00015,10000,34.84848484848485,9958.198571185214,1.493729785677782
1,U-238,92,0.00015,10000,35.35353535353536,10092.156940701609,1.5138235411052412
1,U-238,92,0.00015,10000,35.85858585858586,9972.014719301347,1.495802207895202
1,U-238,92,0.00015,10000,36.36363636363637,10172.24357382122,1.525836536073183
1,U-238,92,0.00015,10000,36.86868686868687,9699.246467898514,1.454886970184777
1,U-238,92,0.00015,10000,37.37373737373738,10024.114720310272,1.5036172080465406
1,U-238,92,0.00015,10000,37.87878787878788,9807.15689669591,1.4710735345043864
1,U-238,92,0.00015,10000,38.38383838383839,9769.430098313973,1.4654145147470958
1,U-238,92,0.00015,10000,38.88888888888889,9826.739900995452,1.4740109851493175
1,U-238,92,0.00015,10000,39.3939393939394,9879.139940612442,1.4818709910918662
1,U-238,92,0.00015,10000,39.8989898989899,9951.496291470645,1.4927244437205966
1,U-238,92,0.00015,10000,40.40404040404041,9707.955287272724,1.4561932930909085
1,U-238,92,0.00015,10000,40.909090909090914,10117.887376654424,1.5176831064981635
1,U-238,92,0.00015,10000,41.41414141414142,10030.627072139889,1.5045940608209831
1,U-238,92,0.00015,10000,41.919191919191924,9631.995629887515,1.444799344483127
1,U-238,92,0.00015,10000,42.42424242424243,10232.328000529244,1.5348492000793863
1,U-238,92,0.00015,10000,42.929292929292934,10312.556949628779,1.5468835424443168
1,U-238,92,0.00015,10000,43.43434343434344,10169.285182148558,1.5253927773222835
1,U-238,92,0.00015,10000,43.939393939393945,9898.559059710717,1.4847838589566074
1,U-238,92,0.00015,10000,44.44444444444445,9720.827460067443,1.4581241190101164
1,U-238,92,0.00015,10000,44.949494949494955,10142.275765026096,1.5213413647539142
1,U-238,92,0.00015,10000,45.45454545454546,9851.962619796423,1.4777943929694632
1,U-238,92,0.00015,10000,45.959595959595966,10174.107011073178,1.5261160516609766
1,U-238,92,0.00015,10000,46.46464646464647,9971.911032692471,1.4957866549038705
1,U-238,92,0.00015,10000,46.969696969696976,10123.749535470562,1.5185624303205842
1,U-238,92,0.00015,10000,47.47474747474748,9999.808366491929,1.4999712549737891
1,U-238,92,0.00015,10000,47.979797979797986,10068.589912246824,1.5102884868370234
1,U-238,92,0.00015,10000,48.484848484848484,9929.621336914322,1.4894432005371483
1,U-238,92,0.00015,10000,48.98989898989899,10281.343523000478,1.5422015284500716
1,U-238,92,0.00015,10000,49.494949494949495,9951.227162982525,1.4926840744473786
1,U-238,92,0.00015,10000,50.0,10005.077692382934,1.50076165385744
1,U-235,92,0.00098,10000,0.0,10376.63013941125,10.169097536623026
1,U-235,92,0.00098,10000,0.5050505050505051,9725.633299017012,9.531120633036672
1,U-235,92,0.00098,10000,1.0101010101010102,9736.260314197223,9.541535107913278
1,U-235,92,0.00098,10000,1.5151515151515151,10178.754207381748,9.975179123234112
1,U-235,92,0.00098,10000,2.0202020202020203,9746.060974207774,9.551139754723618
1,U-235,92,0.00098,10000,2.5252525252525255,10363.046554053828,10.15578562297275
1,U-235,92,0.00098,10000,3.0303030303030303,9887.868586226694,9.69011121450216
1,U-235,92,0.00098,10000,3.5353535353535355,9816.439559827613,9.620110768631061
1,U-235,92,0.00098,10000,4.040404040404041,10343.550930530853,10.136679911920236
1,U-235,92,0.00098,10000,4.545454545454546,10250.340500799928,10.045333690783929
1,U-235,92,0.00098,10000,5.050505050505051,10322.295001043061,10.1158491010222
1,U-235,92,0.00098,10000,5.555555555555556,10125.928527346094,9.923409956799171
1,U-235,92,0.00098,10000,6.0606060606060606,9769.556956548658,9.574165817417684
1,U-235,92,0.00098,10000,6.565656565656566,10315.426004994473,10.109117484894583
1,U-235,92,0.00098,10000,7.070707070707071,9877.716049379645,9.680161728392052
1,U-235,92,0.00098,10000,7.575757575757576,10085.336657026412,9.883629923885882
1,U-235,92,0.00098,10000,8.080808080808081,10109.076847149143,9.90689531020616
1,U-235,92,0.00098,10000,8.585858585858587,9885.469326369897,9.687759939842499
1,U-235,92,0.00098,10000,9.090909090909092,10033.031330385471,9.83237070377776
1,U-235,92,0.00098,10000,9.595959595959597,10089.11536367198,9.887333056398539
1,U-235,92,0.00098,10000,10.101010101010102,9976.041974515856,9.776521135025538
1,U-235,92,0.00098,10000,10.606060606060607,9678.992335997025,9.485412489277085
1,U-235,92,0.00098,10000,11.111111111111112,9950.703466394694,9.7516893970668
1,U-235,92,0.00098,10000,11.616161616161618,10149.081553903365,9.946099922825297
1,U-235,92,0.00098,10000,12.121212121212121,9744.641654748917,9.549748821653939
1,U-235,92,0.00098,10000,12.626262626262626,9847.466143341078,9.650516820474257
1,U-235,92,0.00098,10000,13.131313131313131,9786.219691544982,9.590495297714082
1,U-235,92,0.00098,10000,13.636363636363637,10232.19565276296,10.027551739707702
1,U-235,92,0.00098,10000,14.141414141414142,9994.978415767015,9.795078847451673
1,U-235,92,0.00098,10000,14.646464646464647,9937.820873708673,9.7390644562345
1,U-235,92,0.00098,10000,15.151515151515152,9700.898414292653,9.5068804460068
1,U-235,92,0.00098,10000,15.656565656565657,9953.944445920944,9.754865557002525
1,U-235,92,0.00098,10000,16.161616161616163,9710.116546680032,9.515914215746431
1,U-235,92,0.00098,10000,16.666666666666668,9844.256299224622,9.64737117324013
1,U-235,92,0.00098,10000,17.171717171717173,9708.078135675925,9.513916572962406
1,U-235,92,0.00098,10000,17.67676767676768,9961.222761148423,9.761998305925454
1,U-235,92,0.00098,10000,18.181818181818183,9936.677834386483,9.737944277698753
1,U-235,92,0.00098,10000,18.68686868686869,9777.631577399989,9.582078945851988
1,U-235,92,0.00098,10000,19.191919191919194,9891.402513006706,9.693574462746572
1,U-235,92,0.00098,10000,19.6969696969697,9594.387912787608,9.402500154531856
1,U-235,92,0.00098,10000,20.202020202020204,9511.56232394339,9.321331077464523
1,U-235,92,0.00098,10000,20.70707070707071,9885.228868337854,9.687524290971096
1,U-235,92,0.00098,10000,21.212121212121215,9826.915891449458,9.63037757362047
1,U-235,92,0.00098,10000,21.71717171717172,9913.752324821675,9.715477278325242
1,U-235,92,0.00098,10000,22.222222222222225,10250.93770452263,10.045918950432178
1,U-235,92,0.00098,10000,22.72727272727273,9964.469964252334,9.765180564967286
1,U-235,92,0.00098,10000,23.232323232323235,9596.440671832752,9.404511858396097
1,U-235,92,0.00098,10000,23.73737373737374,9988.324919222994,9.788558420838534
1,U-235,92,0.00098,10000,24.242424242424242,9508.221521554673,9.31805709112358
1,U-235,92,0.00098,10000,24.747474747474747,9670.287106822241,9.476881364685797
1,U-235,92,0.00098,10000,25.252525252525253,9742.247630408627,9.547402677800454
1,U-235,92,0.00098,10000,25.757575757575758,10084.862036704206,9.88316479597012
1,U-235,92,0.00098,10000,26.262626262626263,9600.743821235346,9.408728944810639
1,U-235,92,0.00098,10000,26.767676767676768,9580.0793490051,9.388477762024998
1,U-235,92,0.00098,10000,27.272727272727273,9717.09619675999,9.522754272824791
1,U-235,92,0.00098,10000,27.77777777777778,9602.317520086175,9.410271169684451
1,U-235,92,0.00098,10000,28.282828282828284,9945.801757146166,9.746885722003242
1,U-235,92,0.00098,10000,28.78787878787879,9511.843223153755,9.32160635869068
1,U-235,92,0.00098,10000,29.292929292929294,9494.011323118448,9.304131096656079
1,U-235,92,0.00098,10000,29.7979797979798,9627.158447718106,9.434615278763744
1,U-235,92,0.00098,10000,30.303030303030305,9610.704555513294,9.418490464403028
1,U-235,92,0.00098,10000,30.80808080808081,10077.022328600664,9.87548188202865
1,U-235,92,0.00098,10000,31.313131313131315,9881.937646631308,9.684298893698681
1,U-235,92,0.00098,10000,31.81818181818182,9709.965879896514,9.515766562298584
1,U-235,92,0.00098,10000,32.323232323232325,9450.751642371511,9.26173660952408
1,U-235,92,0.00098,10000,32.82828282828283,9846.92900886879,9.649990428691414
1,U-235,92,0.00098,10000,33.333333333333336,9484.997351489968,9.295297404460168
1,U-235,92,0.00098,10000,33.83838383838384,9374.945210413489,9.187446306205219
1,U-235,92,0.00098,10000,34.343434343434346,9898.777191510817,9.700801647680601
1,U-235,92,0.00098,10000,34.84848484848485,9725.510911934929,9.53100069369623
1,U-235,92,0.00098,10000,35.35353535353536,9837.3686590523,9.640621285871253
1,U-235,92,0.00098,10000,35.85858585858586,9716.23308225813,9.521908420612966
1,U-235,92,0.00098,10000,36.36363636363637,9815.278144604685,9.61897258171259
1,U-235,92,0.00098,10000,36.86868686868687,9519.551706733639,9.329160672598965
1,U-235,92,0.00098,10000,37.37373737373738,9440.954102653452,9.252135020600383
1,U-235,92,0.00098,10000,37.87878787878788,9766.944683905462,9.571605790227352
1,U-235,92,0.00098,10000,38.38383838383839,9476.075416302663,9.286553907976609
1,U-235,92,0.00098,10000,38.88888888888889,9493.30683955235,9.303440702761302
1,U-235,92,0.00098,10000,39.3939393939394,9533.640286623484,9.342967480891014
1,U-235,92,0.00098,10000,39.8989898989899,9619.897454289874,9.427499505204077
1,U-235,92,0.00098,10000,40.40404040404041,9543.726941626108,9.352852402793586
1,U-235,92,0.00098,10000,40.909090909090914,9342.837267659808,9.155980522306612
1,U-235,92,0.00098,10000,41.41414141414142,9478.66325541555,9.289089990307238
1,U-235,92,0.00098,10000,41.919191919191924,9170.732777595073,8.98731812204317
1,U-235,92,0.00098,10000,42.42424242424243,9712.720588772034,9.518466176996593
1,U-235,92,0.00098,10000,42.929292929292934,9280.80862919346,9.09519245660959
1,U-235,92,0.00098,10000,43.43434343434344,9371.603235168746,9.18417117046537
1,U-235,92,0.00098,10000,43.939393939393945,9588.526664949559,9.396756131650568
1,U-235,92,0.00098,10000,44.44444444444445,9432.18517835665,9.243541474789517
1,U-235,92,0.00098,10000,44.949494949494955,9864.36014684466,9.667072943907765
1,U-235,92,0.00098,10000,45.45454545454546,9317.01527290424,9.130674967446154
1,U-235,92,0.00098,10000,45.959595959595966,9610.646493260878,9.41843356339566
1,U-235,92,0.00098,10000,46.46464646464647,9547.351386556084,9.356404358824962
1,U-235,92,0.00098,10000,46.969696969696976,9327.02131939405,9.140480893006169
1,U-235,92,0.00098,10000,47.47474747474748,9645.302305487687,9.452396259377933
1,U-235,92,0.00098,10000,47.979797979797986,9507.947855664435,9.317788898551147
1,U-235,92,0.00098,10000,48.484848484848484,9683.155526277546,9.489492415751995
1,U-235,92,0.00098,10000,48.98989898989899,9688.221936041464,9.494457497320635
1,U-235,92,0.00098,10000,49.494949494949495,9938.687718285571,9.739913963919859
1,U-235,92,0.00098,10000,50.0,9776.334635538642,9.58080794282787
1,Th-232,90,4.9e-05,10000,0.0,9926.163632411512,0.48638201798816405
1,Th-232,90,4.9e-05,10000,0.5050505050505051,9951.877877590872,0.4876420160019527
1,Th-232,90,4.9e-05,10000,1.0101010101010102,10219.426096681174,0.5007518787373775
1,Th-232,90,4.9e-05,10000,1.5151515151515151,10130.300620148691,0.49638473038728587
1,Th-232,90,4.9e-05,10000,2.0202020202020203,10127.023782539225,0.496224165344422
1,Th-232,90,4.9e-05,10000,2.5252525252525255,9675.411507055254,0.47409516384570743
1,Th-232,90,4.9e-05,10000,3.0303030303030303,9993.650759227206,0.4896888872021331
1,Th-232,90,4.9e-05,10000,3.5353535353535355,9850.687212912208,0.48268367343269813
1,Th-232,90,4.9e-05,10000,4.040404040404041,10053.994235009925,0.4926457175154863
1,Th-232,90,4.9e-05,10000,4.545454545454546,9978.14726902977,0.4889292161824587
1,Th-232,90,4.9e-05,10000,5.050505050505051,10179.516296651997,0.4987962985359478
1,Th-232,90,4.9e-05,10000,5.555555555555556,10060.704522888147,0.49297452162151917
1,Th-232,90,4.9e-05,10000,6.0606060606060606,10154.24964018215,0.4975582323689253
1,Th-232,90,4.9e-05,10000,6.565656565656566,9903.529532569357,0.48527294709589847
1,Th-232,90,4.9e-05,10000,7.070707070707071,9807.712134583173,0.48057789459457545
1,Th-232,90,4.9e-05,10000,7.575757575757576,9914.30906648788,0.4858011442579061
1,Th-232,90,4.9e-05,10000,8.080808080808081,9992.638452697089,0.48963928418215735
1,Th-232,90,4.9e-05,10000,8.585858585858587,10071.592265598681,0.4935080210143354
1,Th-232,90,4.9e-05,10000,9.090909090909092,10447.206997621504,0.5119131428834537
1,Th-232,90,4.9e-05,10000,9.595959595959597,9986.851627687809,0.4893557297567026
1,Th-232,90,4.9e-05,10000,10.101010101010102,9803.957335109542,0.4803939094203676
1,Th-232,90,4.9e-05,10000,10.606060606060607,9925.643977147198,0.4863565548802127
1,Th-232,90,4.9e-05,10000,11.111111111111112,9901.888309167332,0.48519252714919925
1,Th-232,90,4.9e-05,10000,11.616161616161618,10090.551199675905,0.49443700878411934
1,Th-232,90,4.9e-05,10000,12.121212121212121,9686.085940308527,0.4746182110751178
1,Th-232,90,4.9e-05,10000,12.626262626262626,10006.459618173756,0.490316521290514
1,Th-232,90,4.9e-05,10000,13.131313131313131,10024.848899895398,0.4912175960948745
1,Th-232,90,4.9e-05,10000,13.636363636363637,10039.725603430254,0.4919465545680824
1,Th-232,90,4.9e-05,10000,14.141414141414142,9873.692644364935,0.4838109395738818
1,Th-232,90,4.9e-05,10000,14.646464646464647,9945.275598987906,0.48731850435040736
1,Th-232,90,4.9e-05,10000,15.151515151515152,9707.9777040605,0.4756909074989645
1,Th-232,90,4.9e-05,10000,15.656565656565657,9893.742911351039,0.4847934026562009
1,Th-232,90,4.9e-05,10000,16.161616161616163,9883.597594178396,0.4842962821147414
1,Th-232,90,4.9e-05,10000,16.666666666666668,10074.978749300026,0.49367395871570124
1,Th-232,90,4.9e-05,10000,17.171717171717173,9760.547394935082,0.478266822351819
1,Th-232,90,4.9e-05,10000,17.67676767676768,10147.44648410661,0.4972248777212238
1,Th-232,90,4.9e-05,10000,18.181818181818183,10289.725614017414,0.5041965550868532
1,Th-232,90,4.9e-05,10000,18.68686868686869,9577.229525771863,0.46928424676282127
1,Th-232,90,4.9e-05,10000,19.191919191919194,10075.771992762868,0.4937128276453805
1,Th-232,90,4.9e-05,10000,19.6969696969697,10125.604147215465,0.49615460321355775
1,Th-232,90,4.9e-05,10000,20.202020202020204,9862.744640086039,0.4832744873642159
1,Th-232,90,4.9e-05,10000,20.70707070707071,9910.484895487263,0.4856137598788759
1,Th-232,90,4.9e-05,10000,21.212121212121215,9963.06295361922,0.4881900847273417
1,Th-232,90,4.9e-05,10000,21.71717171717172,9929.869414566852,0.48656360131377574
1,Th-232,90,4.9e-05,10000,22.222222222222225,9927.381703077524,0.4864417034507987
1,Th-232,90,4.9e-05,10000,22.72727272727273,9654.042157704536,0.4730480657275223
1,Th-232,90,4.9e-05,10000,23.232323232323235,10218.82674185363,0.5007225103508279
1,Th-232,90,4.9e-05,10000,23.73737373737374,10204.048165390555,0.4999983601041372
1,Th-232,90,4.9e-05,10000,24.242424242424242,9825.648533672913,0.48145677814997273
1,Th-232,90,4.9e-05,10000,24.747474747474747,9694.951650539882,0.4750526308764542
1,Th-232,90,4.9e-05,10000,25.252525252525253,10091.718019577367,0.494494182959291
1,Th-232,90,4.9e-05,10000,25.757575757575758,9872.374406476685,0.48374634591735755
1,Th-232,90,4.9e-05,10000,26.262626262626263,10015.493710881503,0.4907591918331936
1,Th-232,90,4.9e-05,10000,26.767676767676768,9923.110465231446,0.48623241279634083
1,Th-232,90,4.9e-05,10000,27.272727272727273,10124.768333209628,0.49611364832727173
1,Th-232,90,4.9e-05,10000,27.77777777777778,10125.158979032798,0.49613278997260707
1,Th-232,90,4.9e-05,10000,28.282828282828284,9841.232512811386,0.4822203931277579
1,Th-232,90,4.9e-05,10000,28.78787878787879,9709.621093868021,0.47577143359953306
1,Th-232,90,4.9e-05,10000,29.292929292929294,9669.523170729139,0.47380663536572776
1,Th-232,90,4.9e-05,10000,29.7979797979798,10107.30740696272,0.49525806294117325
1,Th-232,90,4.9e-05,10000,30.303030303030305,9747.743475202076,0.47763943028490174
1,Th-232,90,4.9e-05,10000,30.80808080808081,9883.7050603575,0.4843015479575175
1,Th-232,90,4.9e-05,10000,31.313131313131315,9865.588372790247,0.48341383026672213
1,Th-232,90,4.9e-05,10000,31.81818181818182,9973.924157831165,0.48872228373372706
1,Th-232,90,4.9e-05,10000,32.323232323232325,9597.531056480877,0.470279021767563
1,Th-232,90,4.9e-05,10000,32.82828282828283,10021.622107085817,0.49105948324720505
1,Th-232,90,4.9e-05,10000,33.333333333333336,10088.287205015047,0.4943260730457373
1,Th-232,90,4.9e-05,10000,33.83838383838384,10001.088049996433,0.4900533144498252
1,Th-232,90,4.9e-05,10000,34.343434343434346,9921.113180065473,0.48613454582320814
1,Th-232,90,4.9e-05,10000,34.84848484848485,10002.385611209475,0.49011689494926425
1,Th-232,90,4.9e-05,10000,35.35353535353536,10062.36289709449,0.49305578195763
1,Th-232,90,4.9e-05,10000,35.85858585858586,9428.89964191653,0.46201608245390996
1,Th-232,90,4.9e-05,10000,36.36363636363637,10372.683749374575,0.5082615037193542
1,Th-232,90,4.9e-05,10000,36.86868686868687,10059.82849794437,0.49293159639927414
1,Th-232,90,4.9e-05,10000,37.37373737373738,9851.460644732435,0.4827215715918893
1,Th-232,90,4.9e-05,10000,37.87878787878788,9903.410925087996,0.48526713532931176
1,Th-232,90,4.9e-05,10000,38.38383838383839,10079.772398617175,0.49390884753224157
1,Th-232,90,4.9e-05,10000,38.88888888888889,9957.786007189687,0.48793151435229465
1,Th-232,90,4.9e-05,10000,39.3939393939394,9575.361905623753,0.4691927333755639
1,Th-232,90,4.9e-05,10000,39.8989898989899,10392.560716904292,0.5092354751283104
1,Th-232,90,4.9e-05,10000,40.40404040404041,9958.157200163805,0.4879497028080264
1,Th-232,90,4.9e-05,10000,40.909090909090914,10183.600578530237,0.4989964283479816
1,Th-232,90,4.9e-05,10000,41.41414141414142,9841.598266955458,0.48223831508081744
1,Th-232,90,4.9e-05,10000,41.919191919191924,10286.1255794399,0.5040201533925551
1,Th-232,90,4.9e-05,10000,42.42424242424243,10036.38352491736,0.49178279272095066
1,Th-232,90,4.9e-05,10000,42.929292929292934,10100.499646469732,0.4949244826770169
1,Th-232,90,4.9e-05,10000,43.43434343434344,9770.13357620533,0.4787365452340611
1,Th-232,90,4.9e-05,10000,43.939393939393945,10220.200950504981,0.500789846574744
1,Th-232,90,4.9e-05,10000,44.44444444444445,10115.909424294408,0.495679561790426
1,Th-232,90,4.9e-05,10000,44.949494949494955,10237.79539241553,0.5016519742283609
1,Th-232,90,4.9e-05,10000,45.45454545454546,9852.414019224765,0.48276828694201346
1,Th-232,90,4.9e-05,10000,45.959595959595966,9881.516126021004,0.4841942901750292
1,Th-232,90,4.9e-05,10000,46.46464646464647,10436.993658220881,0.5114126892528231
1,Th-232,90,4.9e-05,10000,46.969696969696976,9765.495515932216,0.4785092802806786
1,Th-232,90,4.9e-05,10000,47.47474747474748,9949.637647551406,0.4875322447300189
1,Th-232,90,4.9e-05,10000,47.979797979797986,10203.361845388445,0.4999647304240338
1,Th-232,90,4.9e-05,10000,48.484848484848484,9995.76923751814,0.4897926926383888
1,Th-232,90,4.9e-05,10000,48.98989898989899,10092.334933530909,0.4945244117430145
1,Th-232,90,4.9e-05,10000,49.494949494949495,9896.080572576702,0.4849079480562584
1,Th-232,90,4.9e-05,10000,50.0,10049.360060134011,0.49241864294656656
1,Ra-226,88,0.00433,10000,0.0,9738.694629652937,42.168547746397216
1,Ra-226,88,0.00433,10000,0.5050505050505051,10309.056913200358,44.63821643415755
1,Ra-226,88,0.00433,10000,1.0101010101010102,9932.828463822505,43.00914724835145
1,Ra-226,88,0.00433,10000,1.5151515151515151,9799.46259154248,42.431673021378934
1,Ra-226,88,0.00433,10000,2.0202020202020203,10045.022597748324,43.49494784825024
1,Ra-226,88,0.00433,10000,2.5252525252525255,9800.110279944733,42.43447751216069
1,Ra-226,88,0.00433,10000,3.0303030303030303,9606.271809219983,41.595156933922524
1,Ra-226,88,0.00433,10000,3.5353535353535355,9582.833155383501,41.49366756281056
1,Ra-226,88,0.00433,10000,4.040404040404041,9962.920222209641,43.13944456216774
1,Ra-226,88,0.00433,10000,4.545454545454546,9773.81335360143,42.32061182109419
1,Ra-226,88,0.00433,10000,5.050505050505051,9757.52510853512,42.25008371995706
1,Ra-226,88,0.00433,10000,5.555555555555556,9972.740216376591,43.181965136910634
1,Ra-226,88,0.00433,10000,6.0606060606060606,9521.46119819163,41.227926988169756
1,Ra-226,88,0.00433,10000,6.565656565656566,9577.670649697859,41.47131391319172
1,Ra-226,88,0.00433,10000,7.070707070707071,9623.822699740025,41.67115228987431
1,Ra-226,88,0.00433,10000,7.575757575757576,9695.552898104037,41.981744048790475
1,Ra-226,88,0.00433,10000,8.080808080808081,9648.007420348355,41.775872130108375
1,Ra-226,88,0.00433,10000,8.585858585858587,9579.774541154724,41.48042376319995
1,Ra-226,88,0.00433,10000,9.090909090909092,9602.160914471579,41.57735675966193
1,Ra-226,88,0.00433,10000,9.595959595959597,9572.421236490323,41.4485839540031
1,Ra-226,88,0.00433,10000,10.101010101010102,9434.29128857909,40.85048127954746
1,Ra-226,88,0.00433,10000,10.606060606060607,9395.842917419894,40.683999832428135
1,Ra-226,88,0.00433,10000,11.111111111111112,9582.603241057963,41.49267203378098
1,Ra-226,88,0.00433,10000,11.616161616161618,9340.017765364488,40.44227692402823
1,Ra-226,88,0.00433,10000,12.121212121212121,9269.051341929946,40.13499231055666
1,Ra-226,88,0.00433,10000,12.626262626262626,9408.823732361043,40.74020676112331
1,Ra-226,88,0.00433,10000,13.131313131313131,9417.486099534854,40.77771481098591
1,Ra-226,88,0.00433,10000,13.636363636363637,9852.105561816748,42.659617082666514
1,Ra-226,88,0.00433,10000,14.141414141414142,9273.478023767191,40.15415984291194
1,Ra-226,88,0.00433,10000,14.646464646464647,9562.559049457717,41.40588068415191
1,Ra-226,88,0.00433,10000,15.151515151515152,9504.94549016846,41.15641397242943
1,Ra-226,88,0.00433,10000,15.656565656565657,9122.3366535304,39.49971770978662
1,Ra-226,88,0.00433,10000,16.161616161616163,9468.324735885784,40.997846106385445
1,Ra-226,88,0.00433,10000,16.666666666666668,9083.467418178889,39.33141392071458
1,Ra-226,88,0.00433,10000,17.171717171717173,8789.709318760639,38.05944135023356
1,Ra-226,88,0.00433,10000,17.67676767676768,9375.483499497426,40.59584355282385
1,Ra-226,88,0.00433,10000,18.181818181818183,8918.328583828868,38.616362767979
1,Ra-226,88,0.00433,10000,18.68686868686869,9305.905655233073,40.2945714871592
1,Ra-226,88,0.00433,10000,19.191919191919194,9076.688545779229,39.30206140322406
1,Ra-226,88,0.00433,10000,19.6969696969697,9487.254830009497,41.07981341394112
1,Ra-226,88,0.00433,10000,20.202020202020204,9358.222727518658,40.521104410155786
1,Ra-226,88,0.00433,10000,20.70707070707071,9059.504238896157,39.22765335442036
1,Ra-226,88,0.00433,10000,21.212121212121215,8996.938519274387,38.95674378845809
1,Ra-226,88,0.00433,10000,21.71717171717172,8881.48287862578,38.456820864449625
1,Ra-226,88,0.00433,10000,22.222222222222225,9002.526907789294,38.98094151072764
1,Ra-226,88,0.00433,10000,22.72727272727273,9011.964770001468,39.02180745410636
1,Ra-226,88,0.00433,10000,23.232323232323235,8977.024968677972,38.87051811437561
1,Ra-226,88,0.00433,10000,23.73737373737374,9051.508607985294,39.19303227257632
1,Ra-226,88,0.00433,10000,24.242424242424242,9107.692630616526,39.43630909056955
1,Ra-226,88,0.00433,10000,24.747474747474747,9046.674921675502,39.17210241085492
1,Ra-226,88,0.00433,10000,25.252525252525253,8827.225861848812,38.22188798180535
1,Ra-226,88,0.00433,10000,25.757575757575758,8687.43223533193,37.61658157898725
1,Ra-226,88,0.00433,10000,26.262626262626263,9168.675232325702,39.70036375597029
1,Ra-226,88,0.00433,10000,26.767676767676768,8782.807503885493,38.02955649182418
1,Ra-226,88,0.00433,10000,27.272727272727273,8770.225047236758,37.97507445453516
1,Ra-226,88,0.00433,10000,27.77777777777778,8774.316028121455,37.9927884017659
1,Ra-226,88,0.00433,10000,28.282828282828284,8521.245397411052,36.896992570789855
1,Ra-226,88,0.00433,10000,28.78787878787879,8743.653410103087,37.86001926574636
1,Ra-226,88,0.00433,10000,29.292929292929294,8724.256787604065,37.7760318903256
1,Ra-226,88,0.00433,10000,29.7979797979798,8898.570699948054,38.53081113077507
1,Ra-226,88,0.00433,10000,30.303030303030305,8892.830990908516,38.505958190633876
1,Ra-226,88,0.00433,10000,30.80808080808081,8751.818593516837,37.8953745099279
1,Ra-226,88,0.00433,10000,31.313131313131315,8894.780656834884,38.51440024409504
1,Ra-226,88,0.00433,10000,31.81818181818182,8772.20898530619,37.9836649063758
1,Ra-226,88,0.00433,10000,32.323232323232325,8691.206832191998,37.63292558339135
1,Ra-226,88,0.00433,10000,32.82828282828283,8702.862749708855,37.68339570623934
1,Ra-226,88,0.00433,10000,33.333333333333336,8622.985768051338,37.33752837566229
1,Ra-226,88,0.00433,10000,33.83838383838384,8568.875875861373,37.103232542479745
1,Ra-226,88,0.00433,10000,34.343434343434346,8572.067601670742,37.11705271523431
1,Ra-226,88,0.00433,10000,34.84848484848485,8405.384830042309,36.395316314083196
1,Ra-226,88,0.00433,10000,35.35353535353536,8628.73099126287,37.362405192168225
1,Ra-226,88,0.00433,10000,35.85858585858586,8391.799957578382,36.33649381631439
1,Ra-226,88,0.00433,10000,36.36363636363637,8686.960203839468,37.61453768262489
1,Ra-226,88,0.00433,10000,36.86868686868687,8481.963940790141,36.72690386362131
1,Ra-226,88,0.00433,10000,37.37373737373738,8514.292484467196,36.86688645774296
1,Ra-226,88,0.00433,10000,37.87878787878788,8571.118357184478,37.11294248660879
1,Ra-226,88,0.00433,10000,38.38383838383839,8577.71271459546,37.14149605419834
1,Ra-226,88,0.00433,10000,38.88888888888889,8184.808242603391,35.44021969047268
1,Ra-226,88,0.00433,10000,39.3939393939394,8396.90072431818,36.35858013629772
1,Ra-226,88,0.00433,10000,39.8989898989899,8561.478495558305,37.07120188576746
1,Ra-226,88,0.00433,10000,40.40404040404041,8109.882416943831,35.11579086536678
1,Ra-226,88,0.00433,10000,40.909090909090914,8441.537798595571,36.55185866791882
1,Ra-226,88,0.00433,10000,41.41414141414142,7981.300650899509,34.55903181839487
1,Ra-226,88,0.00433,10000,41.919191919191924,8169.542059283211,35.3741171166963
1,Ra-226,88,0.00433,10000,42.42424242424243,8328.309013765664,36.06157802960532
1,Ra-226,88,0.00433,10000,42.929292929292934,8028.563145751956,34.763678421105965
1,Ra-226,88,0.00433,10000,43.43434343434344,8122.251013169919,35.169346887025746
1,Ra-226,88,0.00433,10000,43.939393939393945,8024.094780322574,34.74433039879674
1,Ra-226,88,0.00433,10000,44.44444444444445,8521.324004017375,36.897332937395234
1,Ra-226,88,0.00433,10000,44.949494949494955,8258.417247146905,35.758946680146096
1,Ra-226,88,0.00433,10000,45.45454545454546,8306.58717692195,35.96752247607204
1,Ra-226,88,0.00433,10000,45.959595959595966,8158.959055386264,35.32829270982252
1,Ra-226,88,0.00433,10000,46.46464646464647,8119.750585817855,35.158520036591305
1,Ra-226,88,0.00433,10000,46.969696969696976,7895.892437780196,34.18921425558825
1,Ra-226,88,0.00433,10000,47.47474747474748,8094.344345005323,35.048511013873046
1,Ra-226,88,0.00433,10000,47.979797979797986,8000.352140712596,34.64152476928554
1,Ra-226,88,0.00433,10000,48.484848484848484,8245.426090806903,35.702694973193886
1,Ra-226,88,0.00433,10000,48.98989898989899,8273.224535948384,35.8230622406565
1,Ra-226,88,0.00433,10000,49.494949494949495,8307.690036510001,35.972297858088304
1,Ra-226,88,0.00433,10000,50.0,8190.642912138627,35.465483809560254
1,C-14,6,0.000121,10000,0.0,9880.269212615402,1.1955125747264637
1,C-14,6,0.000121,10000,0.5050505050505051,9776.223148693478,1.1829230009919107
1,C-14,6,0.000121,10000,1.0101010101010102,10152.091749284775,1.2284031016634578
1,C-14,6,0.000121,10000,1.5151515151515151,10069.412335333904,1.2183988925754023
1,C-14,6,0.000121,10000,2.0202020202020203,9643.934615474349,1.1669160884723961
1,C-14,6,0.000121,10000,2.5252525252525255,10068.019549197898,1.2182303654529456
1,C-14,6,0.000121,10000,3.0303030303030303,10159.178249466757,1.2292605681854776
1,C-14,6,0.000121,10000,3.5353535353535355,10007.50321456386,1.2109078889622271
1,C-14,6,0.000121,10000,4.040404040404041,9958.119661490675,1.2049324790403717
1,C-14,6,0.000121,10000,4.545454545454546,9833.060631606224,1.189800336424353
1,C-14,6,0.000121,10000,5.050505050505051,9704.76056055453,1.1742760278270983
1,C-14,6,0.000121,10000,5.555555555555556,10153.232067095963,1.2285410801186116
1,C-14,6,0.000121,10000,6.0606060606060606,9930.89178610986,1.201637906119293
1,C-14,6,0.000121,10000,6.565656565656566,9945.402458648467,1.2033936974964645
1,C-14,6,0.000121,10000,7.070707070707071,10337.695979608503,1.250861213532629
1,C-14,6,0.000121,10000,7.575757575757576,10127.612320440543,1.2254410907733058
1,C-14,6,0.000121,10000,8.080808080808081,10064.319519719742,1.2177826618860887
1,C-14,6,0.000121,10000,8.585858585858587,10017.999364771982,1.21217792313741
1,C-14,6,0.000121,10000,9.090909090909092,10292.670804918022,1.2454131673950806
1,C-14,6,0.000121,10000,9.595959595959597,10331.91439355041,1.2501616416195998
1,C-14,6,0.000121,10000,10.101010101010102,10173.459192602295,1.2309885623048777
1,C-14,6,0.000121,10000,10.606060606060607,10103.470474349997,1.2225199273963496
1,C-14,6,0.000121,10000,11.111111111111112,9568.206811975924,1.1577530242490868
1,C-14,6,0.000121,10000,11.616161616161618,10010.663945422983,1.211290337396181
1,C-14,6,0.000121,10000,12.121212121212121,9959.360829526593,1.2050826603727178
1,C-14,6,0.000121,10000,12.626262626262626,10003.495846670277,1.2104229974471035
1,C-14,6,0.000121,10000,13.131313131313131,10172.43350359472,1.2308644539349611
1,C-14,6,0.000121,10000,13.636363636363637,9436.481519576428,1.1418142638687478
1,C-14,6,0.000121,10000,14.141414141414142,9869.23577399682,1.1941775286536152
1,C-14,6,0.000121,10000,14.646464646464647,10036.178761972753,1.214377630198703
1,C-14,6,0.000121,10000,15.151515151515152,9888.485372630403,1.1965067300882788
1,C-14,6,0.000121,10000,15.656565656565657,9698.228607990348,1.173485661566832
1,C-14,6,0.000121,10000,16.161616161616163,10153.916721170914,1.2286239232616805
1,C-14,6,0.000121,10000,16.666666666666668,10035.116476420138,1.2142490936468369
1,C-14,6,0.000121,10000,17.171717171717173,9785.426007941447,1.184036546960915
1,C-14,6,0.000121,10000,17.67676767676768,10041.462882060141,1.215017008729277
1,C-14,6,0.000121,10000,18.181818181818183,10141.980224315785,1.2271796071422099
1,C-14,6,0.000121,10000,18.68686868686869,9978.470571261536,1.207394939122646
1,C-14,6,0.000121,10000,19.191919191919194,10136.546294697031,1.2265221016583407
1,C-14,6,0.000121,10000,19.6969696969697,9991.809820939832,1.2090089883337196
1,C-14,6,0.000121,10000,20.202020202020204,9896.732598327895,1.1975046443976753
1,C-14,6,0.000121,10000,20.70707070707071,9743.671975257144,1.1789843090061145
1,C-14,6,0.000121,10000,21.212121212121215,9957.224145231092,1.204824121572962
1,C-14,6,0.000121,10000,21.71717171717172,10012.513328002227,1.2115141126882696
1,C-14,6,0.000121,10000,22.222222222222225,10147.843410940448,1.2278890527237942
1,C-14,6,0.000121,10000,22.72727272727273,9949.5795063023,1.2038991202625782
1,C-14,6,0.000121,10000,23.232323232323235,10063.154676772081,1.2176417158894217
1,C-14,6,0.000121,10000,23.73737373737374,9778.949904871915,1.1832529384895019
1,C-14,6,0.000121,10000,24.242424242424242,9814.64228537518,1.1875717165303967
1,C-14,6,0.000121,10000,24.747474747474747,9948.088496561471,1.203718708083938
1,C-14,6,0.000121,10000,25.252525252525253,9759.208897765071,1.1808642766295736
1,C-14,6,0.000121,10000,25.757575757575758,10132.420926547456,1.2260229321122422
1,C-14,6,0.000121,10000,26.262626262626263,10060.60484813583,1.2173331866244355
1,C-14,6,0.000121,10000,26.767676767676768,10023.302159845627,1.2128195613413209
1,C-14,6,0.000121,10000,27.272727272727273,10034.61190713588,1.2141880407634416
1,C-14,6,0.000121,10000,27.77777777777778,10369.297713530652,1.2546850233372089
1,C-14,6,0.000121,10000,28.282828282828284,9872.383794465999,1.1945584391303858
1,C-14,6,0.000121,10000,28.78787878787879,9526.47000995884,1.1527028712050198
1,C-14,6,0.000121,10000,29.292929292929294,10004.337304609262,1.2105248138577207
1,C-14,6,0.000121,10000,29.7979797979798,9953.925083426126,1.2044249350945613
1,C-14,6,0.000121,10000,30.303030303030305,9860.27548400676,1.193093333564818
1,C-14,6,0.000121,10000,30.80808080808081,9767.754059243516,1.1818982411684655
1,C-14,6,0.000121,10000,31.313131313131315,9874.677072947094,1.1948359258265984
1,C-14,6,0.000121,10000,31.81818181818182,9997.702341177772,1.2097219832825103
1,C-14,6,0.000121,10000,32.323232323232325,9860.794479346565,1.1931561320009343
1,C-14,6,0.000121,10000,32.82828282828283,10440.93454312092,1.2633530797176313
1,C-14,6,0.000121,10000,33.333333333333336,9768.420266422769,1.181978852237155
1,C-14,6,0.000121,10000,33.83838383838384,9801.16393829464,1.1859408365336515
1,C-14,6,0.000121,10000,34.343434343434346,9502.704811051346,1.1498272821372129
1,C-14,6,0.000121,10000,34.84848484848485,10008.00735423075,1.2109688898619206
1,C-14,6,0.000121,10000,35.35353535353536,9555.753726496354,1.1562462009060588
1,C-14,6,0.000121,10000,35.85858585858586,9849.28129086338,1.191763036194469
1,C-14,6,0.000121,10000,36.36363636363637,9901.204608424743,1.198045757619394
1,C-14,6,0.000121,10000,36.86868686868687,9814.174480169613,1.1875151121005232
1,C-14,6,0.000121,10000,37.37373737373738,10301.085248769157,1.246431315101068
1,C-14,6,0.000121,10000,37.87878787878788,10152.240976904961,1.2284211582055002
1,C-14,6,0.000121,10000,38.38383838383839,10216.268127860876,1.236168443471166
1,C-14,6,0.000121,10000,38.88888888888889,9777.399721893109,1.1830653663490662
1,C-14,6,0.000121,10000,39.3939393939394,10177.092205380184,1.2314281568510024
1,C-14,6,0.000121,10000,39.8989898989899,10050.560999093648,1.2161178808903315
1,C-14,6,0.000121,10000,40.40404040404041,10104.759189666538,1.2226758619496512
1,C-14,6,0.000121,10000,40.909090909090914,10155.493450146045,1.2288147074676714
1,C-14,6,0.000121,10000,41.41414141414142,9769.170090917261,1.1820695810009887
1,C-14,6,0.000121,10000,41.919191919191924,9864.972030393046,1.1936616156775586
1,C-14,6,0.000121,10000,42.42424242424243,10120.434069908817,1.224572522458967
1,C-14,6,0.000121,10000,42.929292929292934,9419.81815503361,1.1397979967590668
1,C-14,6,0.000121,10000,43.43434343434344,10248.661420326876,1.240088031859552
1,C-14,6,0.000121,10000,43.939393939393945,10057.01422775958,1.2168987215589093
1,C-14,6,0.000121,10000,44.44444444444445,9937.274798901431,1.2024102506670733
1,C-14,6,0.000121,10000,44.949494949494955,9989.621069823808,1.2087441494486808
1,C-14,6,0.000121,10000,45.45454545454546,9740.293735388808,1.1785755419820458
1,C-14,6,0.000121,10000,45.959595959595966,9874.94269407191,1.1948680659827011
1,C-14,6,0.000121,10000,46.46464646464647,10162.75865937036,1.2296937977838136
1,C-14,6,0.000121,10000,46.969696969696976,10201.461023406628,1.234376783832202
1,C-14,6,0.000121,10000,47.47474747474748,10478.87626210517,1.2679440277147256
1,C-14,6,0.000121,10000,47.979797979797986,9927.413293989342,1.2012170085727105
1,C-14,6,0.000121,10000,48.484848484848484,9810.564932805544,1.187078356869471
1,C-14,6,0.000121,10000,48.98989898989899,9838.658624695858,1.1904776935881989
1,C-14,6,0.000121,10000,49.494949494949495,9737.897456359917,1.1782855922195499
1,C-14,6,0.000121,10000,50.0,9924.205612654809,1.2008288791312318
1,I-131,53,0.086,10000,0.0,10076.546486002453,866.5829977962109
1,I-131,53,0.086,10000,0.5050505050505051,9568.396813538568,822.8821259643167
1,I-131,53,0.086,10000,1.0101010101010102,9369.000356791994,805.7340306841114
1,I-131,53,0.086,10000,1.5151515151515151,8737.173514669495,751.3969222615766
1,I-131,53,0.086,10000,2.0202020202020203,8346.768428281082,717.822084832173
1,I-131,53,0.086,10000,2.5252525252525255,7954.3575925330315,684.0747529578407
1,I-131,53,0.086,10000,3.0303030303030303,7454.227686907096,641.0635810740101
1,I-131,53,0.086,10000,3.5353535353535355,7146.961002280772,614.6386461961463
1,I-131,53,0.086,10000,4.040404040404041,6898.090632336115,593.2357943809059
1,I-131,53,0.086,10000,4.545454545454546,6940.484509288584,596.8816677988182
1,I-131,53,0.086,10000,5.050505050505051,6592.867969252545,566.9866453557188
1,I-131,53,0.086,10000,5.555555555555556,6372.139491736236,548.0039962893162
1,I-131,53,0.086,10000,6.0606060606060606,5779.789985419542,497.06193874608056
1,I-131,53,0.086,10000,6.565656565656566,5461.754486074496,469.7108858024066
1,I-131,53,0.086,10000,7.070707070707071,5372.080421883939,461.99891628201874
1,I-131,53,0.086,10000,7.575757575757576,5230.883288017865,449.85596276953635
1,I-131,53,0.086,10000,8.080808080808081,5040.775772790787,433.5067164600077
1,I-131,53,0.086,10000,8.585858585858587,4879.018488840672,419.59559004029774
1,I-131,53,0.086,10000,9.090909090909092,4601.748788263299,395.75039579064367
1,I-131,53,0.086,10000,9.595959595959597,4533.944532578642,389.91922980176315
1,I-131,53,0.086,10000,10.101010101010102,4176.343782202103,359.16556526938086
1,I-131,53,0.086,10000,10.606060606060607,3943.3613557515214,339.1290765946308
1,I-131,53,0.086,10000,11.111111111111112,3716.6654203484727,319.6332261499686
1,I-131,53,0.086,10000,11.616161616161618,3617.039284844124,311.06537849659463
1,I-131,53,0.086,10000,12.121212121212121,3543.0627024303917,304.70339240901365
1,I-131,53,0.086,10000,12.626262626262626,3316.109439235416,285.1854117742458
1,I-131,53,0.086,10000,13.131313131313131,3293.1800460341274,283.21348395893494
1,I-131,53,0.086,10000,13.636363636363637,3182.645589123678,273.70752066463626
1,I-131,53,0.086,10000,14.141414141414142,2823.2027266365035,242.79543449073927
1,I-131,53,0.086,10000,14.646464646464647,2886.724765671662,248.25832984776292
1,I-131,53,0.086,10000,15.151515151515152,2595.368586749626,223.2016984604678
1,I-131,53,0.086,10000,15.656565656565657,2622.474555591225,225.53281178084532
1,I-131,53,0.086,10000,16.161616161616163,2552.0278156675195,219.47439214740666
1,I-131,53,0.086,10000,16.666666666666668,2388.2193376544346,205.38686303828138
1,I-131,53,0.086,10000,17.171717171717173,2225.297053815837,191.37554662816197
1,I-131,53,0.086,10000,17.67676767676768,2161.074092121794,185.85237192247425
1,I-131,53,0.086,10000,18.181818181818183,2082.7769612683815,179.11881866908078
1,I-131,53,0.086,10000,18.68686868686869,1997.4329505866394,171.77923375045097
1,I-131,53,0.086,10000,19.191919191919194,1911.7400531218839,164.409644568482
1,I-131,53,0.086,10000,19.6969696969697,1833.9014274330066,157.71552275923855
1,I-131,53,0.086,10000,20.202020202020204,1767.3334190754322,151.99067404048716
1,I-131,53,0.086,10000,20.70707070707071,1644.2898922196487,141.40893073088978
1,I-131,53,0.086,10000,21.212121212121215,1605.5887624357015,138.0806335694703
1,I-131,53,0.086,10000,21.71717171717172,1591.7302793349452,136.8888040228053
1,I-131,53,0.086,10000,22.222222222222225,1467.780403874036,126.22911473316708
1,I-131,53,0.086,10000,22.72727272727273,1403.7163900027351,120.71960954023521
1,I-131,53,0.086,10000,23.232323232323235,1385.3322859278362,119.1385765897939
1,I-131,53,0.086,10000,23.73737373737374,1231.9901714027988,105.95115474064069
1,I-131,53,0.086,10000,24.242424242424242,1272.6347648502392,109.44658977712056
1,I-131,53,0.086,10000,24.747474747474747,1175.3707735544153,101.0818865256797
1,I-131,53,0.086,10000,25.252525252525253,1143.554197979374,98.34566102622617
1,I-131,53,0.086,10000,25.757575757575758,1093.4722152235006,94.03861050922104
1,I-131,53,0.086,10000,26.262626262626263,1064.6787908713704,91.56237601493785
1,I-131,53,0.086,10000,26.767676767676768,995.2101315388935,85.58807131234484
1,I-131,53,0.086,10000,27.272727272727273,945.0449829331864,81.27386853225401
1,I-131,53,0.086,10000,27.77777777777778,941.1261937226827,80.9368526601507
1,I-131,53,0.086,10000,28.282828282828284,836.7951214302792,71.964380443004
1,I-131,53,0.086,10000,28.78787878787879,841.3345635203423,72.35477246274942
1,I-131,53,0.086,10000,29.292929292929294,783.5382640882137,67.38429071158637
1,I-131,53,0.086,10000,29.7979797979798,759.2760786687643,65.29774276551372
1,I-131,53,0.086,10000,30.303030303030305,767.9440894368131,66.04319169156592
1,I-131,53,0.086,10000,30.80808080808081,706.2385825047662,60.73651809540989
1,I-131,53,0.086,10000,31.313131313131315,679.4644282213055,58.43394082703227
1,I-131,53,0.086,10000,31.81818181818182,624.96471457863,53.74696545376218
1,I-131,53,0.086,10000,32.323232323232325,611.4628206508074,52.58580257596943
1,I-131,53,0.086,10000,32.82828282828283,596.4715168799768,51.296550451678
1,I-131,53,0.086,10000,33.333333333333336,572.9186915012027,49.27100746910343
1,I-131,53,0.086,10000,33.83838383838384,551.4226656789632,47.42234924839083
1,I-131,53,0.086,10000,34.343434343434346,521.6399304883784,44.86103402200054
1,I-131,53,0.086,10000,34.84848484848485,504.64519578267027,43.39948683730964
1,I-131,53,0.086,10000,35.35353535353536,482.49522951493014,41.49458973828399
1,I-131,53,0.086,10000,35.85858585858586,441.0775861807571,37.93267241154511
1,I-131,53,0.086,10000,36.36363636363637,438.69634881154735,37.72788599779307
1,I-131,53,0.086,10000,36.86868686868687,426.1854620105786,36.651949732909756
1,I-131,53,0.086,10000,37.37373737373738,406.63968770679037,34.97101314278397
1,I-131,53,0.086,10000,37.87878787878788,382.01536502997016,32.85332139257743
1,I-131,53,0.086,10000,38.38383838383839,362.52249320387057,31.176934415532866
1,I-131,53,0.086,10000,38.88888888888889,344.90732972975877,29.662030356759253
1,I-131,53,0.086,10000,39.3939393939394,336.9171528272744,28.974875143145596
1,I-131,53,0.086,10000,39.8989898989899,330.7741706939038,28.446578679675724
1,I-131,53,0.086,10000,40.40404040404041,297.6071952265446,25.594218789482834
1,I-131,53,0.086,10000,40.909090909090914,292.6194191165512,25.165270044023405
1,I-131,53,0.086,10000,41.41414141414142,277.45654153100423,23.861262571666362
1,I-131,53,0.086,10000,41.919191919191924,276.1286997422952,23.747068177837388
1,I-131,53,0.086,10000,42.42424242424243,257.41959557244724,22.13808521923046
1,I-131,53,0.086,10000,42.929292929292934,246.89517330392255,21.232984904137336
1,I-131,53,0.086,10000,43.43434343434344,237.6118368124862,20.434617965873812
1,I-131,53,0.086,10000,43.939393939393945,230.53920096218863,19.82637128274822
1,I-131,53,0.086,10000,44.44444444444445,217.07423979514215,18.668384622382224
1,I-131,53,0.086,10000,44.949494949494955,196.72880446380512,16.91867718388724
1,I-131,53,0.086,10000,45.45454545454546,202.76690891504035,17.43795416669347
1,I-131,53,0.086,10000,45.959595959595966,193.7478654349922,16.66231642740933
1,I-131,53,0.086,10000,46.46464646464647,183.09044898524598,15.745778612731153
1,I-131,53,0.086,10000,46.969696969696976,172.26383394319836,14.814689719115059
1,I-131,53,0.086,10000,47.47474747474748,169.78332359149013,14.60136582886815
1,I-131,53,0.086,10000,47.979797979797986,162.65539749457008,13.988364184533026
1,I-131,53,0.086,10000,48.484848484848484,153.11637903835043,13.168008597298137
1,I-131,53,0.086,10000,48.98989898989899,147.35800110226126,12.672788094794466
1,I-131,53,0.086,10000,49.494949494949495,139.07263779571232,11.96024685043126
1,I-131,53,0.086,10000,50.0,135.20095079502488,11.62728176837214
1,Cs-137,55,0.023,10000,0.0,9689.914130983303,222.86802501261596
1,Cs-137,55,0.023,10000,0.5050505050505051,9967.0103000705,229.2412369016215
1,Cs-137,55,0.023,10000,1.0101010101010102,9585.818391318682,220.47382300032967
1,Cs-137,55,0.023,10000,1.5151515151515151,9703.507017371292,223.1806613995397
1,Cs-137,55,0.023,10000,2.0202020202020203,9277.557119676527,213.38381375256012
1,Cs-137,55,0.023,10000,2.5252525252525255,9324.384385014539,214.4608408553344
1,Cs-137,55,0.023,10000,3.0303030303030303,9306.1538907667,214.04153948763408
1,Cs-137,55,0.023,10000,3.5353535353535355,8912.848207601848,204.9955087748425
1,Cs-137,55,0.023,10000,4.040404040404041,9133.565186485443,210.07199928916518
1,Cs-137,55,0.023,10000,4.545454545454546,8939.03633117282,205.59783561697486
1,Cs-137,55,0.023,10000,5.050505050505051,8593.05833877743,197.64034179188087
1,Cs-137,55,0.023,10000,5.555555555555556,8571.105761788862,197.13543252114383
1,Cs-137,55,0.023,10000,6.0606060606060606,8804.129799337019,202.49498538475143
1,Cs-137,55,0.023,10000,6.565656565656566,8752.39692873512,201.30512936090773
1,Cs-137,55,0.023,10000,7.070707070707071,8476.665655364433,194.96331007338196
1,Cs-137,55,0.023,10000,7.575757575757576,8468.939670412383,194.7856124194848
1,Cs-137,55,0.023,10000,8.080808080808081,8341.085693897852,191.8449709596506
1,Cs-137,55,0.023,10000,8.585858585858587,8262.119642552834,190.0287517787152
1,Cs-137,55,0.023,10000,9.090909090909092,8321.884046423524,191.40333306774104
1,Cs-137,55,0.023,10000,9.595959595959597,7777.807666333585,178.88957632567246
1,Cs-137,55,0.023,10000,10.101010101010102,8034.143301575964,184.78529593624717
1,Cs-137,55,0.023,10000,10.606060606060607,7775.487711453765,178.8362173634366
1,Cs-137,55,0.023,10000,11.111111111111112,7710.1239977421665,177.33285194806982
1,Cs-137,55,0.023,10000,11.616161616161618,7609.139086726187,175.0101989947023
1,Cs-137,55,0.023,10000,12.121212121212121,7510.229189452412,172.73527135740548
1,Cs-137,55,0.023,10000,12.626262626262626,7296.183539811046,167.81222141565405
1,Cs-137,55,0.023,10000,13.131313131313131,7420.340671268464,170.66783543917467
1,Cs-137,55,0.023,10000,13.636363636363637,7552.067124656225,173.69754386709317
1,Cs-137,55,0.023,10000,14.141414141414142,7215.339722315057,165.9528136132463
1,Cs-137,55,0.023,10000,14.646464646464647,7139.8281318119525,164.21604703167492
1,Cs-137,55,0.023,10000,15.151515151515152,6960.552914788636,160.09271704013864
1,Cs-137,55,0.023,10000,15.656565656565657,6959.668386407147,160.0723728873644
1,Cs-137,55,0.023,10000,16.161616161616163,6959.781330609996,160.07497060402991
1,Cs-137,55,0.023,10000,16.666666666666668,6765.386273818337,155.60388429782174
1,Cs-137,55,0.023,10000,17.171717171717173,6675.993810541522,153.547857642455
1,Cs-137,55,0.023,10000,17.67676767676768,6713.0431757756405,154.39999304283972
1,Cs-137,55,0.023,10000,18.181818181818183,6461.571413080413,148.6161425008495
1,Cs-137,55,0.023,10000,18.68686868686869,6539.262147321595,150.40302938839667
1,Cs-137,55,0.023,10000,19.191919191919194,6536.777167220879,150.34587484608022
1,Cs-137,55,0.023,10000,19.6969696969697,6529.892247492237,150.18752169232147
1,Cs-137,55,0.023,10000,20.202020202020204,6272.2136869228625,144.26091479922584
1,Cs-137,55,0.023,10000,20.70707070707071,6380.8864587422995,146.76038855107288
1,Cs-137,55,0.023,10000,21.212121212121215,6266.283330035391,144.124516590814
1,Cs-137,55,0.023,10000,21.71717171717172,5947.462905875171,136.79164683512892
1,Cs-137,55,0.023,10000,22.222222222222225,5852.176417792394,134.60005760922508
1,Cs-137,55,0.023,10000,22.72727272727273,5892.850703377797,135.53556617768933
1,Cs-137,55,0.023,10000,23.232323232323235,5981.141808768577,137.56626160167727
1,Cs-137,55,0.023,10000,23.73737373737374,5784.481398846686,133.04307217347377
1,Cs-137,55,0.023,10000,24.242424242424242,5657.168167293649,130.11486784775394
1,Cs-137,55,0.023,10000,24.747474747474747,5835.534666864435,134.217297337882
1,Cs-137,55,0.023,10000,25.252525252525253,5626.562581702554,129.41093937915875
1,Cs-137,55,0.023,10000,25.757575757575758,5273.2000795278,121.2836018291394
1,Cs-137,55,0.023,10000,26.262626262626263,5500.658806033022,126.51515253875951
1,Cs-137,55,0.023,10000,26.767676767676768,5459.05459312378,125.55825564184694
1,Cs-137,55,0.023,10000,27.272727272727273,5364.560159889555,123.38488367745975
1,Cs-137,55,0.023,10000,27.77777777777778,5326.264982723556,122.5040946026418
1,Cs-137,55,0.023,10000,28.282828282828284,5210.801195644038,119.84842749981287
1,Cs-137,55,0.023,10000,28.78787878787879,5021.567297209919,115.49604783582814
1,Cs-137,55,0.023,10000,29.292929292929294,5060.200051025308,116.38460117358208
1,Cs-137,55,0.023,10000,29.7979797979798,4943.819035249927,113.70783781074832
1,Cs-137,55,0.023,10000,30.303030303030305,4888.005670619041,112.42413042423793
1,Cs-137,55,0.023,10000,30.80808080808081,4799.027637095477,110.37763565319597
1,Cs-137,55,0.023,10000,31.313131313131315,4910.580440262614,112.94335012604012
1,Cs-137,55,0.023,10000,31.81818181818182,4819.7541466921275,110.85434537391893
1,Cs-137,55,0.023,10000,32.323232323232325,4712.16296193339,108.37974812446797
1,Cs-137,55,0.023,10000,32.82828282828283,4638.832713192459,106.69315240342655
1,Cs-137,55,0.023,10000,33.333333333333336,4643.4139206646,106.79852017528579
1,Cs-137,55,0.023,10000,33.83838383838384,4691.050410044166,107.89415943101581
1,Cs-137,55,0.023,10000,34.343434343434346,4356.967454099327,100.21025144428452
1,Cs-137,55,0.023,10000,34.84848484848485,4520.303812128809,103.96698767896261
1,Cs-137,55,0.023,10000,35.35353535353536,4386.271471651387,100.8842438479819
1,Cs-137,55,0.023,10000,35.85858585858586,4218.2367087397,97.0194443010131
1,Cs-137,55,0.023,10000,36.36363636363637,4164.224269986371,95.77715820968653
1,Cs-137,55,0.023,10000,36.86868686868687,4204.607442750136,96.70597118325313
1,Cs-137,55,0.023,10000,37.37373737373738,4251.916046185304,97.794069062262
1,Cs-137,55,0.023,10000,37.87878787878788,4217.335336498481,96.99871273946508
1,Cs-137,55,0.023,10000,38.38383838383839,4058.439751793578,93.3441142912523
1,Cs-137,55,0.023,10000,38.88888888888889,4171.505346761019,95.94462297550344
1,Cs-137,55,0.023,10000,39.3939393939394,4156.1397708140275,95.59121472872263
1,Cs-137,55,0.023,10000,39.8989898989899,4026.102735209773,92.60036290982478
1,Cs-137,55,0.023,10000,40.40404040404041,3901.626831299516,89.73741711988887
1,Cs-137,55,0.023,10000,40.909090909090914,3990.494867929556,91.7813819623798
1,Cs-137,55,0.023,10000,41.41414141414142,3915.9375080667137,90.06656268553441
1,Cs-137,55,0.023,10000,41.919191919191924,3879.25477146776,89.22285974375848
1,Cs-137,55,0.023,10000,42.42424242424243,3719.581987128809,85.5503857039626
1,Cs-137,55,0.023,10000,42.929292929292934,3514.333487170749,80.82967020492723
1,Cs-137,55,0.023,10000,43.43434343434344,3838.4144200936353,88.2835316621536
1,Cs-137,55,0.023,10000,43.939393939393945,3522.7116741859536,81.02236850627693
1,Cs-137,55,0.023,10000,44.44444444444445,3595.37124666338,82.69353867325775
1,Cs-137,55,0.023,10000,44.949494949494955,3725.729875602661,85.6917871388612
1,Cs-137,55,0.023,10000,45.45454545454546,3538.5616192433795,81.38691724259773
1,Cs-137,55,0.023,10000,45.959595959595966,3540.6890338178587,81.43584777781075
1,Cs-137,55,0.023,10000,46.46464646464647,3331.389891678277,76.62196750860036
1,Cs-137,55,0.023,10000,46.969696969696976,3274.225367814177,75.30718345972606
1,Cs-137,55,0.023,10000,47.47474747474748,3319.966473133042,76.35922888205997
1,Cs-137,55,0.023,10000,47.979797979797986,3389.3229851215146,77.95442865779484
1,Cs-137,55,0.023,10000,48.484848484848484,3255.9513288230874,74.88688056293101
1,Cs-137,55,0.023,10000,48.98989898989899,3189.285932788855,73.35357645414366
1,Cs-137,55,0.023,10000,49.494949494949495,3216.0464120743386,73.96906747770979
1,Cs-137,55,0.023,10000,50.0,3234.8837882417456,74.40232712956015
1,Co-60,27,0.131,10000,0.0,9711.011960185326,1272.1425667842777
1,Co-60,27,0.131,10000,0.5050505050505051,9133.187121115317,1196.4475128661065
1,Co-60,27,0.131,10000,1.0101010101010102,8622.393824070446,1129.5335909532284
1,Co-60,27,0.131,10000,1.5151515151515151,8379.23655072632,1097.679988145148
1,Co-60,27,0.131,10000,2.0202020202020203,7710.816358503893,1010.11694296401
1,Co-60,27,0.131,10000,2.5252525252525255,7489.753700089197,981.1577347116848
1,Co-60,27,0.131,10000,3.0303030303030303,6849.468677765569,897.2803967872895
1,Co-60,27,0.131,10000,3.5353535353535355,6288.6827550848675,823.8174409161177
1,Co-60,27,0.131,10000,4.040404040404041,6039.244580924008,791.1410401010451
1,Co-60,27,0.131,10000,4.545454545454546,5536.439290334787,725.2735470338571
1,Co-60,27,0.131,10000,5.050505050505051,5087.416701275981,666.4515878671535
1,Co-60,27,0.131,10000,5.555555555555556,4895.493895630613,641.3097003276104
1,Co-60,27,0.131,10000,6.0606060606060606,4457.648041417627,583.9518934257092
1,Co-60,27,0.131,10000,6.565656565656566,4206.618882343357,551.0670735869797
1,Co-60,27,0.131,10000,7.070707070707071,4065.4792791633304,532.5777855703963
1,Co-60,27,0.131,10000,7.575757575757576,3699.2613570195217,484.6032377695574
1,Co-60,27,0.131,10000,8.080808080808081,3413.731590712701,447.1988383833638
1,Co-60,27,0.131,10000,8.585858585858587,3217.187316610863,421.4515384760231
1,Co-60,27,0.131,10000,9.090909090909092,3101.561841679047,406.3046012599552
1,Co-60,27,0.131,10000,9.595959595959597,2813.42347023814,368.55847460119634
1,Co-60,27,0.131,10000,10.101010101010102,2642.129613373276,346.11897935189916
1,Co-60,27,0.131,10000,10.606060606060607,2466.8273763433167,323.1543863009745
1,Co-60,27,0.131,10000,11.111111111111112,2341.2882174202855,306.7087564820574
1,Co-60,27,0.131,10000,11.616161616161618,2166.5331255020533,283.81583944076897
1,Co-60,27,0.131,10000,12.121212121212121,1978.1165958422648,259.1332740553367
1,Co-60,27,0.131,10000,12.626262626262626,1878.8159505044352,246.12488951608103
1,Co-60,27,0.131,10000,13.131313131313131,1756.900325806996,230.15394268071648
1,Co-60,27,0.131,10000,13.636363636363637,1717.3522363246457,224.9731429585286
1,Co-60,27,0.131,10000,14.141414141414142,1593.89809430704,208.80065035422226
1,Co-60,27,0.131,10000,14.646464646464647,1485.2379164905237,194.5661670602586
1,Co-60,27,0.131,10000,15.151515151515152,1360.1269181993339,178.17662628411276
1,Co-60,27,0.131,10000,15.656565656565657,1265.066376358642,165.7236953029821
1,Co-60,27,0.131,10000,16.161616161616163,1191.4977839765897,156.08620970093327
1,Co-60,27,0.131,10000,16.666666666666668,1102.9514399142304,144.48663862876418
1,Co-60,27,0.131,10000,17.171717171717173,1107.191889225979,145.04213748860323
1,Co-60,27,0.131,10000,17.67676767676768,942.6903284822293,123.49243303117206
1,Co-60,27,0.131,10000,18.181818181818183,934.245464969985,122.38615591106804
1,Co-60,27,0.131,10000,18.68686868686869,842.4663743104621,110.36309503467055
1,Co-60,27,0.131,10000,19.191919191919194,807.6347445224261,105.80015153243782
1,Co-60,27,0.131,10000,19.6969696969697,742.542020765587,97.27300472029191
1,Co-60,27,0.131,10000,20.202020202020204,692.3152052313397,90.69329188530551
1,Co-60,27,0.131,10000,20.70707070707071,648.4897202970554,84.95215335891426
1,Co-60,27,0.131,10000,21.212121212121215,642.9392662609705,84.22504388018714
1,Co-60,27,0.131,10000,21.71717171717172,579.8257139025228,75.95716852123049
1,Co-60,27,0.131,10000,22.222222222222225,535.819175995464,70.19231205540578
1,Co-60,27,0.131,10000,22.72727272727273,514.9769066443744,67.46197477041305
1,Co-60,27,0.131,10000,23.232323232323235,476.807570529971,62.461791739426204
1,Co-60,27,0.131,10000,23.73737373737374,452.6152300124946,59.292595131636794
1,Co-60,27,0.131,10000,24.242424242424242,402.3874518608673,52.71275619377362
1,Co-60,27,0.131,10000,24.747474747474747,393.26154419212435,51.51726228916829
1,Co-60,27,0.131,10000,25.252525252525253,371.51723843852136,48.6687582354463
1,Co-60,27,0.131,10000,25.757575757575758,331.06053819500613,43.368930503545805
1,Co-60,27,0.131,10000,26.262626262626263,323.39041223779793,42.36414400315153
1,Co-60,27,0.131,10000,26.767676767676768,310.1746827060665,40.632883434494715
1,Co-60,27,0.131,10000,27.272727272727273,280.70825765720747,36.77278175309418
1,Co-60,27,0.131,10000,27.77777777777778,267.1328553436731,34.994404050021174
1,Co-60,27,0.131,10000,28.282828282828284,249.2888187816494,32.65683526039607
1,Co-60,27,0.131,10000,28.78787878787879,226.9834413914051,29.73483082227407
1,Co-60,27,0.131,10000,29.292929292929294,215.67262936098408,28.253114446288915
1,Co-60,27,0.131,10000,29.7979797979798,195.38334914769953,25.59521873834864
1,Co-60,27,0.131,10000,30.303030303030305,187.08748840192146,24.508460980651712
1,Co-60,27,0.131,10000,30.80808080808081,177.643987527651,23.271362366122283
1,Co-60,27,0.131,10000,31.313131313131315,167.78419538778095,21.979729595799306
1,Co-60,27,0.131,10000,31.81818181818182,154.88000800101676,20.289281048133198
1,Co-60,27,0.131,10000,32.323232323232325,146.9796176253929,19.254329908926472
1,Co-60,27,0.131,10000,32.82828282828283,132.6256209604237,17.373956345815508
1,Co-60,27,0.131,10000,33.333333333333336,126.67663882791064,16.594639686456294
1,Co-60,27,0.131,10000,33.83838383838384,118.85420839994308,15.569901300392544
1,Co-60,27,0.131,10000,34.343434343434346,115.31580773881583,15.106370813784874
1,Co-60,27,0.131,10000,34.84848484848485,103.63719846787914,13.576472999292168
1,Co-60,27,0.131,10000,35.35353535353536,96.44730244306686,12.634596620041759
1,Co-60,27,0.131,10000,35.85858585858586,91.22167723612223,11.950039717932013
1,Co-60,27,0.131,10000,36.36363636363637,83.77634480381421,10.974701169299662
1,Co-60,27,0.131,10000,36.86868686868687,80.1892974243122,10.504797962584899
1,Co-60,27,0.131,10000,37.37373737373738,74.22142745323382,9.72300699637363
1,Co-60,27,0.131,10000,37.87878787878788,67.4735106261669,8.839029892027865
1,Co-60,27,0.131,10000,38.38383838383839,65.42373582070334,8.570509392512138
1,Co-60,27,0.131,10000,38.88888888888889,60.917763369963225,7.980227001465183
1,Co-60,27,0.131,10000,39.3939393939394,55.508768110324155,7.271648622452465
1,Co-60,27,0.131,10000,39.8989898989899,53.636462638894926,7.026376605695235
1,Co-60,27,0.131,10000,40.40404040404041,51.767533149173694,6.781546842541754
1,Co-60,27,0.131,10000,40.909090909090914,47.54238177807833,6.228052012928261
1,Co-60,27,0.131,10000,41.41414141414142,44.57851894888381,5.83978598230378
1,Co-60,27,0.131,10000,41.919191919191924,40.114176606427314,5.254957135441979
1,Co-60,27,0.131,10000,42.42424242424243,38.949166877362444,5.10234086093448
1,Co-60,27,0.131,10000,42.929292929292934,36.218411377102115,4.744611890400377
1,Co-60,27,0.131,10000,43.43434343434344,34.156971232226326,4.474563231421649
1,Co-60,27,0.131,10000,43.939393939393945,31.902896830219273,4.179279484758725
1,Co-60,27,0.131,10000,44.44444444444445,28.80491090338502,3.773443328343438
1,Co-60,27,0.131,10000,44.949494949494955,27.691573866338437,3.6275961764903353
1,Co-60,27,0.131,10000,45.45454545454546,25.547039840527596,3.346662219109115
1,Co-60,27,0.131,10000,45.959595959595966,24.255202182461865,3.1774314859025043
1,Co-60,27,0.131,10000,46.46464646464647,22.317266187170343,2.923561870519315
1,Co-60,27,0.131,10000,46.969696969696976,21.82859643442023,2.8595461329090504
1,Co-60,27,0.131,10000,47.47474747474748,19.566515768736128,2.563213565704433
1,Co-60,27,0.131,10000,47.979797979797986,18.29896334516668,2.397164198216835
1,Co-60,27,0.131,10000,48.484848484848484,17.46704280511046,2.28818260746947
1,Co-60,27,0.131,10000,48.98989898989899,15.972782938068212,2.092434564886936
1,Co-60,27,0.131,10000,49.494949494949495,15.149574545762224,1.9845942654948514
1,Co-60,27,0.131,10000,50.0,14.063766919682259,1.842353466478376
1,Sr-90,38,0.024,10000,0.0,10282.234412777922,246.77362590667013
1,Sr-90,38,0.024,10000,0.5050505050505051,10034.786823732176,240.83488376957223
1,Sr-90,38,0.024,10000,1.0101010101010102,9749.272017268095,233.98252841443428
1,Sr-90,38,0.024,10000,1.5151515151515151,9567.446484342303,229.61871562421527
1,Sr-90,38,0.024,10000,2.0202020202020203,9705.994866713965,232.94387680113516
1,Sr-90,38,0.024,10000,2.5252525252525255,9488.214526231075,227.71714862954582
1,Sr-90,38,0.024,10000,3.0303030303030303,9391.167164197715,225.38801194074517
1,Sr-90,38,0.024,10000,3.5353535353535355,9181.702327296412,220.3608558551139
1,Sr-90,38,0.024,10000,4.040404040404041,8769.39313620466,210.46543526891185
1,Sr-90,38,0.024,10000,4.545454545454546,8946.320502650096,214.71169206360233
1,Sr-90,38,0.024,10000,5.050505050505051,8764.119512775998,210.33886830662397
1,Sr-90,38,0.024,10000,5.555555555555556,8864.640223357483,212.7513653605796
1,Sr-90,38,0.024,10000,6.0606060606060606,8821.265605828165,211.71037453987594
1,Sr-90,38,0.024,10000,6.565656565656566,8429.715032713235,202.31316078511765
1,Sr-90,38,0.024,10000,7.070707070707071,8518.261094693982,204.43826627265557
1,Sr-90,38,0.024,10000,7.575757575757576,8626.988016700983,207.0477124008236
1,Sr-90,38,0.024,10000,8.080808080808081,8127.078205938884,195.04987694253322
1,Sr-90,38,0.024,10000,8.585858585858587,8411.581663310717,201.87795991945723
1,Sr-90,38,0.024,10000,9.090909090909092,7902.700237262991,189.6648056943118
1,Sr-90,38,0.024,10000,9.595959595959597,7946.57606625366,190.71782559008784
1,Sr-90,38,0.024,10000,10.101010101010102,7845.482696512717,188.2915847163052
1,Sr-90,38,0.024,10000,10.606060606060607,7754.471075673844,186.10730581617227
1,Sr-90,38,0.024,10000,11.111111111111112,7530.963113501865,180.74311472404477
1,Sr-90,38,0.024,10000,11.616161616161618,7477.534285950564,179.46082286281353
1,Sr-90,38,0.024,10000,12.121212121212121,7376.0010187327725,177.02402444958653
1,Sr-90,38,0.024,10000,12.626262626262626,7434.064541111011,178.41754898666426
1,Sr-90,38,0.024,10000,13.131313131313131,7344.946978561139,176.27872748546733
1,Sr-90,38,0.024,10000,13.636363636363637,7529.802021936769,180.71524852648247
1,Sr-90,38,0.024,10000,14.141414141414142,7317.302470312589,175.61525928750214
1,Sr-90,38,0.024,10000,14.646464646464647,6964.464587898533,167.1471501095648
1,Sr-90,38,0.024,10000,15.151515151515152,6996.605512177186,167.91853229225248
1,Sr-90,38,0.024,10000,15.656565656565657,7004.645926978134,168.11150224747522
1,Sr-90,38,0.024,10000,16.161616161616163,6789.098434862992,162.9383624367118
1,Sr-90,38,0.024,10000,16.666666666666668,6693.864031142285,160.65273674741485
1,Sr-90,38,0.024,10000,17.171717171717173,6629.271031142101,159.10250474741042
1,Sr-90,38,0.024,10000,17.67676767676768,6656.138321816365,159.74731972359277
1,Sr-90,38,0.024,10000,18.181818181818183,6354.158418668351,152.49980204804044
1,Sr-90,38,0.024,10000,18.68686868686869,6344.355693428858,152.2645366422926
1,Sr-90,38,0.024,10000,19.191919191919194,6368.371016582757,152.84090439798618
1,Sr-90,38,0.024,10000,19.6969696969697,6271.825383553079,150.5238092052739
1,Sr-90,38,0.024,10000,20.202020202020204,6187.411469938406,148.49787527852175
1,Sr-90,38,0.024,10000,20.70707070707071,6038.718898233403,144.92925355760167
1,Sr-90,38,0.024,10000,21.212121212121215,6127.324240024595,147.0557817605903
1,Sr-90,38,0.024,10000,21.71717171717172,6191.421879659364,148.59412511182475
1,Sr-90,38,0.024,10000,22.222222222222225,5914.146617683407,141.93951882440177
1,Sr-90,38,0.024,10000,22.72727272727273,5773.390583810978,138.56137401146347
1,Sr-90,38,0.024,10000,23.232323232323235,5812.501626006338,139.5000390241521
1,Sr-90,38,0.024,10000,23.73737373737374,5595.971234765301,134.30330963436722
1,Sr-90,38,0.024,10000,24.242424242424242,5505.015362211716,132.1203686930812
1,Sr-90,38,0.024,10000,24.747474747474747,5525.1017240013,132.6024413760312
1,Sr-90,38,0.024,10000,25.252525252525253,5173.1748170954415,124.1561956102906
1,Sr-90,38,0.024,10000,25.757575757575758,5264.855908387851,126.35654180130842
1,Sr-90,38,0.024,10000,26.262626262626263,5287.251243635402,126.89402984724964
1,Sr-90,38,0.024,10000,26.767676767676768,5117.7761214816455,122.8266269155595
1,Sr-90,38,0.024,10000,27.272727272727273,5089.4538357346355,122.14689205763125
1,Sr-90,38,0.024,10000,27.77777777777778,5089.324375693927,122.14378501665426
1,Sr-90,38,0.024,10000,28.282828282828284,4905.641726616311,117.73540143879146
1,Sr-90,38,0.024,10000,28.78787878787879,4970.504816302988,119.29211559127171
1,Sr-90,38,0.024,10000,29.292929292929294,4897.827167493398,117.54785201984154
1,Sr-90,38,0.024,10000,29.7979797979798,4893.665202872352,117.44796486893645
1,Sr-90,38,0.024,10000,30.303030303030305,4943.796946266949,118.65112671040677
1,Sr-90,38,0.024,10000,30.80808080808081,4790.502461934554,114.9720590864293
1,Sr-90,38,0.024,10000,31.313131313131315,4718.50066403287,113.24401593678888
1,Sr-90,38,0.024,10000,31.81818181818182,4668.95763784647,112.05498330831529
1,Sr-90,38,0.024,10000,32.323232323232325,4624.485226964638,110.98764544715132
1,Sr-90,38,0.024,10000,32.82828282828283,4455.600901701551,106.93442164083723
1,Sr-90,38,0.024,10000,33.333333333333336,4482.9752656151195,107.59140637476287
1,Sr-90,38,0.024,10000,33.83838383838384,4466.56616815336,107.19758803568065
1,Sr-90,38,0.024,10000,34.343434343434346,4265.437094560607,102.37049026945456
1,Sr-90,38,0.024,10000,34.84848484848485,4407.846956463996,105.78832695513591
1,Sr-90,38,0.024,10000,35.35353535353536,4373.209630300809,104.95703112721942
1,Sr-90,38,0.024,10000,35.85858585858586,4175.654480858943,100.21570754061464
1,Sr-90,38,0.024,10000,36.36363636363637,4157.938414637652,99.79052195130366
1,Sr-90,38,0.024,10000,36.86868686868687,4055.2678004971035,97.32642721193048
1,Sr-90,38,0.024,10000,37.37373737373738,4135.077545971644,99.24186110331947
1,Sr-90,38,0.024,10000,37.87878787878788,3943.391977570737,94.64140746169768
1,Sr-90,38,0.024,10000,38.38383838383839,3962.652019103792,95.10364845849101
1,Sr-90,38,0.024,10000,38.88888888888889,3864.8547519430467,92.75651404663313
1,Sr-90,38,0.024,10000,39.3939393939394,3888.988562432673,93.33572549838415
1,Sr-90,38,0.024,10000,39.8989898989899,3700.489353243033,88.81174447783279
1,Sr-90,38,0.024,10000,40.40404040404041,3892.5775931602147,93.42186223584515
1,Sr-90,38,0.024,10000,40.909090909090914,3674.0193774352647,88.17646505844635
1,Sr-90,38,0.024,10000,41.41414141414142,3705.5914284321693,88.93419428237206
1,Sr-90,38,0.024,10000,41.919191919191924,3641.0240232409824,87.38457655778357
1,Sr-90,38,0.024,10000,42.42424242424243,3557.4486863666966,85.37876847280072
1,Sr-90,38,0.024,10000,42.929292929292934,3505.618398466957,84.13484156320696
1,Sr-90,38,0.024,10000,43.43434343434344,3592.0232108035884,86.20855705928612
1,Sr-90,38,0.024,10000,43.939393939393945,3446.8858685359833,82.7252608448636
1,Sr-90,38,0.024,10000,44.44444444444445,3460.202717839708,83.04486522815299
1,Sr-90,38,0.024,10000,44.949494949494955,3345.571086182867,80.29370606838881
1,Sr-90,38,0.024,10000,45.45454545454546,3315.630742429274,79.57513781830258
1,Sr-90,38,0.024,10000,45.959595959595966,3349.98345952079,80.39960302849896
1,Sr-90,38,0.024,10000,46.46464646464647,3339.6657729928206,80.1519785518277
1,Sr-90,38,0.024,10000,46.969696969696976,3227.7970481130105,77.46712915471225
1,Sr-90,38,0.024,10000,47.47474747474748,3109.1225594861908,74.61894142766857
1,Sr-90,38,0.024,10000,47.979797979797986,3287.9075115281153,78.90978027667477
1,Sr-90,38,0.024,10000,48.484848484848484,3069.9746683239923,73.67939203977582
1,Sr-90,38,0.024,10000,48.98989898989899,2990.7089602684814,71.77701504644355
1,Sr-90,38,0.024,10000,49.494949494949495,3206.863694722158,76.96472867333179
1,Sr-90,38,0.024,10000,50.0,2987.603681455319,71.70248835492765
1,Po-210,84,0.005,10000,0.0,9707.653462347718,48.53826731173859
1,Po-210,84,0.005,10000,0.5050505050505051,9838.436115212733,49.19218057606366
1,Po-210,84,0.005,10000,1.0101010101010102,10022.760930737917,50.113804653689584
1,Po-210,84,0.005,10000,1.5151515151515151,9962.303711638293,49.811518558191466
1,Po-210,84,0.005,10000,2.0202020202020203,9730.864502213477,48.654322511067384
1,Po-210,84,0.005,10000,2.5252525252525255,10234.501961043323,51.17250980521661
1,Po-210,84,0.005,10000,3.0303030303030303,9746.87961055608,48.7343980527804
1,Po-210,84,0.005,10000,3.5353535353535355,9591.99966595962,47.959998329798104
1,Po-210,84,0.005,10000,4.040404040404041,9988.302769213575,49.94151384606788
1,Po-210,84,0.005,10000,4.545454545454546,10035.129969887566,50.17564984943783
1,Po-210,84,0.005,10000,5.050505050505051,9591.21496624113,47.956074831205655
1,Po-210,84,0.005,10000,5.555555555555556,9453.453440922502,47.26726720461251
1,Po-210,84,0.005,10000,6.0606060606060606,9901.451283886261,49.50725641943131
1,Po-210,84,0.005,10000,6.565656565656566,9280.806224945634,46.40403112472817
1,Po-210,84,0.005,10000,7.070707070707071,9415.83823877345,47.079191193867246
1,Po-210,84,0.005,10000,7.575757575757576,9814.59357017427,49.07296785087135
1,Po-210,84,0.005,10000,8.080808080808081,9593.381066088441,47.96690533044221
1,Po-210,84,0.005,10000,8.585858585858587,9529.221941723656,47.646109708618276
1,Po-210,84,0.005,10000,9.090909090909092,9623.05806423237,48.11529032116185
1,Po-210,84,0.005,10000,9.595959595959597,9502.406943676551,47.51203471838276
1,Po-210,84,0.005,10000,10.101010101010102,9260.546215527502,46.30273107763751
1,Po-210,84,0.005,10000,10.606060606060607,9725.546277348765,48.627731386743825
1,Po-210,84,0.005,10000,11.111111111111112,9710.276607020216,48.55138303510108
1,Po-210,84,0.005,10000,11.616161616161618,9474.486240986662,47.372431204933314
1,Po-210,84,0.005,10000,12.121212121212121,9420.435373611946,47.102176868059736
1,Po-210,84,0.005,10000,12.626262626262626,9827.499260956973,49.13749630478486
1,Po-210,84,0.005,10000,13.131313131313131,9312.750948655814,46.56375474327907
1,Po-210,84,0.005,10000,13.636363636363637,9292.412549819115,46.46206274909558
1,Po-210,84,0.005,10000,14.141414141414142,9385.267817329921,46.926339086649605
1,Po-210,84,0.005,10000,14.646464646464647,9567.333750475284,47.83666875237642
1,Po-210,84,0.005,10000,15.151515151515152,9565.721897119864,47.828609485599316
1,Po-210,84,0.005,10000,15.656565656565657,9199.208004071003,45.99604002035501
1,Po-210,84,0.005,10000,16.161616161616163,9280.586092104337,46.40293046052169
1,Po-210,84,0.005,10000,16.666666666666668,8946.86454694017,44.734322734700854
1,Po-210,84,0.005,10000,17.171717171717173,9119.978419552759,45.5998920977638
1,Po-210,84,0.005,10000,17.67676767676768,9000.252447929235,45.001262239646174
1,Po-210,84,0.005,10000,18.181818181818183,8947.13940398264,44.7356970199132
1,Po-210,84,0.005,10000,18.68686868686869,9414.293433090514,47.07146716545257
1,Po-210,84,0.005,10000,19.191919191919194,8941.048623346505,44.705243116732525
1,Po-210,84,0.005,10000,19.6969696969697,8965.744972932733,44.82872486466366
1,Po-210,84,0.005,10000,20.202020202020204,9105.378915757585,45.526894578787925
1,Po-210,84,0.005,10000,20.70707070707071,9250.476769567746,46.25238384783873
1,Po-210,84,0.005,10000,21.212121212121215,9080.24150706277,45.40120753531385
1,Po-210,84,0.005,10000,21.71717171717172,9466.103201364716,47.33051600682358
1,Po-210,84,0.005,10000,22.222222222222225,8935.029999614464,44.67514999807232
1,Po-210,84,0.005,10000,22.72727272727273,8972.009875173273,44.86004937586637
1,Po-210,84,0.005,10000,23.232323232323235,8952.388379745349,44.76194189872675
1,Po-210,84,0.005,10000,23.73737373737374,9135.747856517399,45.678739282586996
1,Po-210,84,0.005,10000,24.242424242424242,8948.327451794441,44.741637258972204
1,Po-210,84,0.005,10000,24.747474747474747,8815.578312375945,44.077891561879724
1,Po-210,84,0.005,10000,25.252525252525253,8646.813286868926,43.23406643434463
1,Po-210,84,0.005,10000,25.757575757575758,8834.58534643192,44.1729267321596
1,Po-210,84,0.005,10000,26.262626262626263,9015.211275755202,45.07605637877601
1,Po-210,84,0.005,10000,26.767676767676768,8675.51946900925,43.377597345046254
1,Po-210,84,0.005,10000,27.272727272727273,8817.556265808307,44.08778132904154
1,Po-210,84,0.005,10000,27.77777777777778,8746.092959674232,43.73046479837116
1,Po-210,84,0.005,10000,28.282828282828284,8831.226501653555,44.156132508267774
1,Po-210,84,0.005,10000,28.78787878787879,8520.028549466935,42.60014274733468
1,Po-210,84,0.005,10000,29.292929292929294,9042.94890290471,45.21474451452355
1,Po-210,84,0.005,10000,29.7979797979798,8395.358809606329,41.97679404803164
1,Po-210,84,0.005,10000,30.303030303030305,8531.217332157676,42.65608666078838
1,Po-210,84,0.005,10000,30.80808080808081,8733.20744380723,43.666037219036156
1,Po-210,84,0.005,10000,31.313131313131315,8601.49959119597,43.00749795597985
1,Po-210,84,0.005,10000,31.81818181818182,8670.770336350033,43.353851681750164
1,Po-210,84,0.005,10000,32.323232323232325,8423.26342349564,42.116317117478204
1,Po-210,84,0.005,10000,32.82828282828283,8473.523831524728,42.36761915762364
1,Po-210,84,0.005,10000,33.333333333333336,8466.888079028025,42.33444039514013
1,Po-210,84,0.005,10000,33.83838383838384,8708.468294512684,43.54234147256342
1,Po-210,84,0.005,10000,34.343434343434346,8538.471683313655,42.692358416568275
1,Po-210,84,0.005,10000,34.84848484848485,8534.787906500862,42.67393953250431
1,Po-210,84,0.005,10000,35.35353535353536,8269.479378249709,41.34739689124854
1,Po-210,84,0.005,10000,35.85858585858586,8520.580398763135,42.60290199381568
1,Po-210,84,0.005,10000,36.36363636363637,8375.145054804754,41.87572527402377
1,Po-210,84,0.005,10000,36.86868686868687,8547.55795414113,42.73778977070565
1,Po-210,84,0.005,10000,37.37373737373738,8629.680395851028,43.14840197925514
1,Po-210,84,0.005,10000,37.87878787878788,8223.837421190341,41.1191871059517
1,Po-210,84,0.005,10000,38.38383838383839,8186.665254046505,40.93332627023253
1,Po-210,84,0.005,10000,38.88888888888889,8090.6469031100605,40.45323451555031
1,Po-210,84,0.005,10000,39.3939393939394,8188.573237918499,40.9428661895925
1,Po-210,84,0.005,10000,39.8989898989899,8128.856780735918,40.644283903679586
1,Po-210,84,0.005,10000,40.40404040404041,8229.532868846238,41.14766434423119
1,Po-210,84,0.005,10000,40.909090909090914,8126.612045389938,40.633060226949695
1,Po-210,84,0.005,10000,41.41414141414142,8070.828350929982,40.35414175464991
1,Po-210,84,0.005,10000,41.919191919191924,8281.775143541627,41.408875717708135
1,Po-210,84,0.005,10000,42.42424242424243,7936.94246421493,39.68471232107465
1,Po-210,84,0.005,10000,42.929292929292934,8138.154921184985,40.69077460592493
1,Po-210,84,0.005,10000,43.43434343434344,7982.577897252373,39.91288948626187
1,Po-210,84,0.005,10000,43.939393939393945,8143.919328449206,40.71959664224603
1,Po-210,84,0.005,10000,44.44444444444445,8229.220175824656,41.14610087912328
1,Po-210,84,0.005,10000,44.949494949494955,7938.760897844755,39.69380448922378
1,Po-210,84,0.005,10000,45.45454545454546,8037.3091884469595,40.1865459422348
1,Po-210,84,0.005,10000,45.959595959595966,7975.358433763037,39.876792168815186
1,Po-210,84,0.005,10000,46.46464646464647,7800.159783257187,39.00079891628594
1,Po-210,84,0.005,10000,46.969696969696976,7944.984107798304,39.72492053899152
1,Po-210,84,0.005,10000,47.47474747474748,7932.570340062414,39.662851700312075
1,Po-210,84,0.005,10000,47.979797979797986,7932.034923927214,39.66017461963607
1,Po-210,84,0.005,10000,48.484848484848484,7816.094297335686,39.080471486678434
1,Po-210,84,0.005,10000,48.98989898989899,7842.186390620849,39.21093195310424
1,Po-210,84,0.005,10000,49.494949494949495,7628.495344730039,38.14247672365019
1,Po-210,84,0.005,10000,50.0,7732.227926231528,38.66113963115764
1,Rn-222,86,0.181,10000,0.0,10111.19253594196,1830.1258490054947
1,Rn-222,86,0.181,10000,0.5050505050505051,9289.298122333463,1681.3629601423568
1,Rn-222,86,0.181,10000,1.0101010101010102,8258.761539343684,1494.835838621207
1,Rn-222,86,0.181,10000,1.5151515151515151,7617.397374029308,1378.7489246993046
1,Rn-222,86,0.181,10000,2.0202020202020203,6969.052136959454,1261.3984367896612
1,Rn-222,86,0.181,10000,2.5252525252525255,6356.86853741755,1150.5932052725766
1,Rn-222,86,0.181,10000,3.0303030303030303,5840.740853795376,1057.1740945369631
1,Rn-222,86,0.181,10000,3.5353535353535355,5081.705805959018,919.7887508785823
1,Rn-222,86,0.181,10000,4.040404040404041,4808.0182519336695,870.2513035999941
1,Rn-222,86,0.181,10000,4.545454545454546,4413.319384259976,798.8108085510556
1,Rn-222,86,0.181,10000,5.050505050505051,3928.4079015741154,711.0418301849148
1,Rn-222,86,0.181,10000,5.555555555555556,3780.8959640606517,684.342169494978
1,Rn-222,86,0.181,10000,6.0606060606060606,3349.601462385084,606.2778646917002
1,Rn-222,86,0.181,10000,6.565656565656566,3142.4113771277803,568.7764592601283
1,Rn-222,86,0.181,10000,7.070707070707071,2736.9668939024486,495.3910077963432
1,Rn-222,86,0.181,10000,7.575757575757576,2491.936979435508,451.04059327782693
1,Rn-222,86,0.181,10000,8.080808080808081,2326.660195847029,421.1254954483123
1,Rn-222,86,0.181,10000,8.585858585858587,2042.949059976968,369.7737798558312
1,Rn-222,86,0.181,10000,9.090909090909092,1937.5429383241333,350.6952718366681
1,Rn-222,86,0.181,10000,9.595959595959597,1764.1322084841029,319.3079297356226
1,Rn-222,86,0.181,10000,10.101010101010102,1639.5339214801697,296.7556397879107
1,Rn-222,86,0.181,10000,10.606060606060607,1487.0756903015379,269.16069994457837
1,Rn-222,86,0.181,10000,11.111111111111112,1327.2237866512403,240.22750538387447
1,Rn-222,86,0.181,10000,11.616161616161618,1194.664536482991,216.23428110342138
1,Rn-222,86,0.181,10000,12.121212121212121,1152.9437552091688,208.68281969285954
1,Rn-222,86,0.181,10000,12.626262626262626,1001.263223875398,181.22864352144703
1,Rn-222,86,0.181,10000,13.131313131313131,909.086712977388,164.54469504890722
1,Rn-222,86,0.181,10000,13.636363636363637,829.0020176248297,150.04936519009416
1,Rn-222,86,0.181,10000,14.141414141414142,790.6413904556663,143.1060916724756
1,Rn-222,86,0.181,10000,14.646464646464647,698.4740590238006,126.4238046833079
1,Rn-222,86,0.181,10000,15.151515151515152,634.4301987962151,114.83186598211493
1,Rn-222,86,0.181,10000,15.656565656565657,589.486606669414,106.69707580716393
1,Rn-222,86,0.181,10000,16.161616161616163,534.2908553301,96.7066448147481
1,Rn-222,86,0.181,10000,16.666666666666668,483.00113009608657,87.42320454739166
1,Rn-222,86,0.181,10000,17.171717171717173,453.6050215968435,82.10250890902867
1,Rn-222,86,0.181,10000,17.67676767676768,416.51727040664525,75.3896259436028
1,Rn-222,86,0.181,10000,18.181818181818183,379.5346795723261,68.69577700259103
1,Rn-222,86,0.181,10000,18.68686868686869,344.8946779397288,62.42593670709091
1,Rn-222,86,0.181,10000,19.191919191919194,312.5058723133984,56.56356288872511
1,Rn-222,86,0.181,10000,19.6969696969697,272.87805115894236,49.39092725976857
1,Rn-222,86,0.181,10000,20.202020202020204,266.8307474163777,48.296365282364356
1,Rn-222,86,0.181,10000,20.70707070707071,237.07633830347967,42.91081723292982
1,Rn-222,86,0.181,10000,21.212121212121215,217.68219644657694,39.400477556830424
1,Rn-222,86,0.181,10000,21.71717171717172,200.65490557767072,36.3185379095584
1,Rn-222,86,0.181,10000,22.222222222222225,184.26629886120608,33.3522000938783
1,Rn-222,86,0.181,10000,22.72727272727273,164.85019481445894,29.837885261417068
1,Rn-222,86,0.181,10000,23.232323232323235,150.49999770195643,27.240499584054113
1,Rn-222,86,0.181,10000,23.73737373737374,134.53425451690273,24.350700067559394
1,Rn-222,86,0.181,10000,24.242424242424242,124.35285883699936,22.507867449496885
1,Rn-222,86,0.181,10000,24.747474747474747,111.47681318209537,20.17730318595926
1,Rn-222,86,0.181,10000,25.252525252525253,102.01601612586835,18.464898918782172
1,Rn-222,86,0.181,10000,25.757575757575758,92.77582025413885,16.792423465999132
1,Rn-222,86,0.181,10000,26.262626262626263,85.94260259746179,15.555611070140582
1,Rn-222,86,0.181,10000,26.767676767676768,80.33100434428346,14.539911786315304
1,Rn-222,86,0.181,10000,27.272727272727273,76.36056444142284,13.821262163897533
1,Rn-222,86,0.181,10000,27.77777777777778,65.78194594991406,11.906532216934444
1,Rn-222,86,0.181,10000,28.282828282828284,58.19560721089855,10.533404905172638
1,Rn-222,86,0.181,10000,28.78787878787879,55.96459389407136,10.129591494826917
1,Rn-222,86,0.181,10000,29.292929292929294,49.51552839571847,8.962310639625043
1,Rn-222,86,0.181,10000,29.7979797979798,44.86265894666364,8.120141269346119
1,Rn-222,86,0.181,10000,30.303030303030305,41.6657768952052,7.541505618032141
1,Rn-222,86,0.181,10000,30.80808080808081,36.927341367660894,6.683848787546622
1,Rn-222,86,0.181,10000,31.313131313131315,34.71260921389939,6.28298226771579
1,Rn-222,86,0.181,10000,31.81818181818182,31.484028595400098,5.698609175767418
1,Rn-222,86,0.181,10000,32.323232323232325,28.84108538738992,5.2202364551175755
1,Rn-222,86,0.181,10000,32.82828282828283,26.470226064200297,4.791110917620253
1,Rn-222,86,0.181,10000,33.333333333333336,24.007252532823255,4.345312708441009
1,Rn-222,86,0.181,10000,33.83838383838384,21.887585534854196,3.9616529818086095
1,Rn-222,86,0.181,10000,34.343434343434346,20.08250303659493,3.634933049623682
1,Rn-222,86,0.181,10000,34.84848484848485,18.37586842768632,3.326032185411224
1,Rn-222,86,0.181,10000,35.35353535353536,16.28924477032405,2.948353303428653
1,Rn-222,86,0.181,10000,35.85858585858586,14.745228847241766,2.6688864213507597
1,Rn-222,86,0.181,10000,36.36363636363637,13.836204463895726,2.5043530079651264
1,Rn-222,86,0.181,10000,36.86868686868687,12.280771881219303,2.2228197105006937
1,Rn-222,86,0.181,10000,37.37373737373738,11.558753239603694,2.0921343363682685
1,Rn-222,86,0.181,10000,37.87878787878788,10.728251936634013,1.9418136005307562
1,Rn-222,86,0.181,10000,38.38383838383839,9.72728411502868,1.7606384248201912
1,Rn-222,86,0.181,10000,38.88888888888889,8.587135598581739,1.5542715433432948
1,Rn-222,86,0.181,10000,39.3939393939394,7.867043796293022,1.423934927129037
1,Rn-222,86,0.181,10000,39.8989898989899,7.353436564204164,1.3309720181209537
1,Rn-222,86,0.181,10000,40.40404040404041,6.613749379253298,1.197088637644847
1,Rn-222,86,0.181,10000,40.909090909090914,6.04627072165491,1.0943750006195387
1,Rn-222,86,0.181,10000,41.41414141414142,5.619530998947504,1.0171351108094984
1,Rn-222,86,0.181,10000,41.919191919191924,4.968029829137062,0.8992133990738082
1,Rn-222,86,0.181,10000,42.42424242424243,4.588235042695368,0.8304705427278616
1,Rn-222,86,0.181,10000,42.929292929292934,4.15373235828456,0.7518255568495054
1,Rn-222,86,0.181,10000,43.43434343434344,3.7721341227690415,0.6827562762211965
1,Rn-222,86,0.181,10000,43.939393939393945,3.4556821898682104,0.6254784763661461
1,Rn-222,86,0.181,10000,44.44444444444445,3.252273208847995,0.5886614508014871
1,Rn-222,86,0.181,10000,44.949494949494955,2.931510025117903,0.5306033145463405
1,Rn-222,86,0.181,10000,45.45454545454546,2.6256487572925056,0.4752424250699435
1,Rn-222,86,0.181,10000,45.959595959595966,2.4278856033991434,0.4394472942152449
1,Rn-222,86,0.181,10000,46.46464646464647,2.153111584925249,0.3897131968714701
1,Rn-222,86,0.181,10000,46.969696969696976,2.0018071578520784,0.36232709557122617
1,Rn-222,86,0.181,10000,47.47474747474748,1.9338331020608177,0.350023791473008
1,Rn-222,86,0.181,10000,47.979797979797986,1.6890908572343466,0.30572544515941674
1,Rn-222,86,0.181,10000,48.484848484848484,1.5669169191808476,0.2836119623717334
1,Rn-222,86,0.181,10000,48.98989898989899,1.4075604502909993,0.25476844150267086
1,Rn-222,86,0.181,10000,49.494949494949495,1.2952370980571777,0.23443791474834916
1,Rn-222,86,0.181,10000,50.0,1.1894824801696682,0.21529632891070993
1,Pu-239,94,0.0029,10000,0.0,9779.076680494705,28.359322373434644
1,Pu-239,94,0.0029,10000,0.5050505050505051,9979.186060113214,28.939639574328318
1,Pu-239,94,0.0029,10000,1.0101010101010102,10285.599333247692,29.828238066418304
1,Pu-239,94,0.0029,10000,1.5151515151515151,9797.754430973284,28.41348784982252
1,Pu-239,94,0.0029,10000,2.0202020202020203,9828.959218060056,28.50398173237416
1,Pu-239,94,0.0029,10000,2.5252525252525255,9865.945929399868,28.611243195259615
1,Pu-239,94,0.0029,10000,3.0303030303030303,9965.840273530712,28.90093679323906
1,Pu-239,94,0.0029,10000,3.5353535353535355,10001.911252121117,29.00554263115124
1,Pu-239,94,0.0029,10000,4.040404040404041,10134.041637867327,29.388720749815246
1,Pu-239,94,0.0029,10000,4.545454545454546,9967.638243921523,28.906150907372414
1,Pu-239,94,0.0029,10000,5.050505050505051,9842.372552654888,28.542880402699172
1,Pu-239,94,0.0029,10000,5.555555555555556,10087.98840523155,29.255166375171495
1,Pu-239,94,0.0029,10000,6.0606060606060606,9964.146722469426,28.896025495161332
1,Pu-239,94,0.0029,10000,6.565656565656566,9517.903078142363,27.60191892661285
1,Pu-239,94,0.0029,10000,7.070707070707071,10292.055971648011,29.84696231777923
1,Pu-239,94,0.0029,10000,7.575757575757576,10128.99094794354,29.37407374903626
1,Pu-239,94,0.0029,10000,8.080808080808081,9735.517471353493,28.233000666925125
1,Pu-239,94,0.0029,10000,8.585858585858587,9827.807671610106,28.500642247669305
1,Pu-239,94,0.0029,10000,9.090909090909092,9997.788515806524,28.993586695838918
1,Pu-239,94,0.0029,10000,9.595959595959597,9692.058608504703,28.106969964663637
1,Pu-239,94,0.0029,10000,10.101010101010102,9853.173089665057,28.574201960028663
1,Pu-239,94,0.0029,10000,10.606060606060607,9911.330556077857,28.742858612625785
1,Pu-239,94,0.0029,10000,11.111111111111112,9486.384386862546,27.510514721901384
1,Pu-239,94,0.0029,10000,11.616161616161618,9552.266330616012,27.701572358786432
1,Pu-239,94,0.0029,10000,12.121212121212121,9832.507663722085,28.514272224794045
1,Pu-239,94,0.0029,10000,12.626262626262626,9729.310302496026,28.214999877238473
1,Pu-239,94,0.0029,10000,13.131313131313131,9804.207298398038,28.432201165354307
1,Pu-239,94,0.0029,10000,13.636363636363637,9586.777037540161,27.801653408866468
1,Pu-239,94,0.0029,10000,14.141414141414142,9542.715783886522,27.67387577327091
1,Pu-239,94,0.0029,10000,14.646464646464647,9201.04159832852,26.683020635152708
1,Pu-239,94,0.0029,10000,15.151515151515152,9350.772342350552,27.117239792816598
1,Pu-239,94,0.0029,10000,15.656565656565657,9565.108360828182,27.738814246401727
1,Pu-239,94,0.0029,10000,16.161616161616163,9699.48749271305,28.12851372886784
1,Pu-239,94,0.0029,10000,16.666666666666668,9629.384350588238,27.925214616705887
1,Pu-239,94,0.0029,10000,17.171717171717173,9489.813677616317,27.52045966508732
1,Pu-239,94,0.0029,10000,17.67676767676768,9448.653170399219,27.401094194157732
1,Pu-239,94,0.0029,10000,18.181818181818183,9527.591969239165,27.630016710793576
1,Pu-239,94,0.0029,10000,18.68686868686869,9487.320048297364,27.513228140062356
1,Pu-239,94,0.0029,10000,19.191919191919194,9724.34100866307,28.2005889251229
1,Pu-239,94,0.0029,10000,19.6969696969697,9472.457864026608,27.470127805677162
1,Pu-239,94,0.0029,10000,20.202020202020204,9151.580836430505,26.539584425648464
1,Pu-239,94,0.0029,10000,20.70707070707071,9177.491790751588,26.614726193179603
1,Pu-239,94,0.0029,10000,21.212121212121215,9689.016616276664,28.098148187202323
1,Pu-239,94,0.0029,10000,21.71717171717172,9169.689286884128,26.592098931963967
1,Pu-239,94,0.0029,10000,22.222222222222225,9519.238768824913,27.605792429592245
1,Pu-239,94,0.0029,10000,22.72727272727273,9311.908741483936,27.004535350303414
1,Pu-239,94,0.0029,10000,23.232323232323235,9316.717928549453,27.01848199279341
1,Pu-239,94,0.0029,10000,23.73737373737374,9309.73334160662,26.998226690659195
1,Pu-239,94,0.0029,10000,24.242424242424242,9548.806540439964,27.691538967275893
1,Pu-239,94,0.0029,10000,24.747474747474747,9271.573653986123,26.887563596559755
1,Pu-239,94,0.0029,10000,25.252525252525253,9287.655584828246,26.93420119600191
1,Pu-239,94,0.0029,10000,25.757575757575758,8996.121953131447,26.088753664081196
1,Pu-239,94,0.0029,10000,26.262626262626263,9304.970933577733,26.984415707375426
1,Pu-239,94,0.0029,10000,26.767676767676768,9351.377657332207,27.118995206263396
1,Pu-239,94,0.0029,10000,27.272727272727273,9283.751241557242,26.922878600516
1,Pu-239,94,0.0029,10000,27.77777777777778,9483.977301572277,27.5035341745596
1,Pu-239,94,0.0029,10000,28.282828282828284,9222.698832349817,26.74582661381447
1,Pu-239,94,0.0029,10000,28.78787878787879,9254.056418026088,26.836763612275654
1,Pu-239,94,0.0029,10000,29.292929292929294,9488.436282730367,27.51646521991806
1,Pu-239,94,0.0029,10000,29.7979797979798,8887.803926529205,25.77463138693469
1,Pu-239,94,0.0029,10000,30.303030303030305,9075.223323610478,26.318147638470386
1,Pu-239,94,0.0029,10000,30.80808080808081,9406.167784208334,27.277886574204164
1,Pu-239,94,0.0029,10000,31.313131313131315,9302.90284169211,26.978418240907118
1,Pu-239,94,0.0029,10000,31.81818181818182,9242.281325818938,26.802615844874918
1,Pu-239,94,0.0029,10000,32.323232323232325,9256.847917594,26.844858961022595
1,Pu-239,94,0.0029,10000,32.82828282828283,9151.36542890428,26.538959743822414
1,Pu-239,94,0.0029,10000,33.333333333333336,9374.837695454462,27.187029316817938
1,Pu-239,94,0.0029,10000,33.83838383838384,9133.788559835497,26.487986823522938
1,Pu-239,94,0.0029,10000,34.343434343434346,9095.456516528962,26.37682389793399
1,Pu-239,94,0.0029,10000,34.84848484848485,9067.51836491899,26.295803258265067
1,Pu-239,94,0.0029,10000,35.35353535353536,9060.36765590829,26.27506620213404
1,Pu-239,94,0.0029,10000,35.85858585858586,8803.795252382743,25.531006231909952
1,Pu-239,94,0.0029,10000,36.36363636363637,9137.861878110618,26.49979944652079
1,Pu-239,94,0.0029,10000,36.86868686868687,8962.540256402208,25.991366743566402
1,Pu-239,94,0.0029,10000,37.37373737373738,9299.785918380698,26.969379163304023
1,Pu-239,94,0.0029,10000,37.87878787878788,8946.142671664382,25.943813747826706
1,Pu-239,94,0.0029,10000,38.38383838383839,9021.90122369112,26.16351354870425
1,Pu-239,94,0.0029,10000,38.88888888888889,8977.551972147065,26.034900719226485
1,Pu-239,94,0.0029,10000,39.3939393939394,8808.812182051583,25.545555327949586
1,Pu-239,94,0.0029,10000,39.8989898989899,9084.107497239573,26.34391174199476
1,Pu-239,94,0.0029,10000,40.40404040404041,9233.209576198418,26.77630777097541
1,Pu-239,94,0.0029,10000,40.909090909090914,8878.68216618962,25.748178281949894
1,Pu-239,94,0.0029,10000,41.41414141414142,8815.01376162249,25.563539908705216
1,Pu-239,94,0.0029,10000,41.919191919191924,8792.451178808085,25.498108418543445
1,Pu-239,94,0.0029,10000,42.42424242424243,8507.709440589915,24.672357377710753
1,Pu-239,94,0.0029,10000,42.929292929292934,8798.02744244386,25.51427958308719
1,Pu-239,94,0.0029,10000,43.43434343434344,8860.76320435376,25.696213292625902
1,Pu-239,94,0.0029,10000,43.939393939393945,8989.314432583249,26.06901185449142
1,Pu-239,94,0.0029,10000,44.44444444444445,8959.506494904266,25.98256883522237
1,Pu-239,94,0.0029,10000,44.949494949494955,8704.731146693885,25.243720325412262
1,Pu-239,94,0.0029,10000,45.45454545454546,8716.476352870615,25.277781423324782
1,Pu-239,94,0.0029,10000,45.959595959595966,8948.907531364159,25.951831840956057
1,Pu-239,94,0.0029,10000,46.46464646464647,8709.046459981475,25.256234733946275
1,Pu-239,94,0.0029,10000,46.969696969696976,8637.558815876955,25.04892056604317
1,Pu-239,94,0.0029,10000,47.47474747474748,8956.485675205064,25.973808458094684
1,Pu-239,94,0.0029,10000,47.979797979797986,8881.611436194456,25.75667316496392
1,Pu-239,94,0.0029,10000,48.484848484848484,8691.580492662037,25.205583428719905
1,Pu-239,94,0.0029,10000,48.98989898989899,8572.571614939128,24.86045768332347
1,Pu-239,94,0.0029,10000,49.494949494949495,8314.327302202433,24.111549176387054
1,Pu-239,94,0.0029,10000,50.0,8752.244284137398,25.38150842399845
1,Am-241,95,0.0016,10000,0.0,9820.726055489564,15.713161688783304
1,Am-241,95,0.0016,10000,0.5050505050505051,9599.693135267502,15.359509016428003
1,Am-241,95,0.0016,10000,1.0101010101010102,10300.303690675064,16.480485905080105
1,Am-241,95,0.0016,10000,1.5151515151515151,10105.066709283614,16.168106734853783
1,Am-241,95,0.0016,10000,2.0202020202020203,9740.662452165288,15.585059923464462
1,Am-241,95,0.0016,10000,2.5252525252525255,9717.776552131727,15.548442483410764
1,Am-241,95,0.0016,10000,3.0303030303030303,10124.982332378197,16.199971731805114
1,Am-241,95,0.0016,10000,3.5353535353535355,9768.990358333118,15.63038457333299
1,Am-241,95,0.0016,10000,4.040404040404041,10193.121592614152,16.308994548182643
1,Am-241,95,0.0016,10000,4.545454545454546,10049.93499727988,16.079895995647806
1,Am-241,95,0.0016,10000,5.050505050505051,10025.973110748442,16.04155697719751
1,Am-241,95,0.0016,10000,5.555555555555556,9991.727825558339,15.986764520893344
1,Am-241,95,0.0016,10000,6.0606060606060606,9941.41961329225,15.9062713812676
1,Am-241,95,0.0016,10000,6.565656565656566,10069.761308235617,16.111618093176986
1,Am-241,95,0.0016,10000,7.070707070707071,9797.711767026243,15.67633882724199
1,Am-241,95,0.0016,10000,7.575757575757576,9896.50282253812,15.834404516060992
1,Am-241,95,0.0016,10000,8.080808080808081,10019.996719188299,16.03199475070128
1,Am-241,95,0.0016,10000,8.585858585858587,9974.627253536264,15.959403605658023
1,Am-241,95,0.0016,10000,9.090909090909092,9620.051999375313,15.392083199000503
1,Am-241,95,0.0016,10000,9.595959595959597,9749.080234585252,15.598528375336404
1,Am-241,95,0.0016,10000,10.101010101010102,9889.432946455347,15.823092714328554
1,Am-241,95,0.0016,10000,10.606060606060607,9751.504925134968,15.60240788021595
1,Am-241,95,0.0016,10000,11.111111111111112,10172.47071834383,16.275953149350126
1,Am-241,95,0.0016,10000,11.616161616161618,9738.675215935376,15.581880345496604
1,Am-241,95,0.0016,10000,12.121212121212121,9776.108590879028,15.641773745406446
1,Am-241,95,0.0016,10000,12.626262626262626,9950.815152279723,15.921304243647558
1,Am-241,95,0.0016,10000,13.131313131313131,9856.822867441757,15.770916587906811
1,Am-241,95,0.0016,10000,13.636363636363637,9755.753298764213,15.609205278022742
1,Am-241,95,0.0016,10000,14.141414141414142,9628.364095885496,15.405382553416795
1,Am-241,95,0.0016,10000,14.646464646464647,9827.287168284827,15.723659469255724
1,Am-241,95,0.0016,10000,15.151515151515152,9963.332452623834,15.941331924198135
1,Am-241,95,0.0016,10000,15.656565656565657,9846.055096389422,15.753688154223076
1,Am-241,95,0.0016,10000,16.161616161616163,9593.06509301281,15.348904148820498
1,Am-241,95,0.0016,10000,16.666666666666668,10075.072098619778,16.120115357791644
1,Am-241,95,0.0016,10000,17.171717171717173,9447.517595087413,15.116028152139862
1,Am-241,95,0.0016,10000,17.67676767676768,9413.423887686266,15.061478220298026
1,Am-241,95,0.0016,10000,18.181818181818183,9899.884834805775,15.83981573568924
1,Am-241,95,0.0016,10000,18.68686868686869,9749.273237576032,15.59883718012165
1,Am-241,95,0.0016,10000,19.191919191919194,9591.019726319777,15.345631562111643
1,Am-241,95,0.0016,10000,19.6969696969697,9476.864954581464,15.162983927330343
1,Am-241,95,0.0016,10000,20.202020202020204,10131.332501342935,16.210132002148697
1,Am-241,95,0.0016,10000,20.70707070707071,9696.770185785826,15.514832297257323
1,Am-241,95,0.0016,10000,21.212121212121215,9769.575849835894,15.63132135973743
1,Am-241,95,0.0016,10000,21.71717171717172,9719.8986868862,15.55183789901792
1,Am-241,95,0.0016,10000,22.222222222222225,9734.615124331911,15.575384198931058
1,Am-241,95,0.0016,10000,22.72727272727273,9747.057281635374,15.5952916506166
1,Am-241,95,0.0016,10000,23.232323232323235,9776.246367802434,15.641994188483896
1,Am-241,95,0.0016,10000,23.73737373737374,9555.076146618625,15.2881218345898
1,Am-241,95,0.0016,10000,24.242424242424242,9563.438106968624,15.3015009711498
1,Am-241,95,0.0016,10000,24.747474747474747,9277.090688340077,14.843345101344124
1,Am-241,95,0.0016,10000,25.252525252525253,9454.132121751682,15.12661139480269
1,Am-241,95,0.0016,10000,25.757575757575758,9648.288867575036,15.437262188120059
1,Am-241,95,0.0016,10000,26.262626262626263,9788.908314956043,15.662253303929669
1,Am-241,95,0.0016,10000,26.767676767676768,9695.544006211496,15.512870409938394
1,Am-241,95,0.0016,10000,27.272727272727273,9507.790947367743,15.21246551578839
1,Am-241,95,0.0016,10000,27.77777777777778,9323.635152457111,14.917816243931378
1,Am-241,95,0.0016,10000,28.282828282828284,9026.665399701573,14.442664639522517
1,Am-241,95,0.0016,10000,28.78787878787879,9769.818348800367,15.631709358080588
1,Am-241,95,0.0016,10000,29.292929292929294,9429.676944950716,15.087483111921145
1,Am-241,95,0.0016,10000,29.7979797979798,9448.902137864681,15.118243420583491
1,Am-241,95,0.0016,10000,30.303030303030305,9551.78709724673,15.282859355594768
1,Am-241,95,0.0016,10000,30.80808080808081,9251.431334028664,14.802290134445864
1,Am-241,95,0.0016,10000,31.313131313131315,9444.79555669188,15.11167289070701
1,Am-241,95,0.0016,10000,31.81818181818182,9888.258043871794,15.821212870194872
1,Am-241,95,0.0016,10000,32.323232323232325,9591.956843452297,15.347130949523676
1,Am-241,95,0.0016,10000,32.82828282828283,9556.476905235266,15.290363048376426
1,Am-241,95,0.0016,10000,33.333333333333336,9180.578195446067,14.688925112713708
1,Am-241,95,0.0016,10000,33.83838383838384,9898.053335155992,15.836885336249587
1,Am-241,95,0.0016,10000,34.343434343434346,9195.985061576906,14.71357609852305
1,Am-241,95,0.0016,10000,34.84848484848485,9821.298648848102,15.714077838156964
1,Am-241,95,0.0016,10000,35.35353535353536,9050.296903474476,14.480475045559164
1,Am-241,95,0.0016,10000,35.85858585858586,9707.811815238796,15.532498904382074
1,Am-241,95,0.0016,10000,36.36363636363637,9740.103750588514,15.584166000941623
1,Am-241,95,0.0016,10000,36.86868686868687,9271.726133051203,14.834761812881926
1,Am-241,95,0.0016,10000,37.37373737373738,9499.158405354101,15.198653448566562
1,Am-241,95,0.0016,10000,37.87878787878788,9514.99648060852,15.223994368973635
1,Am-241,95,0.0016,10000,38.38383838383839,9251.272916599873,14.802036666559799
1,Am-241,95,0.0016,10000,38.88888888888889,9124.40082931577,14.599041326905231
1,Am-241,95,0.0016,10000,39.3939393939394,9141.705291419727,14.626728466271564
1,Am-241,95,0.0016,10000,39.8989898989899,9483.076172859292,15.172921876574867
1,Am-241,95,0.0016,10000,40.40404040404041,9358.030631344014,14.972849010150423
1,Am-241,95,0.0016,10000,40.909090909090914,9260.706637265108,14.817130619624173
1,Am-241,95,0.0016,10000,41.41414141414142,9539.807184760395,15.263691495616634
1,Am-241,95,0.0016,10000,41.919191919191924,9446.31260282393,15.114100164518288
1,Am-241,95,0.0016,10000,42.42424242424243,9202.560337129305,14.72409653940689
1,Am-241,95,0.0016,10000,42.929292929292934,9111.89688918049,14.579035022688785
1,Am-241,95,0.0016,10000,43.43434343434344,9426.27494424407,15.082039910790515
1,Am-241,95,0.0016,10000,43.939393939393945,9220.89568273294,14.753433092372704
1,Am-241,95,0.0016,10000,44.44444444444445,9332.063077563322,14.931300924101315
1,Am-241,95,0.0016,10000,44.949494949494955,9599.443618399717,15.359109789439547
1,Am-241,95,0.0016,10000,45.45454545454546,9391.96234506153,15.02713975209845
1,Am-241,95,0.0016,10000,45.959595959595966,9130.805958578903,14.609289533726246
1,Am-241,95,0.0016,10000,46.46464646464647,9313.358161919361,14.901373059070979
1,Am-241,95,0.0016,10000,46.969696969696976,9099.294047966721,14.558870476746755
1,Am-241,95,0.0016,10000,47.47474747474748,9566.70947204983,15.306735155279728
1,Am-241,95,0.0016,10000,47.979797979797986,9157.033667371205,14.651253867793928
1,Am-241,95,0.0016,10000,48.484848484848484,9291.929073404068,14.86708651744651
1,Am-241,95,0.0016,10000,48.98989898989899,9303.00106803189,14.884801708851025
1,Am-241,95,0.0016,10000,49.494949494949495,9268.05111502711,14.828881784043377
1,Am-241,95,0.0016,10000,50.0,8869.569752729356,14.19131160436697
1,Kr-85,36,0.02,10000,0.0,9710.715787203335,194.2143157440667
1,Kr-85,36,0.02,10000,0.5050505050505051,9809.937521639724,196.19875043279447
1,Kr-85,36,0.02,10000,1.0101010101010102,9862.615416086566,197.25230832173133
1,Kr-85,36,0.02,10000,1.5151515151515151,9674.781694582805,193.4956338916561
1,Kr-85,36,0.02,10000,2.0202020202020203,9420.164058829718,188.40328117659436
1,Kr-85,36,0.02,10000,2.5252525252525255,9251.088620151031,185.02177240302063
1,Kr-85,36,0.02,10000,3.0303030303030303,9336.350695749486,186.72701391498973
1,Kr-85,36,0.02,10000,3.5353535353535355,9230.048760368869,184.6009752073774
1,Kr-85,36,0.02,10000,4.040404040404041,9318.312014945404,186.36624029890808
1,Kr-85,36,0.02,10000,4.545454545454546,9071.414838516046,181.4282967703209
1,Kr-85,36,0.02,10000,5.050505050505051,9148.199394301393,182.96398788602787
1,Kr-85,36,0.02,10000,5.555555555555556,8841.969969407612,176.83939938815223
1,Kr-85,36,0.02,10000,6.0606060606060606,8813.11251210289,176.26225024205783
1,Kr-85,36,0.02,10000,6.565656565656566,8708.387953869598,174.16775907739196
1,Kr-85,36,0.02,10000,7.070707070707071,8545.457886316988,170.90915772633977
1,Kr-85,36,0.02,10000,7.575757575757576,8701.494611279342,174.02989222558685
1,Kr-85,36,0.02,10000,8.080808080808081,8369.240752842006,167.38481505684013
1,Kr-85,36,0.02,10000,8.585858585858587,8334.306318471716,166.6861263694343
1,Kr-85,36,0.02,10000,9.090909090909092,8325.336437116217,166.50672874232436
1,Kr-85,36,0.02,10000,9.595959595959597,8039.571052755348,160.79142105510698
1,Kr-85,36,0.02,10000,10.101010101010102,8117.684742863724,162.3536948572745
1,Kr-85,36,0.02,10000,10.606060606060607,7973.596073756008,159.47192147512015
1,Kr-85,36,0.02,10000,11.111111111111112,7945.21211316418,158.9042422632836
1,Kr-85,36,0.02,10000,11.616161616161618,7917.397725081096,158.34795450162193
1,Kr-85,36,0.02,10000,12.121212121212121,7721.6897858739485,154.43379571747897
1,Kr-85,36,0.02,10000,12.626262626262626,7734.173371148968,154.68346742297936
1,Kr-85,36,0.02,10000,13.131313131313131,7891.573497915021,157.83146995830043
1,Kr-85,36,0.02,10000,13.636363636363637,7609.075776493665,152.1815155298733
1,Kr-85,36,0.02,10000,14.141414141414142,7709.117094660503,154.18234189321007
1,Kr-85,36,0.02,10000,14.646464646464647,7512.451076676023,150.24902153352048
1,Kr-85,36,0.02,10000,15.151515151515152,7500.122549191884,150.0024509838377
1,Kr-85,36,0.02,10000,15.656565656565657,7198.289223087203,143.96578446174405
1,Kr-85,36,0.02,10000,16.161616161616163,7253.24325993299,145.06486519865982
1,Kr-85,36,0.02,10000,16.666666666666668,7184.503666126779,143.69007332253557
1,Kr-85,36,0.02,10000,17.171717171717173,7006.389748489999,140.1277949698
1,Kr-85,36,0.02,10000,17.67676767676768,6906.453466666298,138.12906933332596
1,Kr-85,36,0.02,10000,18.181818181818183,6744.249496767436,134.88498993534873
1,Kr-85,36,0.02,10000,18.68686868686869,7087.492140881309,141.7498428176262
1,Kr-85,36,0.02,10000,19.191919191919194,6679.926935148545,133.5985387029709
1,Kr-85,36,0.02,10000,19.6969696969697,6925.526206811425,138.5105241362285
1,Kr-85,36,0.02,10000,20.202020202020204,6613.750171236443,132.27500342472885
1,Kr-85,36,0.02,10000,20.70707070707071,6495.069174765519,129.9013834953104
1,Kr-85,36,0.02,10000,21.212121212121215,6624.111057792236,132.48222115584474
1,Kr-85,36,0.02,10000,21.71717171717172,6395.134469934257,127.90268939868514
1,Kr-85,36,0.02,10000,22.222222222222225,6484.7008263880125,129.69401652776025
1,Kr-85,36,0.02,10000,22.72727272727273,6305.1146398421215,126.10229279684243
1,Kr-85,36,0.02,10000,23.232323232323235,6343.947763583176,126.87895527166353
1,Kr-85,36,0.02,10000,23.73737373737374,6099.970677803552,121.99941355607103
1,Kr-85,36,0.02,10000,24.242424242424242,6260.29252814479,125.20585056289579
1,Kr-85,36,0.02,10000,24.747474747474747,6155.510739674741,123.11021479349482
1,Kr-85,36,0.02,10000,25.252525252525253,5923.753703455641,118.47507406911282
1,Kr-85,36,0.02,10000,25.757575757575758,6289.883994223214,125.79767988446429
1,Kr-85,36,0.02,10000,26.262626262626263,5977.946405359718,119.55892810719435
1,Kr-85,36,0.02,10000,26.767676767676768,6122.819130399322,122.45638260798644
1,Kr-85,36,0.02,10000,27.272727272727273,5981.27888144512,119.62557762890239
1,Kr-85,36,0.02,10000,27.77777777777778,5715.865287153497,114.31730574306994
1,Kr-85,36,0.02,10000,28.282828282828284,5633.038026868182,112.66076053736364
1,Kr-85,36,0.02,10000,28.78787878787879,5577.4160825779,111.548321651558
1,Kr-85,36,0.02,10000,29.292929292929294,5362.5485061431145,107.2509701228623
1,Kr-85,36,0.02,10000,29.7979797979798,5433.649727065424,108.67299454130847
1,Kr-85,36,0.02,10000,30.303030303030305,5481.877592478962,109.63755184957924
1,Kr-85,36,0.02,10000,30.80808080808081,5564.939885382163,111.29879770764326
1,Kr-85,36,0.02,10000,31.313131313131315,5263.237589623382,105.26475179246764
1,Kr-85,36,0.02,10000,31.81818181818182,5385.492639068718,107.70985278137437
1,Kr-85,36,0.02,10000,32.323232323232325,5107.701202033553,102.15402404067106
1,Kr-85,36,0.02,10000,32.82828282828283,5125.4777460673295,102.50955492134659
1,Kr-85,36,0.02,10000,33.333333333333336,5087.179087231421,101.74358174462843
1,Kr-85,36,0.02,10000,33.83838383838384,5120.367047609996,102.40734095219992
1,Kr-85,36,0.02,10000,34.343434343434346,5077.510213213911,101.55020426427822
1,Kr-85,36,0.02,10000,34.84848484848485,5076.79092047509,101.53581840950181
1,Kr-85,36,0.02,10000,35.35353535353536,5006.882643828287,100.13765287656574
1,Kr-85,36,0.02,10000,35.85858585858586,4905.048359422165,98.1009671884433
1,Kr-85,36,0.02,10000,36.36363636363637,4869.977638202377,97.39955276404756
1,Kr-85,36,0.02,10000,36.86868686868687,4935.666524946231,98.71333049892462
1,Kr-85,36,0.02,10000,37.37373737373738,4687.218116619437,93.74436233238873
1,Kr-85,36,0.02,10000,37.87878787878788,4760.654157081195,95.2130831416239
1,Kr-85,36,0.02,10000,38.38383838383839,4473.071752365544,89.46143504731089
1,Kr-85,36,0.02,10000,38.88888888888889,4632.053755058751,92.64107510117503
1,Kr-85,36,0.02,10000,39.3939393939394,4504.127979661342,90.08255959322683
1,Kr-85,36,0.02,10000,39.8989898989899,4502.6076978135925,90.05215395627185
1,Kr-85,36,0.02,10000,40.40404040404041,4549.84246039484,90.9968492078968
1,Kr-85,36,0.02,10000,40.909090909090914,4426.86093952572,88.5372187905144
1,Kr-85,36,0.02,10000,41.41414141414142,4445.3167644023715,88.90633528804743
1,Kr-85,36,0.02,10000,41.919191919191924,4451.54179068183,89.0308358136366
1,Kr-85,36,0.02,10000,42.42424242424243,4313.94155979912,86.2788311959824
1,Kr-85,36,0.02,10000,42.929292929292934,4336.85745361517,86.7371490723034
1,Kr-85,36,0.02,10000,43.43434343434344,4167.621890205381,83.35243780410761
1,Kr-85,36,0.02,10000,43.939393939393945,4152.177946970962,83.04355893941924
1,Kr-85,36,0.02,10000,44.44444444444445,4068.1518520040513,81.36303704008102
1,Kr-85,36,0.02,10000,44.949494949494955,4154.699754163798,83.09399508327597
1,Kr-85,36,0.02,10000,45.45454545454546,4062.2698950257973,81.24539790051595
1,Kr-85,36,0.02,10000,45.959595959595966,3947.950867252187,78.95901734504375
1,Kr-85,36,0.02,10000,46.46464646464647,3960.541529253226,79.21083058506453
1,Kr-85,36,0.02,10000,46.969696969696976,3990.068965574105,79.8013793114821
1,Kr-85,36,0.02,10000,47.47474747474748,3866.325122371756,77.32650244743512
1,Kr-85,36,0.02,10000,47.979797979797986,3757.7789230720855,75.1555784614417
1,Kr-85,36,0.02,10000,48.484848484848484,3801.983424506894,76.03966849013788
1,Kr-85,36,0.02,10000,48.98989898989899,3605.173583180806,72.10347166361612
1,Kr-85,36,0.02,10000,49.494949494949495,3773.279480753302,75.46558961506604
1,Kr-85,36,0.02,10000,50.0,3647.7948602394004,72.955897204788
1,Xe-133,54,0.119,10000,0.0,9906.13785274418,1178.8304044765573
1,Xe-133,54,0.119,10000,0.5050505050505051,9581.617273328913,1140.2124555261405
1,Xe-133,54,0.119,10000,1.0101010101010102,8625.303534536828,1026.4111206098826
1,Xe-133,54,0.119,10000,1.5151515151515151,8675.34352278435,1032.3658792113374
1,Xe-133,54,0.119,10000,2.0202020202020203,7787.577125098722,926.7216778867479
1,Xe-133,54,0.119,10000,2.5252525252525255,7326.954023794848,871.9075288315869
1,Xe-133,54,0.119,10000,3.0303030303030303,7114.946730206419,846.6786608945638
1,Xe-133,54,0.119,10000,3.5353535353535355,6658.887424049983,792.4076034619479
1,Xe-133,54,0.119,10000,4.040404040404041,6485.946678746557,771.8276547708402
1,Xe-133,54,0.119,10000,4.545454545454546,5797.593604103393,689.9136388883037
1,Xe-133,54,0.119,10000,5.050505050505051,5469.372837888362,650.855367708715
1,Xe-133,54,0.119,10000,5.555555555555556,5010.026267633749,596.1931258484161
1,Xe-133,54,0.119,10000,6.0606060606060606,4829.334964552272,574.6908607817204
1,Xe-133,54,0.119,10000,6.565656565656566,4511.989697822313,536.9267740408552
1,Xe-133,54,0.119,10000,7.070707070707071,4272.311818898168,508.40510644888195
1,Xe-133,54,0.119,10000,7.575757575757576,3917.929077251239,466.2335601928974
1,Xe-133,54,0.119,10000,8.080808080808081,3949.7072975827073,470.0151684123421
1,Xe-133,54,0.119,10000,8.585858585858587,3497.773953766645,416.23510049823074
1,Xe-133,54,0.119,10000,9.090909090909092,3199.8090232575296,380.777273767646
1,Xe-133,54,0.119,10000,9.595959595959597,3116.187765984596,370.8263441521669
1,Xe-133,54,0.119,10000,10.101010101010102,2969.5623438350663,353.3779189163729
1,Xe-133,54,0.119,10000,10.606060606060607,2765.4527992195417,329.08888310712547
1,Xe-133,54,0.119,10000,11.111111111111112,2723.972146979481,324.1526854905582
1,Xe-133,54,0.119,10000,11.616161616161618,2503.0281782398624,297.8603532105436
1,Xe-133,54,0.119,10000,12.121212121212121,2364.740838277737,281.4041597550507
1,Xe-133,54,0.119,10000,12.626262626262626,2252.8447728238157,268.08852796603406
1,Xe-133,54,0.119,10000,13.131313131313131,2107.83801005004,250.83272319595474
1,Xe-133,54,0.119,10000,13.636363636363637,2012.2230585115628,239.45454396287596
1,Xe-133,54,0.119,10000,14.141414141414142,1817.2372757481774,216.2512358140331
1,Xe-133,54,0.119,10000,14.646464646464647,1730.9061223302983,205.9778285573055
1,Xe-133,54,0.119,10000,15.151515151515152,1669.9375162188596,198.7225644300443
1,Xe-133,54,0.119,10000,15.656565656565657,1473.1938903540986,175.31007295213772
1,Xe-133,54,0.119,10000,16.161616161616163,1421.1462614378377,169.11640511110267
1,Xe-133,54,0.119,10000,16.666666666666668,1389.886012636968,165.39643550379918
1,Xe-133,54,0.119,10000,17.171717171717173,1283.3827219368209,152.72254391048168
1,Xe-133,54,0.119,10000,17.67676767676768,1243.088225913384,147.92749888369266
1,Xe-133,54,0.119,10000,18.181818181818183,1167.6612033362117,138.95168319700917
1,Xe-133,54,0.119,10000,18.68686868686869,1056.1118584618475,125.67731115695985
1,Xe-133,54,0.119,10000,19.191919191919194,1027.210581444677,122.23805919191656
1,Xe-133,54,0.119,10000,19.6969696969697,982.5494422202913,116.92338362421467
1,Xe-133,54,0.119,10000,20.202020202020204,906.1857590723239,107.83610532960654
1,Xe-133,54,0.119,10000,20.70707070707071,834.1857048516562,99.26809887734709
1,Xe-133,54,0.119,10000,21.212121212121215,815.2810261200501,97.01844210828595
1,Xe-133,54,0.119,10000,21.71717171717172,764.0439800401762,90.92123362478095
1,Xe-133,54,0.119,10000,22.222222222222225,718.1580574136475,85.46080883222405
1,Xe-133,54,0.119,10000,22.72727272727273,678.5866299745047,80.75180896696605
1,Xe-133,54,0.119,10000,23.232323232323235,592.2525312816268,70.47805122251359
1,Xe-133,54,0.119,10000,23.73737373737374,603.6884403232044,71.83892439846132
1,Xe-133,54,0.119,10000,24.242424242424242,578.8341552126316,68.88126447030315
1,Xe-133,54,0.119,10000,24.747474747474747,530.6410141693086,63.146280686147726
1,Xe-133,54,0.119,10000,25.252525252525253,497.2719387877478,59.17536071574198
1,Xe-133,54,0.119,10000,25.757575757575758,472.96505979019616,56.28284211503334
1,Xe-133,54,0.119,10000,26.262626262626263,442.22976598669135,52.625342152416266
1,Xe-133,54,0.119,10000,26.767676767676768,419.0282035869534,49.864356226847455
1,Xe-133,54,0.119,10000,27.272727272727273,389.52001332911755,46.35288158616498
1,Xe-133,54,0.119,10000,27.77777777777778,361.16392321983125,42.978506863159915
1,Xe-133,54,0.119,10000,28.282828282828284,338.4555863459009,40.2762147751622
1,Xe-133,54,0.119,10000,28.78787878787879,318.75315412750115,37.931625341172634
1,Xe-133,54,0.119,10000,29.292929292929294,297.86394976346975,35.4458100218529
1,Xe-133,54,0.119,10000,29.7979797979798,282.2504005490156,33.58779766533285
1,Xe-133,54,0.119,10000,30.303030303030305,281.15296253425186,33.45720254157597
1,Xe-133,54,0.119,10000,30.80808080808081,259.6015791397222,30.892587917626944
1,Xe-133,54,0.119,10000,31.313131313131315,237.81627190322413,28.30013635648367
1,Xe-133,54,0.119,10000,31.81818181818182,225.00851385508668,26.776013148755315
1,Xe-133,54,0.119,10000,32.323232323232325,214.03174520215646,25.469777679056616
1,Xe-133,54,0.119,10000,32.82828282828283,198.45792407487426,23.616492964910034
1,Xe-133,54,0.119,10000,33.333333333333336,189.62020139131798,22.56480396556684
1,Xe-133,54,0.119,10000,33.83838383838384,181.09198085937734,21.549945722265903
1,Xe-133,54,0.119,10000,34.343434343434346,167.79727843577913,19.967876133857715
1,Xe-133,54,0.119,10000,34.84848484848485,159.1852326235841,18.94304268220651
1,Xe-133,54,0.119,10000,35.35353535353536,151.53917246562847,18.033161523409788
1,Xe-133,54,0.119,10000,35.85858585858586,139.45070290098383,16.594633645217076
1,Xe-133,54,0.119,10000,36.36363636363637,132.7871269706973,15.801668109512978
1,Xe-133,54,0.119,10000,36.86868686868687,123.56407661585408,14.704125117286635
1,Xe-133,54,0.119,10000,37.37373737373738,117.01415194331197,13.924684081254124
1,Xe-133,54,0.119,10000,37.87878787878788,109.53551421340157,13.034726191394785
1,Xe-133,54,0.119,10000,38.38383838383839,102.72236556561359,12.223961502308017
1,Xe-133,54,0.119,10000,38.88888888888889,98.10426189671918,11.674407165709582
1,Xe-133,54,0.119,10000,39.3939393939394,93.10508267727667,11.079504838595923
1,Xe-133,54,0.119,10000,39.8989898989899,86.9455786571531,10.34652386020122
1,Xe-133,54,0.119,10000,40.40404040404041,82.44939289640969,9.811477754672753
1,Xe-133,54,0.119,10000,40.909090909090914,75.7387505645151,9.012911317177297
1,Xe-133,54,0.119,10000,41.41414141414142,70.64648159331118,8.40693130960403
1,Xe-133,54,0.119,10000,41.919191919191924,68.73529417919512,8.179500007324219
1,Xe-133,54,0.119,10000,42.42424242424243,65.073628454278,7.743761786059081
1,Xe-133,54,0.119,10000,42.929292929292934,60.50652206193724,7.200276125370531
1,Xe-133,54,0.119,10000,43.43434343434344,58.45499733719893,6.956144683126673
1,Xe-133,54,0.119,10000,43.939393939393945,54.5732400305575,6.494215563636343
1,Xe-133,54,0.119,10000,44.44444444444445,53.17961735352145,6.328374465069053
1,Xe-133,54,0.119,10000,44.949494949494955,47.33860879963831,5.633294447156959
1,Xe-133,54,0.119,10000,45.45454545454546,43.86296092447096,5.2196923500120445
1,Xe-133,54,0.119,10000,45.959595959595966,41.522483978153346,4.941175593400248
1,Xe-133,54,0.119,10000,46.46464646464647,39.239074258437746,4.669449836754092
1,Xe-133,54,0.119,10000,46.969696969696976,37.72873571597491,4.4897195502010145
1,Xe-133,54,0.119,10000,47.47474747474748,33.6739620316365,4.007201481764743
1,Xe-133,54,0.119,10000,47.979797979797986,34.01405127535506,4.047672101767252
1,Xe-133,54,0.119,10000,48.484848484848484,31.057675665023826,3.6958634041378353
1,Xe-133,54,0.119,10000,48.98989898989899,29.241656916804487,3.479757173099734
1,Xe-133,54,0.119,10000,49.494949494949495,27.075198221862642,3.2219485884016543
1,Xe-133,54,0.119,10000,50.0,25.998874470043717,3.093866061935202
1,Na-22,11,0.266,10000,0.0,10002.647953533507,2660.704355639913
1,Na-22,11,0.266,10000,0.5050505050505051,8721.57447900553,2319.9388114154713
1,Na-22,11,0.266,10000,1.0101010101010102,7695.659900065569,2047.0455334174414
1,Na-22,11,0.266,10000,1.5151515151515151,6604.109220124615,1756.6930525531477
1,Na-22,11,0.266,10000,2.0202020202020203,5738.125563339324,1526.3413998482602
1,Na-22,11,0.266,10000,2.5252525252525255,5164.3269648960595,1373.7109726623519
1,Na-22,11,0.266,10000,3.0303030303030303,4474.953190793165,1190.337548750982
1,Na-22,11,0.266,10000,3.5353535353535355,3920.0990369210135,1042.7463438209898
1,Na-22,11,0.266,10000,4.040404040404041,3486.146506840952,927.3149708196933
1,Na-22,11,0.266,10000,4.545454545454546,2923.644261063409,777.6893734428668
1,Na-22,11,0.266,10000,5.050505050505051,2564.844782960621,682.2487122675253
1,Na-22,11,0.266,10000,5.555555555555556,2338.806576250658,622.1225492826751
1,Na-22,11,0.266,10000,6.0606060606060606,1935.4842074550938,514.838799183055
1,Na-22,11,0.266,10000,6.565656565656566,1698.2243150631775,451.72766780680524
1,Na-22,11,0.266,10000,7.070707070707071,1549.6078677747587,412.19569282808584
1,Na-22,11,0.266,10000,7.575757575757576,1339.3524752282951,356.2677584107265
1,Na-22,11,0.266,10000,8.080808080808081,1167.8828440020065,310.65683650453377
1,Na-22,11,0.266,10000,8.585858585858587,1017.0556533710518,270.5368037966998
1,Na-22,11,0.266,10000,9.090909090909092,891.3914860760557,237.11013529623082
1,Na-22,11,0.266,10000,9.595959595959597,777.412562670668,206.7917416703977
1,Na-22,11,0.266,10000,10.101010101010102,699.3977465848817,186.03980059157854
1,Na-22,11,0.266,10000,10.606060606060607,590.5967193288224,157.09872734146677
1,Na-22,11,0.266,10000,11.111111111111112,518.8174702281481,138.0054470806874
1,Na-22,11,0.266,10000,11.616161616161618,471.3973430780492,125.3916932587611
1,Na-22,11,0.266,10000,12.121212121212121,398.0780097492188,105.8887505932922
1,Na-22,11,0.266,10000,12.626262626262626,363.37201915649086,96.65695709562658
1,Na-22,11,0.266,10000,13.131313131313131,303.4780478162596,80.72516071912506
1,Na-22,11,0.266,10000,13.636363636363637,273.1575297856377,72.65990292297963
1,Na-22,11,0.266,10000,14.141414141414142,224.76533278236184,59.787578520108255
1,Na-22,11,0.266,10000,14.646464646464647,203.86315370157246,54.227598884618274
1,Na-22,11,0.266,10000,15.151515151515152,172.0585614950665,45.76757735768769
1,Na-22,11,0.266,10000,15.656565656565657,157.97581609127622,42.021567080279475
1,Na-22,11,0.266,10000,16.161616161616163,132.52801551001923,35.252452125665116
1,Na-22,11,0.266,10000,16.666666666666668,119.42235191125572,31.766345608394023
1,Na-22,11,0.266,10000,17.171717171717173,103.23456195878497,27.460393481036803
1,Na-22,11,0.266,10000,17.67676767676768,88.66662967495583,23.58532349353825
1,Na-22,11,0.266,10000,18.181818181818183,76.78839056732318,20.425711890907966
1,Na-22,11,0.266,10000,18.68686868686869,68.67326040798105,18.26708726852296
1,Na-22,11,0.266,10000,19.191919191919194,62.772068393990416,16.69737019280145
1,Na-22,11,0.266,10000,19.6969696969697,52.72340302166578,14.024425203763098
1,Na-22,11,0.266,10000,20.202020202020204,47.21828444333304,12.56006366192659
1,Na-22,11,0.266,10000,20.70707070707071,40.49255197177559,10.771018824492307
1,Na-22,11,0.266,10000,21.212121212121215,36.064128782999155,9.593058256277775
1,Na-22,11,0.266,10000,21.71717171717172,29.85493723185372,7.94141330367309
1,Na-22,11,0.266,10000,22.222222222222225,26.873288661849774,7.14829478405204
1,Na-22,11,0.266,10000,22.72727272727273,24.13579269683764,6.420120857358813
1,Na-22,11,0.266,10000,23.232323232323235,20.640846474512376,5.490465162220293
1,Na-22,11,0.266,10000,23.73737373737374,18.073890003274432,4.8076547408709995
1,Na-22,11,0.266,10000,24.242424242424242,15.692909900781093,4.174314033607771
1,Na-22,11,0.266,10000,24.747474747474747,14.157428133462579,3.7658758835010464
1,Na-22,11,0.266,10000,25.252525252525253,12.171550579154026,3.237632454054971
1,Na-22,11,0.266,10000,25.757575757575758,10.587830532526853,2.8163629216521433
1,Na-22,11,0.266,10000,26.262626262626263,9.367636989882568,2.4917914393087632
1,Na-22,11,0.266,10000,26.767676767676768,8.181161937267676,2.176189075313202
1,Na-22,11,0.266,10000,27.272727272727273,7.099594326112285,1.888492090745868
1,Na-22,11,0.266,10000,27.77777777777778,6.37206186916303,1.694968457197366
1,Na-22,11,0.266,10000,28.282828282828284,5.397314799634607,1.4356857367028055
1,Na-22,11,0.266,10000,28.78787878787879,4.750789556485494,1.2637100220251416
1,Na-22,11,0.266,10000,29.292929292929294,4.077478308584474,1.08460923008347
1,Na-22,11,0.266,10000,29.7979797979798,3.6221781809818947,0.9634993961411841
1,Na-22,11,0.266,10000,30.303030303030305,3.2576164267875987,0.8665259695255013
1,Na-22,11,0.266,10000,30.80808080808081,2.724928671627394,0.7248310266528868
1,Na-22,11,0.266,10000,31.313131313131315,2.3587094537047597,0.6274167146854661
1,Na-22,11,0.266,10000,31.81818181818182,2.1520978211736868,0.5724580204322007
1,Na-22,11,0.266,10000,32.323232323232325,1.8392921856109803,0.48925172137252076
1,Na-22,11,0.266,10000,32.82828282828283,1.6159699792783122,0.42984801448803106
1,Na-22,11,0.266,10000,33.333333333333336,1.4088461442369327,0.3747530743670241
1,Na-22,11,0.266,10000,33.83838383838384,1.2348030142352553,0.3284576017865779
1,Na-22,11,0.266,10000,34.343434343434346,1.096205191899281,0.29159058104520874
1,Na-22,11,0.266,10000,34.84848484848485,0.9265553416229765,0.24646372087171176
1,Na-22,11,0.266,10000,35.35353535353536,0.8072328975062975,0.21472395073667513
1,Na-22,11,0.266,10000,35.85858585858586,0.7215558136600236,0.19193384643356629
1,Na-22,11,0.266,10000,36.36363636363637,0.6095446032067354,0.16213886445299164
1,Na-22,11,0.266,10000,36.86868686868687,0.5354886902610048,0.14243999160942727
1,Na-22,11,0.266,10000,37.37373737373738,0.49936392820072056,0.13283080490139168
1,Na-22,11,0.266,10000,37.87878787878788,0.4272519286471565,0.11364901302014363
1,Na-22,11,0.266,10000,38.38383838383839,0.3678934989259581,0.09785967071430485
1,Na-22,11,0.266,10000,38.88888888888889,0.32967581100807286,0.08769376572814738
1,Na-22,11,0.266,10000,39.3939393939394,0.27541420533320027,0.07326017861863128
1,Na-22,11,0.266,10000,39.8989898989899,0.24435748855019554,0.06499909195435202
1,Na-22,11,0.266,10000,40.40404040404041,0.21767712284535168,0.05790211467686355
1,Na-22,11,0.266,10000,40.909090909090914,0.19131745242001566,0.05089044234372417
1,Na-22,11,0.266,10000,41.41414141414142,0.1660252876655056,0.04416272651902449
1,Na-22,11,0.266,10000,41.919191919191924,0.13637776835825863,0.036276486383296794
1,Na-22,11,0.266,10000,42.42424242424243,0.12318602757002264,0.03276748333362602
1,Na-22,11,0.266,10000,42.929292929292934,0.11087460325397246,0.029492644465556675
1,Na-22,11,0.266,10000,43.43434343434344,0.0953367924903813,0.025359586802441426
1,Na-22,11,0.266,10000,43.939393939393945,0.0882146501209658,0.023465096932176903
1,Na-22,11,0.266,10000,44.44444444444445,0.07475641177702244,0.01988520553268797
1,Na-22,11,0.266,10000,44.949494949494955,0.06488586481942006,0.017259640041965736
1,Na-22,11,0.266,10000,45.45454545454546,0.054849566009549676,0.014589984558540214
1,Na-22,11,0.266,10000,45.959595959595966,0.049015517988882505,0.013038127785042748
1,Na-22,11,0.266,10000,46.46464646464647,0.04309091439825557,0.011462183229935983
1,Na-22,11,0.266,10000,46.969696969696976,0.0383387568221567,0.010198109314693683
1,Na-22,11,0.266,10000,47.47474747474748,0.03335747771985477,0.00887308907348137
1,Na-22,11,0.266,10000,47.979797979797986,0.029251143106088923,0.0077808040662196536
1,Na-22,11,0.266,10000,48.484848484848484,0.024593319925110838,0.006541823100079483
1,Na-22,11,0.266,10000,48.98989898989899,0.02252518627364703,0.00599169954879011
1,Na-22,11,0.266,10000,49.494949494949495,0.018623834574973425,0.004953939996942931
1,Na-22,11,0.266,10000,50.0,0.016565455035473273,0.004406411039435891
1,Tc-99m,43,0.115,10000,0.0,10086.154226989129,1159.9077361037498
1,Tc-99m,43,0.115,10000,0.5050505050505051,9407.450207123515,1081.8567738192041
1,Tc-99m,43,0.115,10000,1.0101010101010102,8724.171972703909,1003.2797768609496
1,Tc-99m,43,0.115,10000,1.5151515151515151,8262.896453403317,950.2330921413815
1,Tc-99m,43,0.115,10000,2.0202020202020203,7681.4414889309855,883.3657712270634
1,Tc-99m,43,0.115,10000,2.5252525252525255,7559.192287831358,869.3071131006062
1,Tc-99m,43,0.115,10000,3.0303030303030303,7235.497040750793,832.0821596863412
1,Tc-99m,43,0.115,10000,3.5353535353535355,6645.962635990727,764.2857031389336
1,Tc-99m,43,0.115,10000,4.040404040404041,6233.2597110727565,716.824866773367
1,Tc-99m,43,0.115,10000,4.545454545454546,5754.424926472279,661.7588665443121
1,Tc-99m,43,0.115,10000,5.050505050505051,5696.638514108664,655.1134291224964
1,Tc-99m,43,0.115,10000,5.555555555555556,5512.246361682952,633.9083315935395
1,Tc-99m,43,0.115,10000,6.0606060606060606,4801.864089008238,552.2143702359474
1,Tc-99m,43,0.115,10000,6.565656565656566,4599.908869011551,528.9895199363284
1,Tc-99m,43,0.115,10000,7.070707070707071,4374.397097660544,503.05566623096263
1,Tc-99m,43,0.115,10000,7.575757575757576,4137.2132754966615,475.7795266821161
1,Tc-99m,43,0.115,10000,8.080808080808081,3966.2805909359586,456.12226795763524
1,Tc-99m,43,0.115,10000,8.585858585858587,3845.8172862902375,442.2689879233773
1,Tc-99m,43,0.115,10000,9.090909090909092,3586.230801303579,412.4165421499116
1,Tc-99m,43,0.115,10000,9.595959595959597,3351.963869831009,385.47584503056606
1,Tc-99m,43,0.115,10000,10.101010101010102,3084.4844240865655,354.71570876995503
1,Tc-99m,43,0.115,10000,10.606060606060607,2887.066799360277,332.01268192643187
1,Tc-99m,43,0.115,10000,11.111111111111112,2742.1532616639056,315.34762509134913
1,Tc-99m,43,0.115,10000,11.616161616161618,2710.730647126977,311.7340244196024
1,Tc-99m,43,0.115,10000,12.121212121212121,2477.896636705539,284.958113221137
1,Tc-99m,43,0.115,10000,12.626262626262626,2320.048275475412,266.8055516796724
1,Tc-99m,43,0.115,10000,13.131313131313131,2200.7587746361764,253.0872590831603
1,Tc-99m,43,0.115,10000,13.636363636363637,2118.6119150934173,243.640370235743
1,Tc-99m,43,0.115,10000,14.141414141414142,1914.9942172005908,220.22433497806796
1,Tc-99m,43,0.115,10000,14.646464646464647,1908.1728552121856,219.43987834940134
1,Tc-99m,43,0.115,10000,15.151515151515152,1756.433774548457,201.98988407307257
1,Tc-99m,43,0.115,10000,15.656565656565657,1645.0055776648549,189.1756414314583
1,Tc-99m,43,0.115,10000,16.161616161616163,1572.7366076903631,180.86470988439177
1,Tc-99m,43,0.115,10000,16.666666666666668,1477.3897615190438,169.89982257469003
1,Tc-99m,43,0.115,10000,17.171717171717173,1378.4089311530345,158.51702708259896
1,Tc-99m,43,0.115,10000,17.67676767676768,1303.0266894202655,149.84806928333055
1,Tc-99m,43,0.115,10000,18.181818181818183,1214.2735472454021,139.64145793322126
1,Tc-99m,43,0.115,10000,18.68686868686869,1181.3260586839183,135.85249674865062
1,Tc-99m,43,0.115,10000,19.191919191919194,1088.5183956158587,125.17961549582375
1,Tc-99m,43,0.115,10000,19.6969696969697,1018.288378594853,117.10316353840811
1,Tc-99m,43,0.115,10000,20.202020202020204,982.8139446020773,113.02360362923889
1,Tc-99m,43,0.115,10000,20.70707070707071,948.8615355457334,109.11907658775935
1,Tc-99m,43,0.115,10000,21.212121212121215,871.2936596839264,100.19877086365155
1,Tc-99m,43,0.115,10000,21.71717171717172,812.9170190611761,93.48545719203526
1,Tc-99m,43,0.115,10000,22.222222222222225,782.7632480590788,90.01777352679407
1,Tc-99m,43,0.115,10000,22.72727272727273,761.0559769356801,87.52143734760321
1,Tc-99m,43,0.115,10000,23.232323232323235,671.2590580233452,77.1947916726847
1,Tc-99m,43,0.115,10000,23.73737373737374,657.3110722503483,75.59077330879005
1,Tc-99m,43,0.115,10000,24.242424242424242,618.0410798078697,71.07472417790501
1,Tc-99m,43,0.115,10000,24.747474747474747,594.2771109763527,68.34186776228056
1,Tc-99m,43,0.115,10000,25.252525252525253,558.8741579396212,64.27052816305644
1,Tc-99m,43,0.115,10000,25.757575757575758,515.1602349802104,59.24342702272419
1,Tc-99m,43,0.115,10000,26.262626262626263,471.47562751368014,54.21969716407322
1,Tc-99m,43,0.115,10000,26.767676767676768,467.8089998018486,53.79803497721259
1,Tc-99m,43,0.115,10000,27.272727272727273,427.1485304167952,49.12208099793145
1,Tc-99m,43,0.115,10000,27.77777777777778,402.1316651816123,46.24514149588541
1,Tc-99m,43,0.115,10000,28.282828282828284,395.6469840243545,45.49940316280077
1,Tc-99m,43,0.115,10000,28.78787878787879,358.2923706999843,41.203622630498195
1,Tc-99m,43,0.115,10000,29.292929292929294,354.00959381148743,40.711103288321056
1,Tc-99m,43,0.115,10000,29.7979797979798,327.1003916257381,37.616545036959884
1,Tc-99m,43,0.115,10000,30.303030303030305,308.5407650207471,35.48218797738591
1,Tc-99m,43,0.115,10000,30.80808080808081,291.06236861117713,33.47217239028537
1,Tc-99m,43,0.115,10000,31.313131313131315,264.01683958232206,30.361936551967037
1,Tc-99m,43,0.115,10000,31.81818181818182,248.40866216758644,28.56699614927244
1,Tc-99m,43,0.115,10000,32.323232323232325,244.0737539431988,28.068481703467864
1,Tc-99m,43,0.115,10000,32.82828282828283,231.91802112399853,26.67057242925983
1,Tc-99m,43,0.115,10000,33.333333333333336,216.73120430058754,24.924088494567567
1,Tc-99m,43,0.115,10000,33.83838383838384,200.80997429766734,23.093147044231745
1,Tc-99m,43,0.115,10000,34.343434343434346,192.71719298833347,22.16247719365835
1,Tc-99m,43,0.115,10000,34.84848484848485,181.47584944512084,20.869722686188897
1,Tc-99m,43,0.115,10000,35.35353535353536,168.23386105688246,19.346894021541484
1,Tc-99m,43,0.115,10000,35.85858585858586,165.12116732437164,18.98893424230274
1,Tc-99m,43,0.115,10000,36.36363636363637,147.42266235736898,16.953606171097434
1,Tc-99m,43,0.115,10000,36.86868686868687,145.7871157183001,16.765518307604513
1,Tc-99m,43,0.115,10000,37.37373737373738,137.00503153877017,15.75557862695857
1,Tc-99m,43,0.115,10000,37.87878787878788,130.87894390132206,15.051078548652038
1,Tc-99m,43,0.115,10000,38.38383838383839,118.61557943195078,13.64079163467434
1,Tc-99m,43,0.115,10000,38.88888888888889,114.45070872048314,13.161831502855561
1,Tc-99m,43,0.115,10000,39.3939393939394,112.45400379670284,12.932210436620826
1,Tc-99m,43,0.115,10000,39.8989898989899,103.0393668052212,11.84952718260044
1,Tc-99m,43,0.115,10000,40.40404040404041,96.14767868287583,11.056983048530721
1,Tc-99m,43,0.115,10000,40.909090909090914,91.51660383862554,10.524409441441938
1,Tc-99m,43,0.115,10000,41.41414141414142,85.57867793816384,9.841547962888841
1,Tc-99m,43,0.115,10000,41.919191919191924,84.14305684497779,9.676451537172447
1,Tc-99m,43,0.115,10000,42.42424242424243,77.55863338294532,8.919242839038711
1,Tc-99m,43,0.115,10000,42.929292929292934,71.64747539145597,8.239459670017437
1,Tc-99m,43,0.115,10000,43.43434343434344,68.06239201298919,7.827175081493758
1,Tc-99m,43,0.115,10000,43.939393939393945,63.399971017996016,7.2909966670695425
1,Tc-99m,43,0.115,10000,44.44444444444445,61.75272809820228,7.101563731293263
1,Tc-99m,43,0.115,10000,44.949494949494955,55.29173046268848,6.358549003209175
1,Tc-99m,43,0.115,10000,45.45454545454546,51.958563476183926,5.975234799761152
1,Tc-99m,43,0.115,10000,45.959595959595966,52.13015968697708,5.994968364002364
1,Tc-99m,43,0.115,10000,46.46464646464647,49.852419269563036,5.73302821599975
1,Tc-99m,43,0.115,10000,46.969696969696976,45.519815137575186,5.234778740821147
1,Tc-99m,43,0.115,10000,47.47474747474748,42.648693186196404,4.904599716412586
1,Tc-99m,43,0.115,10000,47.979797979797986,40.679460446362306,4.678137951331665
1,Tc-99m,43,0.115,10000,48.484848484848484,37.39575743927305,4.3005121055164
1,Tc-99m,43,0.115,10000,48.98989898989899,35.87070721928004,4.125131330217205
1,Tc-99m,43,0.115,10000,49.494949494949495,33.75737971213348,3.88209866689535
1,Tc-99m,43,0.115,10000,50.0,32.22665129810703,3.7060648992823086
1,P-32,15,0.048,10000,0.0,9688.40029436332,465.0432141294394
1,P-32,15,0.048,10000,0.5050505050505051,9661.51246879958,463.75259850237984
1,P-32,15,0.048,10000,1.0101010101010102,9687.718428134887,465.0104845504746
1,P-32,15,0.048,10000,1.5151515151515151,9172.903143420166,440.299350884168
1,P-32,15,0.048,10000,2.0202020202020203,8895.523402058503,426.98512329880816
1,P-32,15,0.048,10000,2.5252525252525255,9220.252631852341,442.5721263289124
1,P-32,15,0.048,10000,3.0303030303030303,8652.883492203739,415.33840762577944
1,P-32,15,0.048,10000,3.5353535353535355,8341.492934873742,400.39166087393966
1,P-32,15,0.048,10000,4.040404040404041,7958.274490181184,381.99717552869686
1,P-32,15,0.048,10000,4.545454545454546,8157.068369056148,391.5392817146951
1,P-32,15,0.048,10000,5.050505050505051,7956.957611662478,381.93396535979895
1,P-32,15,0.048,10000,5.555555555555556,7613.517694759484,365.4488493484552
1,P-32,15,0.048,10000,6.0606060606060606,7311.034519775152,350.9296569492073
1,P-32,15,0.048,10000,6.565656565656566,7293.200449352019,350.0736215688969
1,P-32,15,0.048,10000,7.070707070707071,7002.958650536472,336.1420152257507
1,P-32,15,0.048,10000,7.575757575757576,6820.4611563310555,327.38213550389065
1,P-32,15,0.048,10000,8.080808080808081,6770.939941980638,325.00511721507064
1,P-32,15,0.048,10000,8.585858585858587,6483.184595407442,311.19286057955725
1,P-32,15,0.048,10000,9.090909090909092,6495.712269954619,311.7941889578217
1,P-32,15,0.048,10000,9.595959595959597,6385.728289261768,306.51495788456486
1,P-32,15,0.048,10000,10.101010101010102,6054.497377430408,290.6158741166596
1,P-32,15,0.048,10000,10.606060606060607,5845.942840570631,280.6052563473903
1,P-32,15,0.048,10000,11.111111111111112,6049.64594996543,290.3830055983407
1,P-32,15,0.048,10000,11.616161616161618,5618.276029506042,269.67724941629
1,P-32,15,0.048,10000,12.121212121212121,5515.0470176100525,264.7222568452825
1,P-32,15,0.048,10000,12.626262626262626,5478.195622172546,262.9533898642822
1,P-32,15,0.048,10000,13.131313131313131,5388.128839056285,258.63018427470166
1,P-32,15,0.048,10000,13.636363636363637,5170.14180111408,248.16680645347586
1,P-32,15,0.048,10000,14.141414141414142,5119.060333512503,245.71489600860016
1,P-32,15,0.048,10000,14.646464646464647,4911.123507290492,235.73392834994362
1,P-32,15,0.048,10000,15.151515151515152,4738.3920072264655,227.44281634687036
1,P-32,15,0.048,10000,15.656565656565657,4851.0587430722035,232.85081966746577
1,P-32,15,0.048,10000,16.161616161616163,4832.662207226918,231.9677859468921
1,P-32,15,0.048,10000,16.666666666666668,4645.699287860942,222.99356581732522
1,P-32,15,0.048,10000,17.171717171717173,4398.109490301574,211.10925553447555
1,P-32,15,0.048,10000,17.67676767676768,4437.595387856336,213.00457861710413
1,P-32,15,0.048,10000,18.181818181818183,4207.82844133959,201.97576518430034
1,P-32,15,0.048,10000,18.68686868686869,4039.1077682917216,193.87717287800265
1,P-32,15,0.048,10000,19.191919191919194,4017.4900016305346,192.83952007826568
1,P-32,15,0.048,10000,19.6969696969697,3877.6950319399684,186.1293615331185
1,P-32,15,0.048,10000,20.202020202020204,3717.4200157028313,178.43616075373592
1,P-32,15,0.048,10000,20.70707070707071,3634.661206861554,174.4637379293546
1,P-32,15,0.048,10000,21.212121212121215,3670.4600620283836,176.18208297736243
1,P-32,15,0.048,10000,21.71717171717172,3395.7715847274626,162.9970360669182
1,P-32,15,0.048,10000,22.222222222222225,3483.1210580556985,167.18981078667355
1,P-32,15,0.048,10000,22.72727272727273,3249.630806989528,155.98227873549735
1,P-32,15,0.048,10000,23.232323232323235,3139.5638283626017,150.6990637614049
1,P-32,15,0.048,10000,23.73737373737374,3082.4381721029117,147.95703226093977
1,P-32,15,0.048,10000,24.242424242424242,3246.3460897210184,155.82461230660888
1,P-32,15,0.048,10000,24.747474747474747,3036.7076056081355,145.7619650691905
1,P-32,15,0.048,10000,25.252525252525253,2980.806933379214,143.07873280220227
1,P-32,15,0.048,10000,25.757575757575758,2986.8256421543915,143.3676308234108
1,P-32,15,0.048,10000,26.262626262626263,2887.786330428633,138.61374386057437
1,P-32,15,0.048,10000,26.767676767676768,2689.9212202849726,129.11621857367868
1,P-32,15,0.048,10000,27.272727272727273,2747.592308094898,131.8844307885551
1,P-32,15,0.048,10000,27.77777777777778,2645.6813120113447,126.99270297654455
1,P-32,15,0.048,10000,28.282828282828284,2555.2557532449646,122.6522761557583
1,P-32,15,0.048,10000,28.78787878787879,2512.435525308375,120.596905214802
1,P-32,15,0.048,10000,29.292929292929294,2513.8077321037467,120.66277114097984
1,P-32,15,0.048,10000,29.7979797979798,2349.9730646885614,112.79870710505095
1,P-32,15,0.048,10000,30.303030303030305,2353.7866715982486,112.98176023671594
1,P-32,15,0.048,10000,30.80808080808081,2278.6975980343973,109.37748470565107
1,P-32,15,0.048,10000,31.313131313131315,2144.5926536098495,102.94044737327278
1,P-32,15,0.048,10000,31.81818181818182,2136.432082743188,102.54873997167303
1,P-32,15,0.048,10000,32.323232323232325,2127.455714339439,102.11787428829308
1,P-32,15,0.048,10000,32.82828282828283,2122.179128385876,101.86459816252206
1,P-32,15,0.048,10000,33.333333333333336,2059.398229099024,98.85111499675315
1,P-32,15,0.048,10000,33.83838383838384,1994.1465199446652,95.71903295734393
1,P-32,15,0.048,10000,34.343434343434346,1892.0489330939631,90.81834878851024
1,P-32,15,0.048,10000,34.84848484848485,1944.9735926711976,93.35873244821748
1,P-32,15,0.048,10000,35.35353535353536,1840.2675454586424,88.33284218201484
1,P-32,15,0.048,10000,35.85858585858586,1752.494755639782,84.11974827070954
1,P-32,15,0.048,10000,36.36363636363637,1739.2704448165186,83.4849813511929
1,P-32,15,0.048,10000,36.86868686868687,1734.3875152085216,83.25060073000904
1,P-32,15,0.048,10000,37.37373737373738,1663.2907796926356,79.83795742524651
1,P-32,15,0.048,10000,37.87878787878788,1651.9973954108239,79.29587497971954
1,P-32,15,0.048,10000,38.38383838383839,1619.3010872583886,77.72645218840266
1,P-32,15,0.048,10000,38.88888888888889,1558.7701194855615,74.82096573530696
1,P-32,15,0.048,10000,39.3939393939394,1483.4539433449831,71.20578928055919
1,P-32,15,0.048,10000,39.8989898989899,1477.1861204874876,70.90493378339941
1,P-32,15,0.048,10000,40.40404040404041,1439.2095841242747,69.08206003796519
1,P-32,15,0.048,10000,40.909090909090914,1455.6621740312612,69.87178435350054
1,P-32,15,0.048,10000,41.41414141414142,1325.300364297234,63.61441748626723
1,P-32,15,0.048,10000,41.919191919191924,1333.4422943614263,64.00523012934846
1,P-32,15,0.048,10000,42.42424242424243,1289.7789105923137,61.909387708431055
1,P-32,15,0.048,10000,42.929292929292934,1282.3044175325183,61.55061204156088
1,P-32,15,0.048,10000,43.43434343434344,1182.6490561923113,56.76715469723094
1,P-32,15,0.048,10000,43.939393939393945,1240.5411538179453,59.54597538326138
1,P-32,15,0.048,10000,44.44444444444445,1184.7439693352753,56.86771052809322
1,P-32,15,0.048,10000,44.949494949494955,1113.3990134555477,53.44315264586629
1,P-32,15,0.048,10000,45.45454545454546,1120.2125473077374,53.7702022707714
1,P-32,15,0.048,10000,45.959595959595966,1114.7499988470104,53.5079999446565
1,P-32,15,0.048,10000,46.46464646464647,1040.7436983522687,49.9556975209089
1,P-32,15,0.048,10000,46.969696969696976,1049.2798594246742,50.36543325238436
1,P-32,15,0.048,10000,47.47474747474748,1002.4238195909878,48.116343340367415
1,P-32,15,0.048,10000,47.979797979797986,988.4401379179038,47.44512662005938
1,P-32,15,0.048,10000,48.484848484848484,976.136340136411,46.85454432654773
1,P-32,15,0.048,10000,48.98989898989899,955.7415307309816,45.875593475087115
1,P-32,15,0.048,10000,49.494949494949495,920.6899608400205,44.19311812032098
1,P-32,15,0.048,10000,50.0,912.1290389187104,43.7821938680981
1,S-35,16,0.017,10000,0.0,10163.595521450961,172.78112386466634
1,S-35,16,0.017,10000,0.5050505050505051,9859.202984852012,167.6064507424842
1,S-35,16,0.017,10000,1.0101010101010102,10111.187792669529,171.890192475382
1,S-35,16,0.017,10000,1.5151515151515151,10030.719605985412,170.522233301752
1,S-35,16,0.017,10000,2.0202020202020203,9579.550294689316,162.85235500971837
1,S-35,16,0.017,10000,2.5252525252525255,9457.583648246504,160.77892202019058
1,S-35,16,0.017,10000,3.0303030303030303,9181.769865746965,156.0900877176984
1,S-35,16,0.017,10000,3.5353535353535355,9392.856812992082,159.6785658208654
1,S-35,16,0.017,10000,4.040404040404041,9268.327314600458,157.56156434820778
1,S-35,16,0.017,10000,4.545454545454546,9400.59751113513,159.81015768929723
1,S-35,16,0.017,10000,5.050505050505051,8900.149474045056,151.30254105876597
1,S-35,16,0.017,10000,5.555555555555556,9048.304339560667,153.82117377253135
1,S-35,16,0.017,10000,6.0606060606060606,9195.777160165966,156.32821172282144
1,S-35,16,0.017,10000,6.565656565656566,8813.230468549411,149.82491796534
1,S-35,16,0.017,10000,7.070707070707071,8732.2093008642,148.44755811469142
1,S-35,16,0.017,10000,7.575757575757576,8537.185804813718,145.13215868183323
1,S-35,16,0.017,10000,8.080808080808081,9173.285694698327,155.94585680987157
1,S-35,16,0.017,10000,8.585858585858587,8512.73403279805,144.71647855756686
1,S-35,16,0.017,10000,9.090909090909092,8345.21684061876,141.86868629051892
1,S-35,16,0.017,10000,9.595959595959597,8358.225423315436,142.08983219636244
1,S-35,16,0.017,10000,10.101010101010102,8291.748474731572,140.95972407043675
1,S-35,16,0.017,10000,10.606060606060607,8305.182359385808,141.18810010955875
1,S-35,16,0.017,10000,11.111111111111112,8415.446463953678,143.06258988721254
1,S-35,16,0.017,10000,11.616161616161618,8159.035893415554,138.70361018806443
1,S-35,16,0.017,10000,12.121212121212121,7987.6418211930195,135.78991096028133
1,S-35,16,0.017,10000,12.626262626262626,7834.070604669188,133.1792002793762
1,S-35,16,0.017,10000,13.131313131313131,8002.786723053793,136.04737429191448
1,S-35,16,0.017,10000,13.636363636363637,7937.650549833026,134.94005934716145
1,S-35,16,0.017,10000,14.141414141414142,8103.858470999038,137.76559400698366
1,S-35,16,0.017,10000,14.646464646464647,7810.292705925483,132.7749760007332
1,S-35,16,0.017,10000,15.151515151515152,7713.9255316055205,131.13673403729385
1,S-35,16,0.017,10000,15.656565656565657,7502.12627021226,127.53614659360844
1,S-35,16,0.017,10000,16.161616161616163,7551.149237958766,128.36953704529904
1,S-35,16,0.017,10000,16.666666666666668,7466.628751367885,126.93268877325406
1,S-35,16,0.017,10000,17.171717171717173,7412.998975510484,126.02098258367825
1,S-35,16,0.017,10000,17.67676767676768,7262.386633762593,123.46057277396409
1,S-35,16,0.017,10000,18.181818181818183,7420.179356372384,126.14304905833053
1,S-35,16,0.017,10000,18.68686868686869,7257.644673804352,123.379959454674
1,S-35,16,0.017,10000,19.191919191919194,7187.240831998459,122.1830941439738
1,S-35,16,0.017,10000,19.6969696969697,6909.2031394684855,117.45645337096425
1,S-35,16,0.017,10000,20.202020202020204,7163.331835140929,121.7766411973958
1,S-35,16,0.017,10000,20.70707070707071,7101.159400120638,120.71970980205084
1,S-35,16,0.017,10000,21.212121212121215,6855.518997634241,116.5438229597821
1,S-35,16,0.017,10000,21.71717171717172,7049.819995753952,119.84693992781719
1,S-35,16,0.017,10000,22.222222222222225,6666.751549346595,113.33477633889213
1,S-35,16,0.017,10000,22.72727272727273,6792.261590489166,115.46844703831583
1,S-35,16,0.017,10000,23.232323232323235,6700.597403676941,113.910155862508
1,S-35,16,0.017,10000,23.73737373737374,6503.581576049175,110.56088679283599
1,S-35,16,0.017,10000,24.242424242424242,6647.565875166563,113.00861987783158
1,S-35,16,0.017,10000,24.747474747474747,6789.399575823614,115.41979278900145
1,S-35,16,0.017,10000,25.252525252525253,6518.497693286651,110.81446078587308
1,S-35,16,0.017,10000,25.757575757575758,6394.2728697893845,108.70263878641954
1,S-35,16,0.017,10000,26.262626262626263,6456.0727543980065,109.75323682476612
1,S-35,16,0.017,10000,26.767676767676768,6357.573349069865,108.0787469341877
1,S-35,16,0.017,10000,27.272727272727273,6293.4148064150195,106.98805170905534
1,S-35,16,0.017,10000,27.77777777777778,6183.074269971075,105.11226258950829
1,S-35,16,0.017,10000,28.282828282828284,6358.672492135822,108.09743236630898
1,S-35,16,0.017,10000,28.78787878787879,6185.927901573218,105.16077432674471
1,S-35,16,0.017,10000,29.292929292929294,6013.311445797216,102.22629457855268
1,S-35,16,0.017,10000,29.7979797979798,6012.59853323708,102.21417506503037
1,S-35,16,0.017,10000,30.303030303030305,5885.580464746966,100.05486790069843
1,S-35,16,0.017,10000,30.80808080808081,5850.96899027311,99.46647283464287
1,S-35,16,0.017,10000,31.313131313131315,5797.13906993603,98.55136418891252
1,S-35,16,0.017,10000,31.81818181818182,5690.103730393768,96.73176341669406
1,S-35,16,0.017,10000,32.323232323232325,5862.147996462151,99.65651593985658
1,S-35,16,0.017,10000,32.82828282828283,5689.750786040904,96.72576336269537
1,S-35,16,0.017,10000,33.333333333333336,5737.0206004100355,97.5293502069706
1,S-35,16,0.017,10000,33.83838383838384,5550.230316703077,94.35391538395231
1,S-35,16,0.017,10000,34.343434343434346,5570.800332898955,94.70360565928225
1,S-35,16,0.017,10000,34.84848484848485,5451.211916277593,92.67060257671909
1,S-35,16,0.017,10000,35.35353535353536,5561.488311043038,94.54530128773166
1,S-35,16,0.017,10000,35.85858585858586,5408.697812534043,91.94786281307874
1,S-35,16,0.017,10000,36.36363636363637,5310.457104172603,90.27777077093425
1,S-35,16,0.017,10000,36.86868686868687,5167.723259248252,87.85129540722029
1,S-35,16,0.017,10000,37.37373737373738,5326.688475046735,90.5537040757945
1,S-35,16,0.017,10000,37.87878787878788,5177.7814758340655,88.02228508917912
1,S-35,16,0.017,10000,38.38383838383839,5205.648084976653,88.49601744460311
1,S-35,16,0.017,10000,38.88888888888889,5111.999915778711,86.90399856823808
1,S-35,16,0.017,10000,39.3939393939394,5216.319639986469,88.67743387976998
1,S-35,16,0.017,10000,39.8989898989899,5130.106233366068,87.21180596722317
1,S-35,16,0.017,10000,40.40404040404041,5076.494097597351,86.30039965915498
1,S-35,16,0.017,10000,40.909090909090914,4927.0063605373425,83.75910812913483
1,S-35,16,0.017,10000,41.41414141414142,4991.953284864528,84.86320584269697
1,S-35,16,0.017,10000,41.919191919191924,5071.722196357019,86.21927733806933
1,S-35,16,0.017,10000,42.42424242424243,4780.710559601395,81.27207951322373
1,S-35,16,0.017,10000,42.929292929292934,4836.6772648369815,82.2235135022287
1,S-35,16,0.017,10000,43.43434343434344,4621.228902315226,78.56089133935885
1,S-35,16,0.017,10000,43.939393939393945,4870.5291577045855,82.79899568097795
1,S-35,16,0.017,10000,44.44444444444445,4660.111894952882,79.22190221419899
1,S-35,16,0.017,10000,44.949494949494955,4730.230977559698,80.41392661851486
1,S-35,16,0.017,10000,45.45454545454546,4458.379430696516,75.79245032184078
1,S-35,16,0.017,10000,45.959595959595966,4742.628899979718,80.62469129965521
1,S-35,16,0.017,10000,46.46464646464647,4506.510275776662,76.61067468820326
1,S-35,16,0.017,10000,46.969696969696976,4549.213097130777,77.33662265122321
1,S-35,16,0.017,10000,47.47474747474748,4475.088866436265,76.0765107294165
1,S-35,16,0.017,10000,47.979797979797986,4400.8865704698355,74.81507169798721
1,S-35,16,0.017,10000,48.484848484848484,4533.537757743621,77.07014188164156
1,S-35,16,0.017,10000,48.98989898989899,4204.857628586152,71.48257968596458
1,S-35,16,0.017,10000,49.494949494949495,4336.7596705776,73.72491439981921
1,S-35,16,0.017,10000,50.0,4351.994031092381,73.98389852857049
1,H-3,1,0.056,10000,0.0,9994.028775672727,559.6656114376727
1,H-3,1,0.056,10000,0.5050505050505051,9698.15878728995,543.0968920882373
1,H-3,1,0.056,10000,1.0101010101010102,9423.07626292927,527.6922707240391
1,H-3,1,0.056,10000,1.5151515151515151,8960.960635885442,501.81379560958476
1,H-3,1,0.056,10000,2.0202020202020203,8937.143659440242,500.48004492865357
1,H-3,1,0.056,10000,2.5252525252525255,8770.318150610377,491.13781643418116
1,H-3,1,0.056,10000,3.0303030303030303,8450.783572437458,473.2438800564977
1,H-3,1,0.056,10000,3.5353535353535355,8159.189940811501,456.91463668544407
1,H-3,1,0.056,10000,4.040404040404041,7896.974288415117,442.2305601512466
1,H-3,1,0.056,10000,4.545454545454546,7709.382128541697,431.725399198335
1,H-3,1,0.056,10000,5.050505050505051,7726.071495030671,432.6600037217176
1,H-3,1,0.056,10000,5.555555555555556,7020.577370543389,393.1523327504298
1,H-3,1,0.056,10000,6.0606060606060606,7127.726087554478,399.1526609030508
1,H-3,1,0.056,10000,6.565656565656566,6878.025695917106,385.1694389713579
1,H-3,1,0.056,10000,7.070707070707071,6926.300504162832,387.8728282331186
1,H-3,1,0.056,10000,7.575757575757576,6549.913856219008,366.79517594826444
1,H-3,1,0.056,10000,8.080808080808081,6549.088587652025,366.7489609085134
1,H-3,1,0.056,10000,8.585858585858587,5920.202408826155,331.5313348942647
1,H-3,1,0.056,10000,9.090909090909092,6065.663262427422,339.67714269593563
1,H-3,1,0.056,10000,9.595959595959597,5875.533618991576,329.02988266352827
1,H-3,1,0.056,10000,10.101010101010102,5837.832106867468,326.9185979845782
1,H-3,1,0.056,10000,10.606060606060607,5340.22524139249,299.0526135179794
1,H-3,1,0.056,10000,11.111111111111112,5350.860223536289,299.6481725180322
1,H-3,1,0.056,10000,11.616161616161618,5224.715652004831,292.58407651227054
1,H-3,1,0.056,10000,12.121212121212121,5022.017845780291,281.2329993636963
1,H-3,1,0.056,10000,12.626262626262626,5050.840391526546,282.84706192548657
1,H-3,1,0.056,10000,13.131313131313131,4760.891157494307,266.60990481968116
1,H-3,1,0.056,10000,13.636363636363637,4849.316317841477,271.56171379912274
1,H-3,1,0.056,10000,14.141414141414142,4625.249319622997,259.0139618988878
1,H-3,1,0.056,10000,14.646464646464647,4487.165407092614,251.2812627971864
1,H-3,1,0.056,10000,15.151515151515152,4328.51325417553,242.39674223382968
1,H-3,1,0.056,10000,15.656565656565657,4072.731698356421,228.0729751079596
1,H-3,1,0.056,10000,16.161616161616163,4010.3369986352177,224.5788719235722
1,H-3,1,0.056,10000,16.666666666666668,3977.4530407622638,222.73737028268678
1,H-3,1,0.056,10000,17.171717171717173,3874.548254337913,216.97470224292314
1,H-3,1,0.056,10000,17.67676767676768,3813.2958817122517,213.5445693758861
1,H-3,1,0.056,10000,18.181818181818183,3578.7389154912985,200.40937926751272
1,H-3,1,0.056,10000,18.68686868686869,3451.35768944919,193.27603060915465
1,H-3,1,0.056,10000,19.191919191919194,3472.496401844682,194.4597985033022
1,H-3,1,0.056,10000,19.6969696969697,3264.901934084579,182.83450830873642
1,H-3,1,0.056,10000,20.202020202020204,3282.441209923319,183.81670775570586
1,H-3,1,0.056,10000,20.70707070707071,3211.379216092901,179.83723610120245
1,H-3,1,0.056,10000,21.212121212121215,3076.4858939738283,172.28321006253438
1,H-3,1,0.056,10000,21.71717171717172,2942.4606911327087,164.7777987034317
1,H-3,1,0.056,10000,22.222222222222225,2883.376362882542,161.46907632142234
1,H-3,1,0.056,10000,22.72727272727273,2833.9096237687518,158.6989389310501
1,H-3,1,0.056,10000,23.232323232323235,2723.121088839575,152.4947809750162
1,H-3,1,0.056,10000,23.73737373737374,2763.005441726837,154.72830473670288
1,H-3,1,0.056,10000,24.242424242424242,2521.8606926209445,141.2241987867729
1,H-3,1,0.056,10000,24.747474747474747,2450.934394525209,137.2523260934117
1,H-3,1,0.056,10000,25.252525252525253,2383.839404674182,133.4950066617542
1,H-3,1,0.056,10000,25.757575757575758,2335.6709155146127,130.7975712688183
1,H-3,1,0.056,10000,26.262626262626263,2197.50213563554,123.06011959559025
1,H-3,1,0.056,10000,26.767676767676768,2205.429383086183,123.50404545282625
1,H-3,1,0.056,10000,27.272727272727273,2142.9010988815703,120.00246153736794
1,H-3,1,0.056,10000,27.77777777777778,2114.035301753782,118.38597689821178
1,H-3,1,0.056,10000,28.282828282828284,2069.005387394598,115.86430169409749
1,H-3,1,0.056,10000,28.78787878787879,1945.1648772813546,108.92923312775586
1,H-3,1,0.056,10000,29.292929292929294,1973.921229851072,110.53958887166003
1,H-3,1,0.056,10000,29.7979797979798,1952.8867324143735,109.36165701520491
1,H-3,1,0.056,10000,30.303030303030305,1824.746353978996,102.18579582282378
1,H-3,1,0.056,10000,30.80808080808081,1837.3685827760225,102.89264063545727
1,H-3,1,0.056,10000,31.313131313131315,1738.4981892946494,97.35589860050037
1,H-3,1,0.056,10000,31.81818181818182,1750.2714793735981,98.0152028449215
1,H-3,1,0.056,10000,32.323232323232325,1672.9419876812728,93.68475131015128
1,H-3,1,0.056,10000,32.82828282828283,1540.9876730114286,86.29530968864
1,H-3,1,0.056,10000,33.333333333333336,1546.958746346985,86.62968979543116
1,H-3,1,0.056,10000,33.83838383838384,1534.9577465899797,85.95763380903887
1,H-3,1,0.056,10000,34.343434343434346,1462.231238719959,81.8849493683177
1,H-3,1,0.056,10000,34.84848484848485,1419.5387553181072,79.49417029781401
1,H-3,1,0.056,10000,35.35353535353536,1416.0415033336187,79.29832418668265
1,H-3,1,0.056,10000,35.85858585858586,1323.401688617199,74.11049456256315
1,H-3,1,0.056,10000,36.36363636363637,1305.4811988386352,73.10694713496358
1,H-3,1,0.056,10000,36.86868686868687,1276.8425681338665,71.50318381549653
1,H-3,1,0.056,10000,37.37373737373738,1225.0205237091845,68.60114932771434
1,H-3,1,0.056,10000,37.87878787878788,1198.3795972526575,67.10925744614882
1,H-3,1,0.056,10000,38.38383838383839,1183.4947378492002,66.27570531955521
1,H-3,1,0.056,10000,38.88888888888889,1142.7376293236782,63.99330724212598
1,H-3,1,0.056,10000,39.3939393939394,1083.5231456499382,60.677296156396544
1,H-3,1,0.056,10000,39.8989898989899,1046.9819699468321,58.6309903170226
1,H-3,1,0.056,10000,40.40404040404041,1024.3424804980943,57.363178907893285
1,H-3,1,0.056,10000,40.909090909090914,1011.7696950337087,56.65910292188769
1,H-3,1,0.056,10000,41.41414141414142,980.3841944043361,54.90151488664282
1,H-3,1,0.056,10000,41.919191919191924,940.1942369605083,52.65087726978847
1,H-3,1,0.056,10000,42.42424242424243,918.3215985749097,51.426009520194945
1,H-3,1,0.056,10000,42.929292929292934,876.0537906740511,49.05901227774687
1,H-3,1,0.056,10000,43.43434343434344,885.6656301055007,49.59727528590804
1,H-3,1,0.056,10000,43.939393939393945,853.1484936960109,47.776315646976606
1,H-3,1,0.056,10000,44.44444444444445,809.1083905031026,45.31006986817374
1,H-3,1,0.056,10000,44.949494949494955,807.3367771656307,45.21085952127532
1,H-3,1,0.056,10000,45.45454545454546,805.4362585623655,45.10443047949247
1,H-3,1,0.056,10000,45.959595959595966,751.2163461558353,42.068115384726774
1,H-3,1,0.056,10000,46.46464646464647,760.7333896636084,42.60106982116207
1,H-3,1,0.056,10000,46.969696969696976,715.9047852272583,40.09066797272647
1,H-3,1,0.056,10000,47.47474747474748,703.2435461393474,39.38163858380345
1,H-3,1,0.056,10000,47.979797979797986,682.2695351512358,38.2070939684692
1,H-3,1,0.056,10000,48.484848484848484,680.5039739754912,38.10822254262751
1,H-3,1,0.056,10000,48.98989898989899,645.5287160380061,36.14960809812834
1,H-3,1,0.056,10000,49.494949494949495,611.2587430481693,34.23048961069748
1,H-3,1,0.056,10000,50.0,592.1565881869125,33.1607689384671
2,U-238,92,0.00015,10000,0.0,9693.415789313975,1.454012368397096
2,U-238,92,0.00015,10000,0.5050505050505051,9656.874358078276,1.4485311537117411
2,U-238,92,0.00015,10000,1.0101010101010102,10007.710577128211,1.5011565865692316
2,U-238,92,0.00015,10000,1.5151515151515151,9806.096192453328,1.470914428867999
2,U-238,92,0.00015,10000,2.0202020202020203,9980.812730402913,1.497121909560437
2,U-238,92,0.00015,10000,2.5252525252525255,9855.494343881275,1.4783241515821912
2,U-238,92,0.00015,10000,3.0303030303030303,9841.368773591757,1.4762053160387636
2,U-238,92,0.00015,10000,3.5353535353535355,9898.580292608693,1.4847870438913038
2,U-238,92,0.00015,10000,4.040404040404041,10134.57308378501,1.5201859625677514
2,U-238,92,0.00015,10000,4.545454545454546,10178.886513160402,1.52683297697406
2,U-238,92,0.00015,10000,5.050505050505051,10066.605404866123,1.5099908107299183
2,U-238,92,0.00015,10000,5.555555555555556,9793.870529721496,1.4690805794582245
2,U-238,92,0.00015,10000,6.0606060606060606,10119.522506287543,1.5179283759431315
2,U-238,92,0.00015,10000,6.565656565656566,10127.800071542453,1.519170010731368
2,U-238,92,0.00015,10000,7.070707070707071,10044.270774940602,1.5066406162410901
2,U-238,92,0.00015,10000,7.575757575757576,9868.055839144517,1.4802083758716775
2,U-238,92,0.00015,10000,8.080808080808081,10129.48630553484,1.5194229458302257
2,U-238,92,0.00015,10000,8.585858585858587,10071.584378941605,1.5107376568412405
2,U-238,92,0.00015,10000,9.090909090909092,9363.85108382006,1.4045776625730089
2,U-238,92,0.00015,10000,9.595959595959597,10114.321430981108,1.5171482146471662
2,U-238,92,0.00015,10000,10.101010101010102,9602.690906210177,1.4404036359315264
2,U-238,92,0.00015,10000,10.606060606060607,10116.60490728851,1.5174907360932766
2,U-238,92,0.00015,10000,11.111111111111112,9952.58404951644,1.4928876074274657
2,U-238,92,0.00015,10000,11.616161616161618,10220.897671713297,1.5331346507569945
2,U-238,92,0.00015,10000,12.121212121212121,9962.238121045199,1.4943357181567796
2,U-238,92,0.00015,10000,12.626262626262626,9804.091198670707,1.470613679800606
2,U-238,92,0.00015,10000,13.131313131313131,9950.909674469029,1.4926364511703543
2,U-238,92,0.00015,10000,13.636363636363637,10191.09450468561,1.5286641757028414
2,U-238,92,0.00015,10000,14.141414141414142,9984.048561038115,1.497607284155717
2,U-238,92,0.00015,10000,14.646464646464647,9955.237569802166,1.4932856354703248
2,U-238,92,0.00015,10000,15.151515151515152,10125.671642171716,1.5188507463257572
2,U-238,92,0.00015,10000,15.656565656565657,10018.5158909446,1.5027773836416898
2,U-238,92,0.00015,10000,16.161616161616163,9974.604326029756,1.4961906489044632
2,U-238,92,0.00015,10000,16.666666666666668,10247.561060697564,1.5371341591046346
2,U-238,92,0.00015,10000,17.171717171717173,10284.498286335956,1.5426747429503933
2,U-238,92,0.00015,10000,17.67676767676768,10095.860397428653,1.5143790596142976
2,U-238,92,0.00015,10000,18.181818181818183,9915.72836394209,1.4873592545913132
2,U-238,92,0.00015,10000,18.68686868686869,10270.553141534905,1.5405829712302357
2,U-238,92,0.00015,10000,19.191919191919194,10207.197219554904,1.5310795829332355
2,U-238,92,0.00015,10000,19.6969696969697,10113.85340636234,1.5170780109543507
2,U-238,92,0.00015,10000,20.202020202020204,9727.263421433316,1.4590895132149972
2,U-238,92,0.00015,10000,20.70707070707071,9997.034711241688,1.499555206686253
2,U-238,92,0.00015,10000,21.212121212121215,9819.97044326732,1.472995566490098
2,U-238,92,0.00015,10000,21.71717171717172,9935.778223878398,1.4903667335817596
2,U-238,92,0.00015,10000,22.222222222222225,10014.573774885514,1.5021860662328268
2,U-238,92,0.00015,10000,22.72727272727273,9985.930841820651,1.4978896262730976
2,U-238,92,0.00015,10000,23.232323232323235,9870.507750616149,1.480576162592422
2,U-238,92,0.00015,10000,23.73737373737374,10218.143118146976,1.5327214677220462
2,U-238,92,0.00015,10000,24.242424242424242,9625.707455815225,1.4438561183722838
2,U-238,92,0.00015,10000,24.747474747474747,10108.443207131862,1.5162664810697792
2,U-238,92,0.00015,10000,25.252525252525253,9592.100729972362,1.4388151094958543
2,U-238,92,0.00015,10000,25.757575757575758,10037.662732486513,1.505649409872977
2,U-238,92,0.00015,10000,26.262626262626263,9784.000086221196,1.4676000129331794
2,U-238,92,0.00015,10000,26.767676767676768,10134.885845354629,1.5202328768031943
2,U-238,92,0.00015,10000,27.272727272727273,9976.394388191618,1.4964591582287425
2,U-238,92,0.00015,10000,27.77777777777778,10007.755301611542,1.501163295241731
2,U-238,92,0.00015,10000,28.282828282828284,9754.871920607235,1.463230788091085
2,U-238,92,0.00015,10000,28.78787878787879,9826.561346003984,1.4739842019005975
2,U-238,92,0.00015,10000,29.292929292929294,9997.418776377042,1.4996128164565563
2,U-238,92,0.00015,10000,29.7979797979798,10071.596245963896,1.5107394368945843
2,U-238,92,0.00015,10000,30.303030303030305,10537.811080264577,1.5806716620396863
2,U-238,92,0.00015,10000,30.80808080808081,9998.26065720277,1.4997390985804155
2,U-238,92,0.00015,10000,31.313131313131315,10147.43320940877,1.5221149814113153
2,U-238,92,0.00015,10000,31.81818181818182,9642.482277734525,1.4463723416601786
2,U-238,92,0.00015,10000,32.323232323232325,9686.940599413463,1.4530410899120194
2,U-238,92,0.00015,10000,32.82828282828283,9880.128910785283,1.4820193366177923
2,U-238,92,0.00015,10000,33.333333333333336,9711.833691908561,1.456775053786284
2,U-238,92,0.00015,10000,33.83838383838384,10245.145776371606,1.5367718664557408
2,U-238,92,0.00015,10000,34.343434343434346,9866.99513569769,1.4800492703546535
2,U-238,92,0.00015,10000,34.84848484848485,10222.858796380586,1.5334288194570878
2,U-238,92,0.00015,10000,35.35353535353536,10242.8938374789,1.5364340756218349
2,U-238,92,0.00015,10000,35.85858585858586,9954.86656591122,1.4932299848866828
2,U-238,92,0.00015,10000,36.36363636363637,10045.417058775678,1.5068125588163517
2,U-238,92,0.00015,10000,36.86868686868687,9933.691592933137,1.4900537389399704
2,U-238,92,0.00015,10000,37.37373737373738,10051.18162730051,1.5076772440950763
2,U-238,92,0.00015,10000,37.87878787878788,10039.463603870106,1.505919540580516
2,U-238,92,0.00015,10000,38.38383838383839,9918.001723301923,1.4877002584952883
2,U-238,92,0.00015,10000,38.88888888888889,10042.243054823717,1.5063364582235574
2,U-238,92,0.00015,10000,39.3939393939394,10283.791500699286,1.5425687251048927
2,U-238,92,0.00015,10000,39.8989898989899,10082.082586408098,1.5123123879612146
2,U-238,92,0.00015,10000,40.40404040404041,10004.343432049287,1.500651514807393
2,U-238,92,0.00015,10000,40.909090909090914,9963.625500750151,1.4945438251125225
2,U-238,92,0.00015,10000,41.41414141414142,9736.790986214133,1.46051864793212
2,U-238,92,0.00015,10000,41.919191919191924,9733.146960592116,1.4599720440888173
2,U-238,92,0.00015,10000,42.42424242424243,10000.826755190008,1.500124013278501
2,U-238,92,0.00015,10000,42.929292929292934,9663.692664119908,1.449553899617986
2,U-238,92,0.00015,10000,43.43434343434344,9782.790043175533,1.4674185064763299
2,U-238,92,0.00015,10000,43.939393939393945,10188.926190916482,1.528338928637472
2,U-238,92,0.00015,10000,44.44444444444445,10313.857184513196,1.547078577676979
2,U-238,92,0.00015,10000,44.949494949494955,9601.850293681884,1.4402775440522826
2,U-238,92,0.00015,10000,45.45454545454546,10255.169391179059,1.5382754086768586
2,U-238,92,0.00015,10000,45.959595959595966,9889.30056072733,1.4833950841090993
2,U-238,92,0.00015,10000,46.46464646464647,9927.565176444567,1.489134776466685
2,U-238,92,0.00015,10000,46.969696969696976,9907.269984375347,1.4860904976563019
2,U-238,92,0.00015,10000,47.47474747474748,10143.616171540356,1.5215424257310532
2,U-238,92,0.00015,10000,47.979797979797986,9609.059121590908,1.441358868238636
2,U-238,92,0.00015,10000,48.484848484848484,10018.108168615961,1.502716225292394
2,U-238,92,0.00015,10000,48.98989898989899,9739.194036052453,1.4608791054078678
2,U-238,92,0.00015,10000,49.494949494949495,10039.345801639312,1.5059018702458968
2,U-238,92,0.00015,10000,50.0,10231.534277917002,1.5347301416875503
2,U-235,92,0.00098,10000,0.0,9999.916534717475,9.799918204023125
2,U-235,92,0.00098,10000,0.5050505050505051,10069.845718507806,9.86844880413765
2,U-235,92,0.00098,10000,1.0101010101010102,10071.935220772752,9.870496516357296
2,U-235,92,0.00098,10000,1.5151515151515151,9825.481112472437,9.628971490222987
2,U-235,92,0.00098,10000,2.0202020202020203,10281.951519257258,10.076312488872112
2,U-235,92,0.00098,10000,2.5252525252525255,10315.73319998163,10.109418535981998
2,U-235,92,0.00098,10000,3.0303030303030303,10110.287558116055,9.908081806953733
2,U-235,92,0.00098,10000,3.5353535353535355,9980.01987762205,9.780419480069607
2,U-235,92,0.00098,10000,4.040404040404041,9868.468625325728,9.671099252819213
2,U-235,92,0.00098,10000,4.545454545454546,9830.812473081614,9.634196223619982
2,U-235,92,0.00098,10000,5.050505050505051,10291.105281492624,10.085283175862772
2,U-235,92,0.00098,10000,5.555555555555556,10227.050549552943,10.022509538561884
2,U-235,92,0.00098,10000,6.0606060606060606,9928.125194168426,9.729562690285057
2,U-235,92,0.00098,10000,6.565656565656566,9621.903656432449,9.4294655833038
2,U-235,92,0.00098,10000,7.070707070707071,9368.45542005462,9.181086311653528
2,U-235,92,0.00098,10000,7.575757575757576,9710.949927220025,9.516730928675624
2,U-235,92,0.00098,10000,8.080808080808081,9895.202808100874,9.697298751938856
2,U-235,92,0.00098,10000,8.585858585858587,10194.002160562817,9.99012211735156
2,U-235,92,0.00098,10000,9.090909090909092,9782.129508557951,9.586486918386791
2,U-235,92,0.00098,10000,9.595959595959597,10006.418473700987,9.806290104226967
2,U-235,92,0.00098,10000,10.101010101010102,10159.567323470772,9.956375977001356
2,U-235,92,0.00098,10000,10.606060606060607,9922.04035676058,9.72359954962537
2,U-235,92,0.00098,10000,11.111111111111112,9863.520767858945,9.666250352501766
2,U-235,92,0.00098,10000,11.616161616161618,9628.017274566857,9.435456929075519
2,U-235,92,0.00098,10000,12.121212121212121,9644.259691457988,9.451374497628828
2,U-235,92,0.00098,10000,12.626262626262626,9959.2215553736,9.760037124266129
2,U-235,92,0.00098,10000,13.131313131313131,9832.469870116714,9.63582047271438
2,U-235,92,0.00098,10000,13.636363636363637,9891.433555155112,9.693604884052009
2,U-235,92,0.00098,10000,14.141414141414142,9853.044616088284,9.655983723766518
2,U-235,92,0.00098,10000,14.646464646464647,9988.425719945848,9.788657205546931
2,U-235,92,0.00098,10000,15.151515151515152,9697.987689221718,9.504027935437284
2,U-235,92,0.00098,10000,15.656565656565657,9781.642567374633,9.58600971602714
2,U-235,92,0.00098,10000,16.161616161616163,10216.141107650928,10.01181828549791
2,U-235,92,0.00098,10000,16.666666666666668,9680.62750904671,9.487014958865775
2,U-235,92,0.00098,10000,17.171717171717173,9777.74988844884,9.582194890679862
2,U-235,92,0.00098,10000,17.67676767676768,9712.406612397397,9.518158480149449
2,U-235,92,0.00098,10000,18.181818181818183,9910.781504467031,9.71256587437769
2,U-235,92,0.00098,10000,18.68686868686869,10019.303254521514,9.818917189431083
2,U-235,92,0.00098,10000,19.191919191919194,9715.891117841771,9.521573295484936
2,U-235,92,0.00098,10000,19.6969696969697,9724.187482816564,9.529703733160233
2,U-235,92,0.00098,10000,20.202020202020204,9749.26460266224,9.554279310608996
2,U-235,92,0.00098,10000,20.70707070707071,9902.95391719003,9.70489483884623
2,U-235,92,0.00098,10000,21.212121212121215,9649.430296964476,9.456441691025185
2,U-235,92,0.00098,10000,21.71717171717172,9715.81192494253,9.52149568644368
2,U-235,92,0.00098,10000,22.222222222222225,9320.358213019663,9.13395104875927
2,U-235,92,0.00098,10000,22.72727272727273,9509.47279166848,9.319283335835111
2,U-235,92,0.00098,10000,23.232323232323235,9752.912989962831,9.557854730163575
2,U-235,92,0.00098,10000,23.73737373737374,9945.502339009267,9.746592292229082
2,U-235,92,0.00098,10000,24.242424242424242,9822.853760948336,9.626396685729368
2,U-235,92,0.00098,10000,24.747474747474747,9545.903822898219,9.354985746440255
2,U-235,92,0.00098,10000,25.252525252525253,9482.35660063039,9.292709468617781
2,U-235,92,0.00098,10000,25.757575757575758,9784.800205166632,9.589104201063298
2,U-235,92,0.00098,10000,26.262626262626263,9423.748578018894,9.235273606458517
2,U-235,92,0.00098,10000,26.767676767676768,9948.753281545498,9.749778215914588
2,U-235,92,0.00098,10000,27.272727272727273,9748.709606991393,9.553735414851564
2,U-235,92,0.00098,10000,27.77777777777778,9418.618527184452,9.230246156640762
2,U-235,92,0.00098,10000,28.282828282828284,9538.724648610194,9.34795015563799
2,U-235,92,0.00098,10000,28.78787878787879,9580.988741349278,9.389368966522293
2,U-235,92,0.00098,10000,29.292929292929294,9566.748228123844,9.375413263561367
2,U-235,92,0.00098,10000,29.7979797979798,9422.79176704675,9.234335931705814
2,U-235,92,0.00098,10000,30.303030303030305,9537.58260660596,9.346830954473841
2,U-235,92,0.00098,10000,30.80808080808081,9569.78364742552,9.37838797447701
2,U-235,92,0.00098,10000,31.313131313131315,9559.833912370537,9.368637234123126
2,U-235,92,0.00098,10000,31.81818181818182,9911.658726225294,9.713425551700787
2,U-235,92,0.00098,10000,32.323232323232325,9708.508700905446,9.514338526887336
2,U-235,92,0.00098,10000,32.82828282828283,9491.040675635159,9.301219862122455
2,U-235,92,0.00098,10000,33.333333333333336,9613.83781312549,9.42156105686298
2,U-235,92,0.00098,10000,33.83838383838384,9503.648447181837,9.3135754782382
2,U-235,92,0.00098,10000,34.343434343434346,9611.019656308712,9.418799263182537
2,U-235,92,0.00098,10000,34.84848484848485,9833.4734531716,9.636803984108168
2,U-235,92,0.00098,10000,35.35353535353536,9708.204555900662,9.514040464782648
2,U-235,92,0.00098,10000,35.85858585858586,10096.02411709639,9.894103634754462
2,U-235,92,0.00098,10000,36.36363636363637,9722.464682268339,9.528015388622972
2,U-235,92,0.00098,10000,36.86868686868687,9468.90144684601,9.27952341790909
2,U-235,92,0.00098,10000,37.37373737373738,9796.487546539602,9.60055779560881
2,U-235,92,0.00098,10000,37.87878787878788,9843.70889269413,9.646834714840248
2,U-235,92,0.00098,10000,38.38383838383839,9841.580004610583,9.64474840451837
2,U-235,92,0.00098,10000,38.88888888888889,9415.395210578721,9.227087306367146
2,U-235,92,0.00098,10000,39.3939393939394,9592.887285791981,9.401029540076141
2,U-235,92,0.00098,10000,39.8989898989899,9834.21787637149,9.637533518844059
2,U-235,92,0.00098,10000,40.40404040404041,9287.912367067203,9.102154119725858
2,U-235,92,0.00098,10000,40.909090909090914,9511.06284019862,9.320841583394646
2,U-235,92,0.00098,10000,41.41414141414142,9328.230434756562,9.14166582606143
2,U-235,92,0.00098,10000,41.919191919191924,9418.50856264951,9.230138391396519
2,U-235,92,0.00098,10000,42.42424242424243,9398.52129794546,9.210550871986552
2,U-235,92,0.00098,10000,42.929292929292934,9827.829608298487,9.631273016132518
2,U-235,92,0.00098,10000,43.43434343434344,9538.322577855892,9.347556126298773
2,U-235,92,0.00098,10000,43.939393939393945,9413.139761054383,9.224876965833294
2,U-235,92,0.00098,10000,44.44444444444445,9375.500137236162,9.18799013449144
2,U-235,92,0.00098,10000,44.949494949494955,9596.168698320294,9.404245324353889
2,U-235,92,0.00098,10000,45.45454545454546,9562.191154836653,9.37094733173992
2,U-235,92,0.00098,10000,45.959595959595966,9816.564524965332,9.620233234466024
2,U-235,92,0.00098,10000,46.46464646464647,9650.409994478649,9.457401794589074
2,U-235,92,0.00098,10000,46.969696969696976,9276.653115062685,9.09112005276143
2,U-235,92,0.00098,10000,47.47474747474748,9425.327050835325,9.23682050981862
2,U-235,92,0.00098,10000,47.979797979797986,9744.865647597431,9.549968334645483
2,U-235,92,0.00098,10000,48.484848484848484,9417.507847690533,9.229157690736722
2,U-235,92,0.00098,10000,48.98989898989899,9861.894124388635,9.664656241900861
2,U-235,92,0.00098,10000,49.494949494949495,9317.267638545542,9.13092228577463
2,U-235,92,0.00098,10000,50.0,9630.857622860813,9.438240470403596
2,Th-232,90,4.9e-05,10000,0.0,9827.756889320272,0.4815600875766933
2,Th-232,90,4.9e-05,10000,0.5050505050505051,9897.836023932745,0.4849939651727045
2,Th-232,90,4.9e-05,10000,1.0101010101010102,10219.21051782031,0.5007413153731951
2,Th-232,90,4.9e-05,10000,1.5151515151515151,9973.846057433682,0.4887184568142504
2,Th-232,90,4.9e-05,10000,2.0202020202020203,10161.684495112268,0.4979225402605011
2,Th-232,90,4.9e-05,10000,2.5252525252525255,10093.409109774693,0.49457704637895994
2,Th-232,90,4.9e-05,10000,3.0303030303030303,10149.266012596569,0.49731403461723184
2,Th-232,90,4.9e-05,10000,3.5353535353535355,9820.660954505307,0.48121238677076
2,Th-232,90,4.9e-05,10000,4.040404040404041,9953.714290928965,0.48773200025551927
2,Th-232,90,4.9e-05,10000,4.545454545454546,10082.604602490415,0.49404762552203035
2,Th-232,90,4.9e-05,10000,5.050505050505051,9827.753003799355,0.4815598971861684
2,Th-232,90,4.9e-05,10000,5.555555555555556,10323.089451765043,0.5058313831364871
2,Th-232,90,4.9e-05,10000,6.0606060606060606,9841.631291292091,0.48223993327331244
2,Th-232,90,4.9e-05,10000,6.565656565656566,9936.801930505162,0.4869032945947529
2,Th-232,90,4.9e-05,10000,7.070707070707071,9795.293876040947,0.4799693999260064
2,Th-232,90,4.9e-05,10000,7.575757575757576,9567.786049502956,0.46882151642564485
2,Th-232,90,4.9e-05,10000,8.080808080808081,10355.282619114598,0.5074088483366153
2,Th-232,90,4.9e-05,10000,8.585858585858587,9954.943216511361,0.48779221760905667
2,Th-232,90,4.9e-05,10000,9.090909090909092,9906.00337511731,0.4853941653807482
2,Th-232,90,4.9e-05,10000,9.595959595959597,9955.574755592264,0.48782316302402096
2,Th-232,90,4.9e-05,10000,10.101010101010102,10278.884006748938,0.503665316330698
2,Th-232,90,4.9e-05,10000,10.606060606060607,9801.883345415308,0.48029228392535006
2,Th-232,90,4.9e-05,10000,11.111111111111112,10130.396633288652,0.4963894350311439
2,Th-232,90,4.9e-05,10000,11.616161616161618,9909.60028033013,0.4855704137361764
2,Th-232,90,4.9e-05,10000,12.121212121212121,9874.799054644844,0.4838651536775973
2,Th-232,90,4.9e-05,10000,12.626262626262626,10107.156542696775,0.495250670592142
2,Th-232,90,4.9e-05,10000,13.131313131313131,10191.088708229268,0.4993633467032341
2,Th-232,90,4.9e-05,10000,13.636363636363637,9890.60847678237,0.48463981536233613
2,Th-232,90,4.9e-05,10000,14.141414141414142,9839.409790049422,0.48213107971242164
2,Th-232,90,4.9e-05,10000,14.646464646464647,9759.174403912946,0.47819954579173435
2,Th-232,90,4.9e-05,10000,15.151515151515152,10213.11547342809,0.5004426581979764
2,Th-232,90,4.9e-05,10000,15.656565656565657,9877.36825605458,0.4839910445466744
2,Th-232,90,4.9e-05,10000,16.161616161616163,9622.550553965399,0.4715049771443045
2,Th-232,90,4.9e-05,10000,16.666666666666668,10273.596896654959,0.503406247936093
2,Th-232,90,4.9e-05,10000,17.171717171717173,9717.847923966958,0.47617454827438094
2,Th-232,90,4.9e-05,10000,17.67676767676768,10147.099270889466,0.4972078642735838
2,Th-232,90,4.9e-05,10000,18.181818181818183,10027.747936746155,0.49135964890056155
2,Th-232,90,4.9e-05,10000,18.68686868686869,10048.378009443062,0.49237052246271
2,Th-232,90,4.9e-05,10000,19.191919191919194,9873.835183057126,0.48381792396979917
2,Th-232,90,4.9e-05,10000,19.6969696969697,10063.40089679676,0.4931066439430412
2,Th-232,90,4.9e-05,10000,20.202020202020204,9656.87995276237,0.47318711768535615
2,Th-232,90,4.9e-05,10000,20.70707070707071,10107.34696133209,0.4952600011052724
2,Th-232,90,4.9e-05,10000,21.212121212121215,10300.68996753186,0.5047338084090611
2,Th-232,90,4.9e-05,10000,21.71717171717172,10165.981639401816,0.49813310033068897
2,Th-232,90,4.9e-05,10000,22.222222222222225,9585.648591863814,0.46969678100132684
2,Th-232,90,4.9e-05,10000,22.72727272727273,9792.24712270955,0.47982010901276795
2,Th-232,90,4.9e-05,10000,23.232323232323235,9951.10638656534,0.48760421294170164
2,Th-232,90,4.9e-05,10000,23.73737373737374,10085.649701052662,0.49419683535158043
2,Th-232,90,4.9e-05,10000,24.242424242424242,9966.823052922875,0.48837432959322086
2,Th-232,90,4.9e-05,10000,24.747474747474747,9889.3577537407,0.4845785299332943
2,Th-232,90,4.9e-05,10000,25.252525252525253,10106.54674579213,0.49522079054381435
2,Th-232,90,4.9e-05,10000,25.757575757575758,10219.923427761683,0.5007762479603225
2,Th-232,90,4.9e-05,10000,26.262626262626263,9940.740536223086,0.4870962862749312
2,Th-232,90,4.9e-05,10000,26.767676767676768,10132.487319892934,0.49649187867475375
2,Th-232,90,4.9e-05,10000,27.272727272727273,9471.523989508209,0.46410467548590223
2,Th-232,90,4.9e-05,10000,27.77777777777778,9799.151307865173,0.4801584140853935
2,Th-232,90,4.9e-05,10000,28.282828282828284,9921.98820753392,0.48617742216916204
2,Th-232,90,4.9e-05,10000,28.78787878787879,9888.328377338617,0.4845280904895922
2,Th-232,90,4.9e-05,10000,29.292929292929294,10052.120936311398,0.49255392587925845
2,Th-232,90,4.9e-05,10000,29.7979797979798,10187.863934063505,0.4992053327691118
2,Th-232,90,4.9e-05,10000,30.303030303030305,10086.345985084798,0.49423095326915506
2,Th-232,90,4.9e-05,10000,30.80808080808081,9860.658054806587,0.4831722446855227
2,Th-232,90,4.9e-05,10000,31.313131313131315,9680.581644122698,0.47434850056201217
2,Th-232,90,4.9e-05,10000,31.81818181818182,10095.640526308449,0.494686385789114
2,Th-232,90,4.9e-05,10000,32.323232323232325,9617.120618432418,0.4712389103031885
2,Th-232,90,4.9e-05,10000,32.82828282828283,10114.324604481535,0.4956019056195952
2,Th-232,90,4.9e-05,10000,33.333333333333336,9946.051691657052,0.48735653289119557
2,Th-232,90,4.9e-05,10000,33.83838383838384,9748.655535696782,0.4776841212491423
2,Th-232,90,4.9e-05,10000,34.343434343434346,10040.540731637991,0.49198649585026155
2,Th-232,90,4.9e-05,10000,34.84848484848485,9982.364574067025,0.4891358641292842
2,Th-232,90,4.9e-05,10000,35.35353535353536,9975.384973843684,0.4887938637183405
2,Th-232,90,4.9e-05,10000,35.85858585858586,9965.629632344553,0.4883158519848831
2,Th-232,90,4.9e-05,10000,36.36363636363637,10065.953134800799,0.4932317036052391
2,Th-232,90,4.9e-05,10000,36.86868686868687,10166.503747773953,0.4981586836409237
2,Th-232,90,4.9e-05,10000,37.37373737373738,10080.844941552865,0.49396140213609036
2,Th-232,90,4.9e-05,10000,37.87878787878788,10183.507878408875,0.4989918860420348
2,Th-232,90,4.9e-05,10000,38.38383838383839,9972.39823959762,0.48864751374028337
2,Th-232,90,4.9e-05,10000,38.88888888888889,10304.038227955069,0.5048978731697984
2,Th-232,90,4.9e-05,10000,39.3939393939394,10094.717282148844,0.4946411468252933
2,Th-232,90,4.9e-05,10000,39.8989898989899,9871.942169857886,0.4837251663230364
2,Th-232,90,4.9e-05,10000,40.40404040404041,9761.875303692772,0.4783318898809458
2,Th-232,90,4.9e-05,10000,40.909090909090914,10021.051560624634,0.49103152647060705
2,Th-232,90,4.9e-05,10000,41.41414141414142,9718.953067662751,0.47622870031547476
2,Th-232,90,4.9e-05,10000,41.919191919191924,9785.204943740831,0.47947504224330073
2,Th-232,90,4.9e-05,10000,42.42424242424243,10026.951830099488,0.4913206396748749
2,Th-232,90,4.9e-05,10000,42.929292929292934,9857.664739761847,0.4830255722483305
2,Th-232,90,4.9e-05,10000,43.43434343434344,9792.4734052837,0.47983119685890124
2,Th-232,90,4.9e-05,10000,43.939393939393945,9971.612678018504,0.48860902122290667
2,Th-232,90,4.9e-05,10000,44.44444444444445,9992.749877599628,0.4896447440023818
2,Th-232,90,4.9e-05,10000,44.949494949494955,9936.922751368833,0.4869092148170728
2,Th-232,90,4.9e-05,10000,45.45454545454546,9902.410667068625,0.4852181226863626
2,Th-232,90,4.9e-05,10000,45.959595959595966,10148.049181249271,0.4972544098812143
2,Th-232,90,4.9e-05,10000,46.46464646464647,10045.587944049554,0.49223380925842813
2,Th-232,90,4.9e-05,10000,46.969696969696976,9932.42881605817,0.4866890119868503
2,Th-232,90,4.9e-05,10000,47.47474747474748,10468.48359749193,0.5129556962771046
2,Th-232,90,4.9e-05,10000,47.979797979797986,10015.192827950512,0.49074444856957505
2,Th-232,90,4.9e-05,10000,48.484848484848484,10202.134414231561,0.49990458629734646
2,Th-232,90,4.9e-05,10000,48.98989898989899,9864.096542494059,0.48334073058220883
2,Th-232,90,4.9e-05,10000,49.494949494949495,9703.848964975474,0.4754885992837982
2,Th-232,90,4.9e-05,10000,50.0,9817.566170704806,0.48106074236453544
2,Ra-226,88,0.00433,10000,0.0,9946.398043320378,43.06790352757723
2,Ra-226,88,0.00433,10000,0.5050505050505051,9879.050531801508,42.77628880270053
2,Ra-226,88,0.00433,10000,1.0101010101010102,10222.468923615514,44.26329043925517
2,Ra-226,88,0.00433,10000,1.5151515151515151,9910.757445828975,42.91357974043946
2,Ra-226,88,0.00433,10000,2.0202020202020203,10004.396689789168,43.319037666787096
2,Ra-226,88,0.00433,10000,2.5252525252525255,9882.05705535358,42.789307049681
2,Ra-226,88,0.00433,10000,3.0303030303030303,9784.064410421079,42.364998897123264
2,Ra-226,88,0.00433,10000,3.5353535353535355,9855.568682006357,42.67461239308752
2,Ra-226,88,0.00433,10000,4.040404040404041,10163.436988773994,44.00768216139139
2,Ra-226,88,0.00433,10000,4.545454545454546,9654.509695700684,41.80402698238396
2,Ra-226,88,0.00433,10000,5.050505050505051,9933.766882633765,43.0132106018042
2,Ra-226,88,0.00433,10000,5.555555555555556,9561.99061754764,41.40341937398128
2,Ra-226,88,0.00433,10000,6.0606060606060606,9651.444834093983,41.79075613162694
2,Ra-226,88,0.00433,10000,6.565656565656566,9720.406723866457,42.089361114341756
2,Ra-226,88,0.00433,10000,7.070707070707071,9761.784494755115,42.26852686228964
2,Ra-226,88,0.00433,10000,7.575757575757576,9964.344903884588,43.145613433820266
2,Ra-226,88,0.00433,10000,8.080808080808081,9646.479587299573,41.769256613007144
2,Ra-226,88,0.00433,10000,8.585858585858587,9472.492329541592,41.01589178691509
2,Ra-226,88,0.00433,10000,9.090909090909092,9739.000658411162,42.16987285092033
2,Ra-226,88,0.00433,10000,9.595959595959597,9523.139161817611,41.23519257067025
2,Ra-226,88,0.00433,10000,10.101010101010102,9617.746570691797,41.64484265109548
2,Ra-226,88,0.00433,10000,10.606060606060607,9528.94202276937,41.26031895859137
2,Ra-226,88,0.00433,10000,11.111111111111112,9159.84517591785,39.66212961172429
2,Ra-226,88,0.00433,10000,11.616161616161618,9606.133213214185,41.594556813217416
2,Ra-226,88,0.00433,10000,12.121212121212121,9599.394905641137,41.565379941426116
2,Ra-226,88,0.00433,10000,12.626262626262626,9643.420259480346,41.756009723549894
2,Ra-226,88,0.00433,10000,13.131313131313131,9787.46597140918,42.379727656201744
2,Ra-226,88,0.00433,10000,13.636363636363637,9201.322956694936,39.84172840248907
2,Ra-226,88,0.00433,10000,14.141414141414142,9503.212765588993,41.14891127500034
2,Ra-226,88,0.00433,10000,14.646464646464647,9462.32834700828,40.971881742545854
2,Ra-226,88,0.00433,10000,15.151515151515152,9286.503124218058,40.21055852786419
2,Ra-226,88,0.00433,10000,15.656565656565657,9418.755014221802,40.7832092115804
2,Ra-226,88,0.00433,10000,16.161616161616163,9417.301992279134,40.77691762656865
2,Ra-226,88,0.00433,10000,16.666666666666668,9076.991408930377,39.30337280066853
2,Ra-226,88,0.00433,10000,17.171717171717173,9329.150192675585,40.39522033428528
2,Ra-226,88,0.00433,10000,17.67676767676768,9093.08625061393,39.37306346515831
2,Ra-226,88,0.00433,10000,18.181818181818183,9122.418551361417,39.50007232739493
2,Ra-226,88,0.00433,10000,18.68686868686869,8895.36893095894,38.51694747105221
2,Ra-226,88,0.00433,10000,19.191919191919194,9115.459018093734,39.46993754834587
2,Ra-226,88,0.00433,10000,19.6969696969697,9145.093354143797,39.59825422344264
2,Ra-226,88,0.00433,10000,20.202020202020204,9263.180479959028,40.10957147822259
2,Ra-226,88,0.00433,10000,20.70707070707071,9142.569521319803,39.587326027314745
2,Ra-226,88,0.00433,10000,21.212121212121215,8841.04515338541,38.28172551415882
2,Ra-226,88,0.00433,10000,21.71717171717172,9259.45996491203,40.09346164806909
2,Ra-226,88,0.00433,10000,22.222222222222225,9061.080027544194,39.23447651926636
2,Ra-226,88,0.00433,10000,22.72727272727273,9151.300689844278,39.62513198702572
2,Ra-226,88,0.00433,10000,23.232323232323235,9217.68220564222,39.912563950430815
2,Ra-226,88,0.00433,10000,23.73737373737374,9279.95888392876,40.18222196741153
2,Ra-226,88,0.00433,10000,24.242424242424242,9356.676907807248,40.51441101080538
2,Ra-226,88,0.00433,10000,24.747474747474747,8970.870413880115,38.84386889210089
2,Ra-226,88,0.00433,10000,25.252525252525253,9020.004814436204,39.056620846508764
2,Ra-226,88,0.00433,10000,25.757575757575758,8751.731763509591,37.89499853599653
2,Ra-226,88,0.00433,10000,26.262626262626263,9114.601300882205,39.46622363281994
2,Ra-226,88,0.00433,10000,26.767676767676768,8694.56393743017,37.647461849072634
2,Ra-226,88,0.00433,10000,27.272727272727273,8565.31781556292,37.08782614138744
2,Ra-226,88,0.00433,10000,27.77777777777778,9013.997394911936,39.030608719968676
2,Ra-226,88,0.00433,10000,28.282828282828284,8755.058967008292,37.9094053271459
2,Ra-226,88,0.00433,10000,28.78787878787879,8965.339970109619,38.81992207057465
2,Ra-226,88,0.00433,10000,29.292929292929294,8880.652883951692,38.453226987510824
2,Ra-226,88,0.00433,10000,29.7979797979798,8502.97895224994,36.817898863242235
2,Ra-226,88,0.00433,10000,30.303030303030305,8293.268163416811,35.909851147594786
2,Ra-226,88,0.00433,10000,30.80808080808081,8559.227884338734,37.06145673918672
2,Ra-226,88,0.00433,10000,31.313131313131315,8734.921963430126,37.82221210165245
2,Ra-226,88,0.00433,10000,31.81818181818182,8500.060976636669,36.805264028836774
2,Ra-226,88,0.00433,10000,32.323232323232325,8580.432322770253,37.153271957595194
2,Ra-226,88,0.00433,10000,32.82828282828283,8421.817378054036,36.46646924697397
2,Ra-226,88,0.00433,10000,33.333333333333336,8685.40091318912,37.607785954108884
2,Ra-226,88,0.00433,10000,33.83838383838384,8652.772256170882,37.46650386921991
2,Ra-226,88,0.00433,10000,34.343434343434346,8535.240401363046,36.95759093790198
2,Ra-226,88,0.00433,10000,34.84848484848485,8839.667154173754,38.27575877757235
2,Ra-226,88,0.00433,10000,35.35353535353536,8837.629793305347,38.266937005012146
2,Ra-226,88,0.00433,10000,35.85858585858586,8658.654426296394,37.491973665863384
2,Ra-226,88,0.00433,10000,36.36363636363637,8235.641916911332,35.66032950022607
2,Ra-226,88,0.00433,10000,36.86868686868687,8336.155611761473,36.09555379892718
2,Ra-226,88,0.00433,10000,37.37373737373738,8575.132498316985,37.13032371771254
2,Ra-226,88,0.00433,10000,37.87878787878788,8380.596592798862,36.28798324681907
2,Ra-226,88,0.00433,10000,38.38383838383839,8386.250186207679,36.31246330627925
2,Ra-226,88,0.00433,10000,38.88888888888889,8602.181510333381,37.247445939743535
2,Ra-226,88,0.00433,10000,39.3939393939394,8517.943905706852,36.88269711171067
2,Ra-226,88,0.00433,10000,39.8989898989899,8634.502454521527,37.38739562807821
2,Ra-226,88,0.00433,10000,40.40404040404041,8322.92999558727,36.038286880892876
2,Ra-226,88,0.00433,10000,40.909090909090914,8607.051287672619,37.26853207562244
2,Ra-226,88,0.00433,10000,41.41414141414142,8265.72433190145,35.79058635713328
2,Ra-226,88,0.00433,10000,41.919191919191924,8590.2163350252,37.19563673065911
2,Ra-226,88,0.00433,10000,42.42424242424243,8339.494300755583,36.11001032227167
2,Ra-226,88,0.00433,10000,42.929292929292934,8160.792161319229,35.33623005851226
2,Ra-226,88,0.00433,10000,43.43434343434344,8015.249822501006,34.706031731429356
2,Ra-226,88,0.00433,10000,43.939393939393945,8217.613351944547,35.58226581391988
2,Ra-226,88,0.00433,10000,44.44444444444445,8207.12614148037,35.53685619261
2,Ra-226,88,0.00433,10000,44.949494949494955,8372.575659199265,36.253252604332815
2,Ra-226,88,0.00433,10000,45.45454545454546,8195.233063043603,35.485359162978796
2,Ra-226,88,0.00433,10000,45.959595959595966,8124.577983619955,35.179422669074405
2,Ra-226,88,0.00433,10000,46.46464646464647,8353.705392968915,36.171544351555404
2,Ra-226,88,0.00433,10000,46.969696969696976,8123.000731209156,35.17259316613564
2,Ra-226,88,0.00433,10000,47.47474747474748,8048.032683950541,34.84798152150584
2,Ra-226,88,0.00433,10000,47.979797979797986,8217.44400658351,35.581532548506594
2,Ra-226,88,0.00433,10000,48.484848484848484,8026.91951744526,34.75656151053797
2,Ra-226,88,0.00433,10000,48.98989898989899,8195.201697710092,35.4852233510847
2,Ra-226,88,0.00433,10000,49.494949494949495,7974.6023482831315,34.530028168065954
2,Ra-226,88,0.00433,10000,50.0,8017.414092425553,34.715403020202636
2,C-14,6,0.000121,10000,0.0,10030.435395117654,1.2136826828092362
2,C-14,6,0.000121,10000,0.5050505050505051,9924.568216023796,1.2008727541388793
2,C-14,6,0.000121,10000,1.0101010101010102,9996.087887388217,1.2095266343739743
2,C-14,6,0.000121,10000,1.5151515151515151,10161.231330661816,1.2295089910100798
2,C-14,6,0.000121,10000,2.0202020202020203,10079.656141148575,1.2196383930789776
2,C-14,6,0.000121,10000,2.5252525252525255,10093.109493112945,1.2212662486666663
2,C-14,6,0.000121,10000,3.0303030303030303,9869.29450743975,1.1941846354002097
2,C-14,6,0.000121,10000,3.5353535353535355,10166.216141995192,1.2301121531814183
2,C-14,6,0.000121,10000,4.040404040404041,10128.959321762948,1.2256040779333168
2,C-14,6,0.000121,10000,4.545454545454546,10195.274894942035,1.2336282622879862
2,C-14,6,0.000121,10000,5.050505050505051,9848.70634028036,1.1916934671739234
2,C-14,6,0.000121,10000,5.555555555555556,9958.811495657737,1.2050161909745862
2,C-14,6,0.000121,10000,6.0606060606060606,10119.283251146499,1.2244332733887264
2,C-14,6,0.000121,10000,6.565656565656566,9870.392382489334,1.1943174782812094
2,C-14,6,0.000121,10000,7.070707070707071,9946.262284844837,1.2034977364662254
2,C-14,6,0.000121,10000,7.575757575757576,10375.645778317206,1.255453139176382
2,C-14,6,0.000121,10000,8.080808080808081,10380.197712193198,1.256003923175377
2,C-14,6,0.000121,10000,8.585858585858587,10237.347117346122,1.2387190011988807
2,C-14,6,0.000121,10000,9.090909090909092,10176.516699829426,1.2313585206793605
2,C-14,6,0.000121,10000,9.595959595959597,9784.781952681513,1.183958616274463
2,C-14,6,0.000121,10000,10.101010101010102,10090.172473703602,1.2209108693181359
2,C-14,6,0.000121,10000,10.606060606060607,9915.443692994395,1.1997686868523219
2,C-14,6,0.000121,10000,11.111111111111112,9775.134656606893,1.182791293449434
2,C-14,6,0.000121,10000,11.616161616161618,9884.296136717354,1.1959998325427998
2,C-14,6,0.000121,10000,12.121212121212121,10008.443194888776,1.2110216265815419
2,C-14,6,0.000121,10000,12.626262626262626,9875.42989178922,1.1949270169064956
2,C-14,6,0.000121,10000,13.131313131313131,9874.13873496454,1.1947707869307091
2,C-14,6,0.000121,10000,13.636363636363637,10141.660746521078,1.2271409503290505
2,C-14,6,0.000121,10000,14.141414141414142,10011.675542800664,1.2114127406788804
2,C-14,6,0.000121,10000,14.646464646464647,10028.902413656673,1.2134971920524575
2,C-14,6,0.000121,10000,15.151515151515152,10004.01695903585,1.2104860520433378
2,C-14,6,0.000121,10000,15.656565656565657,9846.188634215512,1.191388824740077
2,C-14,6,0.000121,10000,16.161616161616163,9706.884691495408,1.1745330476709444
2,C-14,6,0.000121,10000,16.666666666666668,10041.8414615973,1.2150628168532733
2,C-14,6,0.000121,10000,17.171717171717173,9878.046949802223,1.195243680926069
2,C-14,6,0.000121,10000,17.67676767676768,9577.33676404667,1.158857748449647
2,C-14,6,0.000121,10000,18.181818181818183,9899.68327040027,1.1978616757184326
2,C-14,6,0.000121,10000,18.68686868686869,9759.464211717232,1.180895169617785
2,C-14,6,0.000121,10000,19.191919191919194,10116.210659610706,1.2240614898128954
2,C-14,6,0.000121,10000,19.6969696969697,10080.271745657787,1.219712881224592
2,C-14,6,0.000121,10000,20.202020202020204,10074.721407867215,1.219041290351933
2,C-14,6,0.000121,10000,20.70707070707071,9842.300326248946,1.1909183394761225
2,C-14,6,0.000121,10000,21.212121212121215,10120.301512137528,1.2245564829686408
2,C-14,6,0.000121,10000,21.71717171717172,10037.518901519363,1.2145397870838428
2,C-14,6,0.000121,10000,22.222222222222225,9891.396436258961,1.1968589687873343
2,C-14,6,0.000121,10000,22.72727272727273,9882.11928449995,1.195736433424494
2,C-14,6,0.000121,10000,23.232323232323235,10149.968798620845,1.2281462246331223
2,C-14,6,0.000121,10000,23.73737373737374,9876.869844110346,1.1951012511373518
2,C-14,6,0.000121,10000,24.242424242424242,10031.263057451906,1.2137828299516806
2,C-14,6,0.000121,10000,24.747474747474747,10176.273442531041,1.231329086546256
2,C-14,6,0.000121,10000,25.252525252525253,10350.194564479105,1.2523735423019717
2,C-14,6,0.000121,10000,25.757575757575758,10300.620942821892,1.2463751340814488
2,C-14,6,0.000121,10000,26.262626262626263,10147.86559878119,1.227891737452524
2,C-14,6,0.000121,10000,26.767676767676768,9667.455154071688,1.1697620736426741
2,C-14,6,0.000121,10000,27.272727272727273,9829.698726685194,1.1893935459289084
2,C-14,6,0.000121,10000,27.77777777777778,9857.195691404972,1.1927206786600015
2,C-14,6,0.000121,10000,28.282828282828284,10295.33668025146,1.2457357383104266
2,C-14,6,0.000121,10000,28.78787878787879,9825.850020104812,1.1889278524326823
2,C-14,6,0.000121,10000,29.292929292929294,10041.578307775264,1.2150309752408068
2,C-14,6,0.000121,10000,29.7979797979798,9984.110173810019,1.2080773310310122
2,C-14,6,0.000121,10000,30.303030303030305,9777.059535845021,1.1830242038372476
2,C-14,6,0.000121,10000,30.80808080808081,10038.872278449757,1.2147035456924207
2,C-14,6,0.000121,10000,31.313131313131315,10041.540767314546,1.21502643284506
2,C-14,6,0.000121,10000,31.81818181818182,9711.384128805219,1.1750774795854315
2,C-14,6,0.000121,10000,32.323232323232325,10204.586068894687,1.234754914336257
2,C-14,6,0.000121,10000,32.82828282828283,9544.708888842819,1.154909775549981
2,C-14,6,0.000121,10000,33.333333333333336,9842.072050091614,1.1908907180610853
2,C-14,6,0.000121,10000,33.83838383838384,10152.739013981789,1.2284814206917964
2,C-14,6,0.000121,10000,34.343434343434346,9720.86877358326,1.1762251216035744
2,C-14,6,0.000121,10000,34.84848484848485,10027.680524793004,1.2133493434999536
2,C-14,6,0.000121,10000,35.35353535353536,9699.14825060406,1.173596938323091
2,C-14,6,0.000121,10000,35.85858585858586,9938.180825425708,1.2025198798765107
2,C-14,6,0.000121,10000,36.36363636363637,9495.373682985764,1.1489402156412776
2,C-14,6,0.000121,10000,36.86868686868687,9787.723995143191,1.1843146034123262
2,C-14,6,0.000121,10000,37.37373737373738,9647.687922985595,1.167370238681257
2,C-14,6,0.000121,10000,37.87878787878788,9874.28623341294,1.1947886342429659
2,C-14,6,0.000121,10000,38.38383838383839,9871.001773456384,1.1943912145882225
2,C-14,6,0.000121,10000,38.88888888888889,9818.95465152891,1.188093512834998
2,C-14,6,0.000121,10000,39.3939393939394,10111.270530733436,1.2234637342187458
2,C-14,6,0.000121,10000,39.8989898989899,9775.316919088806,1.1828133472097455
2,C-14,6,0.000121,10000,40.40404040404041,10077.488982011731,1.2193761668234195
2,C-14,6,0.000121,10000,40.909090909090914,10274.868467137874,1.2432590845236828
2,C-14,6,0.000121,10000,41.41414141414142,9977.688041102754,1.2073002529734334
2,C-14,6,0.000121,10000,41.919191919191924,9778.740012771907,1.1832275415454008
2,C-14,6,0.000121,10000,42.42424242424243,9700.209861779342,1.1737253932753005
2,C-14,6,0.000121,10000,42.929292929292934,9806.968689509422,1.18664321143064
2,C-14,6,0.000121,10000,43.43434343434344,10087.772136380467,1.2206204285020366
2,C-14,6,0.000121,10000,43.939393939393945,9977.927559119586,1.2073292346534699
2,C-14,6,0.000121,10000,44.44444444444445,10132.720738185659,1.2260592093204647
2,C-14,6,0.000121,10000,44.949494949494955,10098.989252569048,1.221977699560855
2,C-14,6,0.000121,10000,45.45454545454546,9973.158636920152,1.2067521950673383
2,C-14,6,0.000121,10000,45.959595959595966,10038.715722196936,1.214684602385829
2,C-14,6,0.000121,10000,46.46464646464647,10312.904502850426,1.2478614448449015
2,C-14,6,0.000121,10000,46.969696969696976,10224.854542484223,1.237207399640591
2,C-14,6,0.000121,10000,47.47474747474748,9882.51785433076,1.1957846603740219
2,C-14,6,0.000121,10000,47.979797979797986,10138.902730979333,1.2268072304484994
2,C-14,6,0.000121,10000,48.484848484848484,10057.989861501539,1.2170167732416863
2,C-14,6,0.000121,10000,48.98989898989899,10166.831917860953,1.2301866620611752
2,C-14,6,0.000121,10000,49.494949494949495,10073.811358666835,1.218931174398687
2,C-14,6,0.000121,10000,50.0,9746.024341053751,1.179268945267504
2,I-131,53,0.086,10000,0.0,9676.06308692546,832.1414254755895
2,I-131,53,0.086,10000,0.5050505050505051,9684.611727906593,832.876608599967
2,I-131,53,0.086,10000,1.0101010101010102,9516.837864901365,818.4480563815173
2,I-131,53,0.086,10000,1.5151515151515151,8642.11366822833,743.2217754676363
2,I-131,53,0.086,10000,2.0202020202020203,8373.557559290548,720.1259500989871
2,I-131,53,0.086,10000,2.5252525252525255,7881.205361462451,677.7836610857707
2,I-131,53,0.086,10000,3.0303030303030303,7887.367647855637,678.3136177155848
2,I-131,53,0.086,10000,3.5353535353535355,7038.145806638336,605.2805393708968
2,I-131,53,0.086,10000,4.040404040404041,6744.856986112624,580.0577008056856
2,I-131,53,0.086,10000,4.545454545454546,6815.152297908928,586.1030976201678
2,I-131,53,0.086,10000,5.050505050505051,6466.231156038022,556.0958794192699
2,I-131,53,0.086,10000,5.555555555555556,6142.11134870131,528.2215759883126
2,I-131,53,0.086,10000,6.0606060606060606,5902.245497586596,507.5931127924472
2,I-131,53,0.086,10000,6.565656565656566,5746.673266625748,494.21390092981426
2,I-131,53,0.086,10000,7.070707070707071,5398.892112939876,464.3047217128293
2,I-131,53,0.086,10000,7.575757575757576,5098.198359973978,438.44505895776206
2,I-131,53,0.086,10000,8.080808080808081,4898.427240637313,421.2647426948089
2,I-131,53,0.086,10000,8.585858585858587,4863.761197320052,418.2834629695244
2,I-131,53,0.086,10000,9.090909090909092,4527.711448752106,389.38318459268106
2,I-131,53,0.086,10000,9.595959595959597,4259.858644637814,366.34784343885195
2,I-131,53,0.086,10000,10.101010101010102,4203.593293561127,361.5090232462569
2,I-131,53,0.086,10000,10.606060606060607,4057.2812734161666,348.9261895137903
2,I-131,53,0.086,10000,11.111111111111112,3948.207434609421,339.5458393764102
2,I-131,53,0.086,10000,11.616161616161618,3698.560880859647,318.0762357539296
2,I-131,53,0.086,10000,12.121212121212121,3479.4659123030624,299.23406845806335
2,I-131,53,0.086,10000,12.626262626262626,3408.124056261883,293.0986688385219
2,I-131,53,0.086,10000,13.131313131313131,3279.6310088582136,282.04826676180636
2,I-131,53,0.086,10000,13.636363636363637,3092.807984939071,265.9814867047601
2,I-131,53,0.086,10000,14.141414141414142,2961.0119677956777,254.64702923042827
2,I-131,53,0.086,10000,14.646464646464647,2852.450086467382,245.31070743619483
2,I-131,53,0.086,10000,15.151515151515152,2713.275788908709,233.34171784614895
2,I-131,53,0.086,10000,15.656565656565657,2614.5977323476595,224.85540498189872
2,I-131,53,0.086,10000,16.161616161616163,2440.0928333747315,209.84798367022688
2,I-131,53,0.086,10000,16.666666666666668,2330.246768437052,200.40122208558648
2,I-131,53,0.086,10000,17.171717171717173,2245.557440925756,193.117939919615
2,I-131,53,0.086,10000,17.67676767676768,2214.76323085653,190.46963785366154
2,I-131,53,0.086,10000,18.181818181818183,2104.5703383704254,180.99304909985656
2,I-131,53,0.086,10000,18.68686868686869,2046.4481924274885,175.994544548764
2,I-131,53,0.086,10000,19.191919191919194,1912.3622078622052,164.46314987614963
2,I-131,53,0.086,10000,19.6969696969697,1795.901689046063,154.4475452579614
2,I-131,53,0.086,10000,20.202020202020204,1800.1038481809576,154.80893094356233
2,I-131,53,0.086,10000,20.70707070707071,1684.3868336212238,144.85726769142522
2,I-131,53,0.086,10000,21.212121212121215,1654.812732019531,142.31389495367966
2,I-131,53,0.086,10000,21.71717171717172,1563.295842540219,134.4434424584588
2,I-131,53,0.086,10000,22.222222222222225,1543.9057617409533,132.77589550972198
2,I-131,53,0.086,10000,22.72727272727273,1410.063149548173,121.26543086114286
2,I-131,53,0.086,10000,23.232323232323235,1380.5188891756618,118.7246244691069
2,I-131,53,0.086,10000,23.73737373737374,1321.5974461515723,113.65738036903521
2,I-131,53,0.086,10000,24.242424242424242,1229.4562373270574,105.73323641012692
2,I-131,53,0.086,10000,24.747474747474747,1186.3088200962359,102.02255852827628
2,I-131,53,0.086,10000,25.252525252525253,1106.4949349254202,95.15856440358613
2,I-131,53,0.086,10000,25.757575757575758,1057.5635851963627,90.95046832688719
2,I-131,53,0.086,10000,26.262626262626263,1047.6267961192198,90.09590446625289
2,I-131,53,0.086,10000,26.767676767676768,1016.4341537504506,87.41333722253874
2,I-131,53,0.086,10000,27.272727272727273,970.2614568217687,83.4424852866721
2,I-131,53,0.086,10000,27.77777777777778,923.5537089688187,79.4256189713184
2,I-131,53,0.086,10000,28.282828282828284,893.4855974072901,76.83976137702695
2,I-131,53,0.086,10000,28.78787878787879,831.0739166086541,71.47235682834425
2,I-131,53,0.086,10000,29.292929292929294,800.8573880192993,68.87373536965973
2,I-131,53,0.086,10000,29.7979797979798,782.3927169697372,67.28577365939739
2,I-131,53,0.086,10000,30.303030303030305,744.6429467632665,64.03929342164092
2,I-131,53,0.086,10000,30.80808080808081,703.8975257132906,60.535187211342986
2,I-131,53,0.086,10000,31.313131313131315,694.7027750698098,59.74443865600364
2,I-131,53,0.086,10000,31.81818181818182,631.3099788933661,54.29265818482948
2,I-131,53,0.086,10000,32.323232323232325,614.0735061838012,52.8103215318069
2,I-131,53,0.086,10000,32.82828282828283,590.7683450649938,50.806077675589464
2,I-131,53,0.086,10000,33.333333333333336,578.1726296327103,49.722846148413076
2,I-131,53,0.086,10000,33.83838383838384,544.7282599357665,46.84663035447591
2,I-131,53,0.086,10000,34.343434343434346,508.3913141688435,43.72165301852054
2,I-131,53,0.086,10000,34.84848484848485,504.5153562621944,43.38832063854871
2,I-131,53,0.086,10000,35.35353535353536,488.55599026289406,42.01581516260889
2,I-131,53,0.086,10000,35.85858585858586,464.6013984337627,39.95572026530359
2,I-131,53,0.086,10000,36.36363636363637,443.8003058666371,38.16682630453079
2,I-131,53,0.086,10000,36.86868686868687,404.00463608367687,34.74439870319621
2,I-131,53,0.086,10000,37.37373737373738,394.66499822128054,33.941189847030124
2,I-131,53,0.086,10000,37.87878787878788,388.52598104600844,33.413234369956726
2,I-131,53,0.086,10000,38.38383838383839,368.0548236148151,31.652714830874096
2,I-131,53,0.086,10000,38.88888888888889,356.4852426259321,30.657730865830157
2,I-131,53,0.086,10000,39.3939393939394,329.2470844669079,28.315249264154076
2,I-131,53,0.086,10000,39.8989898989899,323.0466010251028,27.78200768815884
2,I-131,53,0.086,10000,40.40404040404041,301.088327246862,25.893596143230127
2,I-131,53,0.086,10000,40.909090909090914,284.94640896774695,24.505391171226236
2,I-131,53,0.086,10000,41.41414141414142,285.6086062029125,24.562340133450473
2,I-131,53,0.086,10000,41.919191919191924,276.4420533388471,23.774016587140846
2,I-131,53,0.086,10000,42.42424242424243,261.58409686417116,22.49623233031872
2,I-131,53,0.086,10000,42.929292929292934,249.07673772048736,21.420599443961912
2,I-131,53,0.086,10000,43.43434343434344,231.19191460361793,19.88250465591114
2,I-131,53,0.086,10000,43.939393939393945,233.1017048267719,20.046746615102382
2,I-131,53,0.086,10000,44.44444444444445,218.59853272792924,18.799473814601914
2,I-131,53,0.086,10000,44.949494949494955,217.70187113014234,18.72236091719224
2,I-131,53,0.086,10000,45.45454545454546,204.36760510400714,17.57561403894461
2,I-131,53,0.086,10000,45.959595959595966,184.35925733582772,15.854896130881183
2,I-131,53,0.086,10000,46.46464646464647,186.67495290702814,16.05404595000442
2,I-131,53,0.086,10000,46.969696969696976,171.16333001502466,14.72004638129212
2,I-131,53,0.086,10000,47.47474747474748,166.03616580346522,14.279110259098008
2,I-131,53,0.086,10000,47.979797979797986,160.62139216878614,13.813439726515607
2,I-131,53,0.086,10000,48.484848484848484,154.2786497721223,13.267963880402515
2,I-131,53,0.086,10000,48.98989898989899,149.1763134476558,12.829162956498397
2,I-131,53,0.086,10000,49.494949494949495,138.8099137004326,11.937652578237202
2,I-131,53,0.086,10000,50.0,132.5629436490845,11.400413153821265
2,Cs-137,55,0.023,10000,0.0,10120.121040346614,232.76278392797212
2,Cs-137,55,0.023,10000,0.5050505050505051,9881.891006840164,227.28349315732376
2,Cs-137,55,0.023,10000,1.0101010101010102,9804.428424352564,225.50185376010896
2,Cs-137,55,0.023,10000,1.5151515151515151,9233.80661300945,212.37755209921735
2,Cs-137,55,0.023,10000,2.0202020202020203,9512.1640746912,218.7797737178976
2,Cs-137,55,0.023,10000,2.5252525252525255,9267.643234289908,213.15579438866789
2,Cs-137,55,0.023,10000,3.0303030303030303,9155.034763590573,210.56579956258318
2,Cs-137,55,0.023,10000,3.5353535353535355,9389.036944703064,215.94784972817047
2,Cs-137,55,0.023,10000,4.040404040404041,8912.89148467014,204.9965041474132
2,Cs-137,55,0.023,10000,4.545454545454546,8810.456745830354,202.64050515409812
2,Cs-137,55,0.023,10000,5.050505050505051,8844.371375912688,203.42054164599182
2,Cs-137,55,0.023,10000,5.555555555555556,8879.744478607763,204.23412300797855
2,Cs-137,55,0.023,10000,6.0606060606060606,8545.054508775718,196.5362537018415
2,Cs-137,55,0.023,10000,6.565656565656566,8810.623171744817,202.6443329501308
2,Cs-137,55,0.023,10000,7.070707070707071,8745.535343264877,201.14731289509217
2,Cs-137,55,0.023,10000,7.575757575757576,8252.832600285545,189.81514980656752
2,Cs-137,55,0.023,10000,8.080808080808081,8263.207419528684,190.05377064915973
2,Cs-137,55,0.023,10000,8.585858585858587,8080.181175889877,185.84416704546715
2,Cs-137,55,0.023,10000,9.090909090909092,7839.737418609596,180.3139606280207
2,Cs-137,55,0.023,10000,9.595959595959597,8068.115646887353,185.56665987840913
2,Cs-137,55,0.023,10000,10.101010101010102,8043.201231595927,184.99362832670633
2,Cs-137,55,0.023,10000,10.606060606060607,8150.624459294882,187.4643625637823
2,Cs-137,55,0.023,10000,11.111111111111112,7605.854844778423,174.93466142990374
2,Cs-137,55,0.023,10000,11.616161616161618,7860.004746215721,180.78010916296157
2,Cs-137,55,0.023,10000,12.121212121212121,7770.1558985726715,178.71358566717143
2,Cs-137,55,0.023,10000,12.626262626262626,7509.210323050716,172.71183743016647
2,Cs-137,55,0.023,10000,13.131313131313131,7482.269968225475,172.09220926918593
2,Cs-137,55,0.023,10000,13.636363636363637,7435.482117443268,171.01608870119517
2,Cs-137,55,0.023,10000,14.141414141414142,7508.645416696813,172.69884458402672
2,Cs-137,55,0.023,10000,14.646464646464647,7208.257227037847,165.78991622187047
2,Cs-137,55,0.023,10000,15.151515151515152,7049.077540228836,162.12878342526324
2,Cs-137,55,0.023,10000,15.656565656565657,6855.209687224411,157.66982280616145
2,Cs-137,55,0.023,10000,16.161616161616163,6937.599128600937,159.56477995782154
2,Cs-137,55,0.023,10000,16.666666666666668,6955.467889537781,159.97576145936895
2,Cs-137,55,0.023,10000,17.171717171717173,6770.100131667668,155.71230302835636
2,Cs-137,55,0.023,10000,17.67676767676768,6555.458329126058,150.77554156989933
2,Cs-137,55,0.023,10000,18.181818181818183,6594.152119933388,151.66549875846792
2,Cs-137,55,0.023,10000,18.68686868686869,6489.598741872568,149.26077106306906
2,Cs-137,55,0.023,10000,19.191919191919194,6465.315153626706,148.70224853341423
2,Cs-137,55,0.023,10000,19.6969696969697,6145.701671582791,141.3511384464042
2,Cs-137,55,0.023,10000,20.202020202020204,6352.790523789391,146.114182047156
2,Cs-137,55,0.023,10000,20.70707070707071,6284.9669410884235,144.55423964503373
2,Cs-137,55,0.023,10000,21.212121212121215,6193.894372226663,142.45957056121324
2,Cs-137,55,0.023,10000,21.71717171717172,6067.913973590847,139.56202139258946
2,Cs-137,55,0.023,10000,22.222222222222225,5781.636828706045,132.97764706023904
2,Cs-137,55,0.023,10000,22.72727272727273,5926.722071280813,136.3146076394587
2,Cs-137,55,0.023,10000,23.232323232323235,5984.866709839579,137.6519343263103
2,Cs-137,55,0.023,10000,23.73737373737374,5693.204303186295,130.94369897328477
2,Cs-137,55,0.023,10000,24.242424242424242,5498.145583244484,126.45734841462314
2,Cs-137,55,0.023,10000,24.747474747474747,5485.440330974741,126.16512761241904
2,Cs-137,55,0.023,10000,25.252525252525253,5629.597152076742,129.48073449776504
2,Cs-137,55,0.023,10000,25.757575757575758,5571.08986031369,128.13506678721487
2,Cs-137,55,0.023,10000,26.262626262626263,5562.876229170806,127.94615327092855
2,Cs-137,55,0.023,10000,26.767676767676768,5396.889322830479,124.12845442510101
2,Cs-137,55,0.023,10000,27.272727272727273,5180.214100576958,119.14492431327004
2,Cs-137,55,0.023,10000,27.77777777777778,5192.372132341959,119.42455904386505
2,Cs-137,55,0.023,10000,28.282828282828284,5303.27299768374,121.97527894672602
2,Cs-137,55,0.023,10000,28.78787878787879,5172.053777038271,118.95723687188023
2,Cs-137,55,0.023,10000,29.292929292929294,5164.253599697688,118.77783279304681
2,Cs-137,55,0.023,10000,29.7979797979798,5082.939536985587,116.90760935066851
2,Cs-137,55,0.023,10000,30.303030303030305,4960.506042315022,114.0916389732455
2,Cs-137,55,0.023,10000,30.80808080808081,4906.265333757931,112.84410267643241
2,Cs-137,55,0.023,10000,31.313131313131315,5047.292545408051,116.08772854438519
2,Cs-137,55,0.023,10000,31.81818181818182,4850.230329939164,111.55529758860078
2,Cs-137,55,0.023,10000,32.323232323232325,4742.553415524079,109.07872855705382
2,Cs-137,55,0.023,10000,32.82828282828283,4742.677058092371,109.08157233612454
2,Cs-137,55,0.023,10000,33.333333333333336,4666.300785448595,107.32491806531769
2,Cs-137,55,0.023,10000,33.83838383838384,4393.8095382344545,101.05761937939245
2,Cs-137,55,0.023,10000,34.343434343434346,4597.919860385807,105.75215678887355
2,Cs-137,55,0.023,10000,34.84848484848485,4649.879181211423,106.94722116786274
2,Cs-137,55,0.023,10000,35.35353535353536,4365.46683560628,100.40573721894444
2,Cs-137,55,0.023,10000,35.85858585858586,4510.93077385287,103.751407798616
2,Cs-137,55,0.023,10000,36.36363636363637,4310.5729094309545,99.14317691691195
2,Cs-137,55,0.023,10000,36.86868686868687,4307.930235462319,99.08239541563333
2,Cs-137,55,0.023,10000,37.37373737373738,4323.954677402455,99.45095758025646
2,Cs-137,55,0.023,10000,37.87878787878788,4124.184307246617,94.85623906667219
2,Cs-137,55,0.023,10000,38.38383838383839,4238.89639765421,97.49461714604683
2,Cs-137,55,0.023,10000,38.88888888888889,3989.063835988854,91.74846822774364
2,Cs-137,55,0.023,10000,39.3939393939394,3970.3982383082835,91.31915948109052
2,Cs-137,55,0.023,10000,39.8989898989899,3947.043837463172,90.78200826165296
2,Cs-137,55,0.023,10000,40.40404040404041,4000.6041486306635,92.01389541850526
2,Cs-137,55,0.023,10000,40.909090909090914,3876.1219975000035,89.15080594250009
2,Cs-137,55,0.023,10000,41.41414141414142,3740.3855846987462,86.02886844807117
2,Cs-137,55,0.023,10000,41.919191919191924,3796.5912206875114,87.32159807581276
2,Cs-137,55,0.023,10000,42.42424242424243,3709.9514396820787,85.3288831126878
2,Cs-137,55,0.023,10000,42.929292929292934,3780.027563593131,86.94063396264201
2,Cs-137,55,0.023,10000,43.43434343434344,3657.2328972366863,84.11635663644378
2,Cs-137,55,0.023,10000,43.939393939393945,3645.1354055015145,83.83811432653484
2,Cs-137,55,0.023,10000,44.44444444444445,3568.7677251979762,82.08165767955346
2,Cs-137,55,0.023,10000,44.949494949494955,3587.2577203386677,82.50692756778936
2,Cs-137,55,0.023,10000,45.45454545454546,3502.4123523664775,80.55548410442898
2,Cs-137,55,0.023,10000,45.959595959595966,3497.321188180328,80.43838732814754
2,Cs-137,55,0.023,10000,46.46464646464647,3256.4476378730174,74.8982956710794
2,Cs-137,55,0.023,10000,46.969696969696976,3401.5295262710965,78.23517910423521
2,Cs-137,55,0.023,10000,47.47474747474748,3383.4980403387062,77.82045492779024
2,Cs-137,55,0.023,10000,47.979797979797986,3303.7433520321715,75.98609709673994
2,Cs-137,55,0.023,10000,48.484848484848484,3322.550137958756,76.41865317305138
2,Cs-137,55,0.023,10000,48.98989898989899,3288.66435583659,75.63928018424157
2,Cs-137,55,0.023,10000,49.494949494949495,3286.9206049350755,75.59917391350673
2,Cs-137,55,0.023,10000,50.0,3173.0051355852193,72.97911811846004
2,Co-60,27,0.131,10000,0.0,9617.239859066003,1259.8584215376466
2,Co-60,27,0.131,10000,0.5050505050505051,8931.959662356443,1170.0867157686941
2,Co-60,27,0.131,10000,1.0101010101010102,8479.916745788283,1110.869093698265
2,Co-60,27,0.131,10000,1.5151515151515151,8193.505397445146,1073.3492070653142
2,Co-60,27,0.131,10000,2.0202020202020203,7650.626678080613,1002.2320948285603
2,Co-60,27,0.131,10000,2.5252525252525255,7223.117190127177,946.2283519066602
2,Co-60,27,0.131,10000,3.0303030303030303,6639.466627611939,869.770128217164
2,Co-60,27,0.131,10000,3.5353535353535355,6200.403653752294,812.2528786415506
2,Co-60,27,0.131,10000,4.040404040404041,5955.600034175978,780.1836044770532
2,Co-60,27,0.131,10000,4.545454545454546,5585.442914164431,731.6930217555405
2,Co-60,27,0.131,10000,5.050505050505051,5133.679787546973,672.5120521686534
2,Co-60,27,0.131,10000,5.555555555555556,4826.094197711925,632.2183399002621
2,Co-60,27,0.131,10000,6.0606060606060606,4557.1592918468505,596.9878672319375
2,Co-60,27,0.131,10000,6.565656565656566,4273.8729125328155,559.8773515417988
2,Co-60,27,0.131,10000,7.070707070707071,3869.7002616445866,506.93073427544084
2,Co-60,27,0.131,10000,7.575757575757576,3653.4240061075634,478.59854480009085
2,Co-60,27,0.131,10000,8.080808080808081,3384.074315325327,443.31373530761783
2,Co-60,27,0.131,10000,8.585858585858587,3214.422597334567,421.0893602508283
2,Co-60,27,0.131,10000,9.090909090909092,3088.829167667104,404.6366209643906
2,Co-60,27,0.131,10000,9.595959595959597,2875.9428601632007,376.74851468137933
2,Co-60,27,0.131,10000,10.101010101010102,2604.2534654559954,341.1572039747354
2,Co-60,27,0.131,10000,10.606060606060607,2517.7971198605046,329.8314227017261
2,Co-60,27,0.131,10000,11.111111111111112,2336.7122672642336,306.1093070116146
2,Co-60,27,0.131,10000,11.616161616161618,2161.7979737099354,283.1955345560015
2,Co-60,27,0.131,10000,12.121212121212121,1986.1019666827572,260.1793576354412
2,Co-60,27,0.131,10000,12.626262626262626,1906.0672627091121,249.6948114148937
2,Co-60,27,0.131,10000,13.131313131313131,1814.6458377580277,237.71860474630165
2,Co-60,27,0.131,10000,13.636363636363637,1603.1906640554587,210.0179769912651
2,Co-60,27,0.131,10000,14.141414141414142,1555.9803965409164,203.83343194686006
2,Co-60,27,0.131,10000,14.646464646464647,1534.1816180720439,200.97779196743775
2,Co-60,27,0.131,10000,15.151515151515152,1392.4985589117032,182.41731121743314
2,Co-60,27,0.131,10000,15.656565656565657,1292.7324880125566,169.3479559296449
2,Co-60,27,0.131,10000,16.161616161616163,1185.9686938004731,155.361898887862
2,Co-60,27,0.131,10000,16.666666666666668,1111.3686743896262,145.58929634504105
2,Co-60,27,0.131,10000,17.171717171717173,1052.7681059725658,137.9126218824061
2,Co-60,27,0.131,10000,17.67676767676768,1018.6545516485977,133.4437462659663
2,Co-60,27,0.131,10000,18.181818181818183,932.4270208112183,122.1479397262696
2,Co-60,27,0.131,10000,18.68686868686869,849.598157149301,111.29735858655843
2,Co-60,27,0.131,10000,19.191919191919194,828.371729246572,108.51669653130094
2,Co-60,27,0.131,10000,19.6969696969697,753.077593391014,98.65316473422284
2,Co-60,27,0.131,10000,20.202020202020204,733.0831804832973,96.03389664331195
2,Co-60,27,0.131,10000,20.70707070707071,656.1027132923056,85.94945544129203
2,Co-60,27,0.131,10000,21.212121212121215,608.6741916974175,79.7363191123617
2,Co-60,27,0.131,10000,21.71717171717172,583.4025239195578,76.42573063346207
2,Co-60,27,0.131,10000,22.222222222222225,554.8430596633265,72.68444081589577
2,Co-60,27,0.131,10000,22.72727272727273,519.883222530513,68.10470215149721
2,Co-60,27,0.131,10000,23.232323232323235,478.2266609572807,62.647692585403775
2,Co-60,27,0.131,10000,23.73737373737374,437.372222506446,57.29576114834443
2,Co-60,27,0.131,10000,24.242424242424242,413.40368503295895,54.155882739317626
2,Co-60,27,0.131,10000,24.747474747474747,375.10959654659126,49.139357147603455
2,Co-60,27,0.131,10000,25.252525252525253,359.1816740954877,47.052799306508895
2,Co-60,27,0.131,10000,25.757575757575758,341.21829265062314,44.69959633723163
2,Co-60,27,0.131,10000,26.262626262626263,323.0109636756154,42.31443624150562
2,Co-60,27,0.131,10000,26.767676767676768,297.9609621099352,39.032886036401514
2,Co-60,27,0.131,10000,27.272727272727273,280.471711141963,36.741794159597156
2,Co-60,27,0.131,10000,27.77777777777778,260.7328225925456,34.15599975962347
2,Co-60,27,0.131,10000,28.282828282828284,249.6846401689057,32.708687862126645
2,Co-60,27,0.131,10000,28.78787878787879,226.10112306781357,29.61924712188358
2,Co-60,27,0.131,10000,29.292929292929294,219.11108593019608,28.703552256855687
2,Co-60,27,0.131,10000,29.7979797979798,209.61513449775876,27.459582619206397
2,Co-60,27,0.131,10000,30.303030303030305,190.5767059112473,24.9655484743734
2,Co-60,27,0.131,10000,30.80808080808081,174.84222488563054,22.904331460017602
2,Co-60,27,0.131,10000,31.313131313131315,163.61839150147316,21.434009286692984
2,Co-60,27,0.131,10000,31.81818181818182,158.54955514386873,20.769991723846804
2,Co-60,27,0.131,10000,32.323232323232325,141.62849965515733,18.553333454825612
2,Co-60,27,0.131,10000,32.82828282828283,133.0300359534086,17.42693470989653
2,Co-60,27,0.131,10000,33.333333333333336,123.97863629169518,16.24120135421207
2,Co-60,27,0.131,10000,33.83838383838384,115.77043373692872,15.165926819537663
2,Co-60,27,0.131,10000,34.343434343434346,108.87851598047696,14.263085593442483
2,Co-60,27,0.131,10000,34.84848484848485,105.72733456659226,13.850280828223587
2,Co-60,27,0.131,10000,35.35353535353536,99.56726043185759,13.043311116573346
2,Co-60,27,0.131,10000,35.85858585858586,89.91151932028316,11.778409030957095
2,Co-60,27,0.131,10000,36.36363636363637,85.69908214671733,11.226579761219972
2,Co-60,27,0.131,10000,36.86868686868687,81.09419785707416,10.623339919276717
2,Co-60,27,0.131,10000,37.37373737373738,74.91768969602775,9.814217350179636
2,Co-60,27,0.131,10000,37.87878787878788,68.64412610205397,8.992380519369071
2,Co-60,27,0.131,10000,38.38383838383839,63.57424424152484,8.328225995639754
2,Co-60,27,0.131,10000,38.88888888888889,62.54604439061687,8.193531815170811
2,Co-60,27,0.131,10000,39.3939393939394,57.95164663632782,7.591665709358945
2,Co-60,27,0.131,10000,39.8989898989899,54.32832582782774,7.117010683445434
2,Co-60,27,0.131,10000,40.40404040404041,49.156499678554866,6.439501457890688
2,Co-60,27,0.131,10000,40.909090909090914,47.272938089981515,6.192754889787579
2,Co-60,27,0.131,10000,41.41414141414142,44.59355615679101,5.841755856539622
2,Co-60,27,0.131,10000,41.919191919191924,41.47899963143711,5.433748951718262
2,Co-60,27,0.131,10000,42.42424242424243,38.006303324102845,4.978825735457473
2,Co-60,27,0.131,10000,42.929292929292934,36.842276318657056,4.826338197744074
2,Co-60,27,0.131,10000,43.43434343434344,32.766684454347285,4.292435663519495
2,Co-60,27,0.131,10000,43.939393939393945,32.22311973280292,4.2212286849971825
2,Co-60,27,0.131,10000,44.44444444444445,30.25038306296769,3.9628001812487677
2,Co-60,27,0.131,10000,44.949494949494955,28.586049601999818,3.7447724978619763
2,Co-60,27,0.131,10000,45.45454545454546,25.762540177764855,3.374892763287196
2,Co-60,27,0.131,10000,45.959595959595966,23.794208868091093,3.1170413617199335
2,Co-60,27,0.131,10000,46.46464646464647,23.085958179879224,3.0242605215641785
2,Co-60,27,0.131,10000,46.969696969696976,20.972814714884343,2.747438727649849
2,Co-60,27,0.131,10000,47.47474747474748,19.92605110022099,2.61031269412895
2,Co-60,27,0.131,10000,47.979797979797986,18.51566906521873,2.425552647543654
2,Co-60,27,0.131,10000,48.484848484848484,17.126364330899253,2.2435537273478023
2,Co-60,27,0.131,10000,48.98989898989899,16.429246557563562,2.1522312990408268
2,Co-60,27,0.131,10000,49.494949494949495,14.853964237976934,1.9458693151749784
2,Co-60,27,0.131,10000,50.0,14.47054049962387,1.895640805450727
2,Sr-90,38,0.024,10000,0.0,9806.613782308654,235.3587307754077
2,Sr-90,38,0.024,10000,0.5050505050505051,9537.346065061794,228.89630556148308
2,Sr-90,38,0.024,10000,1.0101010101010102,9750.709163557798,234.01701992538716
2,Sr-90,38,0.024,10000,1.5151515151515151,9726.139794886094,233.42735507726627
2,Sr-90,38,0.024,10000,2.0202020202020203,9636.643597340137,231.2794463361633
2,Sr-90,38,0.024,10000,2.5252525252525255,9565.98531571494,229.58364757715853
2,Sr-90,38,0.024,10000,3.0303030303030303,8860.835348384444,212.66004836122667
2,Sr-90,38,0.024,10000,3.5353535353535355,9001.839154229981,216.04413970151955
2,Sr-90,38,0.024,10000,4.040404040404041,9095.19425519278,218.28466212462675
2,Sr-90,38,0.024,10000,4.545454545454546,9238.891526653932,221.73339663969438
2,Sr-90,38,0.024,10000,5.050505050505051,8997.315719387207,215.93557726529298
2,Sr-90,38,0.024,10000,5.555555555555556,9084.533607190515,218.02880657257236
2,Sr-90,38,0.024,10000,6.0606060606060606,8555.516315416031,205.33239156998474
2,Sr-90,38,0.024,10000,6.565656565656566,8589.003044654193,206.13607307170065
2,Sr-90,38,0.024,10000,7.070707070707071,8253.547528134011,198.08514067521628
2,Sr-90,38,0.024,10000,7.575757575757576,8270.10321214347,198.48247709144326
2,Sr-90,38,0.024,10000,8.080808080808081,8115.9444771358885,194.78266745126132
2,Sr-90,38,0.024,10000,8.585858585858587,8034.651611302346,192.83163867125631
2,Sr-90,38,0.024,10000,9.090909090909092,7976.527517414389,191.43666041794535
2,Sr-90,38,0.024,10000,9.595959595959597,7943.360416725271,190.6406500014065
2,Sr-90,38,0.024,10000,10.101010101010102,7850.718099147123,188.41723437953095
2,Sr-90,38,0.024,10000,10.606060606060607,7836.952628566993,188.08686308560783
2,Sr-90,38,0.024,10000,11.111111111111112,7680.727610489654,184.33746265175168
2,Sr-90,38,0.024,10000,11.616161616161618,7514.936091095983,180.3584661863036
2,Sr-90,38,0.024,10000,12.121212121212121,7397.702137430757,177.54485129833816
2,Sr-90,38,0.024,10000,12.626262626262626,7340.399081803549,176.16957796328518
2,Sr-90,38,0.024,10000,13.131313131313131,7231.252553364435,173.55006128074643
2,Sr-90,38,0.024,10000,13.636363636363637,7279.658047462369,174.71179313909687
2,Sr-90,38,0.024,10000,14.141414141414142,7245.304019470309,173.88729646728743
2,Sr-90,38,0.024,10000,14.646464646464647,7215.500836055442,173.1720200653306
2,Sr-90,38,0.024,10000,15.151515151515152,6840.535637940865,164.17285531058076
2,Sr-90,38,0.024,10000,15.656565656565657,6932.158062903025,166.3717935096726
2,Sr-90,38,0.024,10000,16.161616161616163,6595.689284927774,158.29654283826656
2,Sr-90,38,0.024,10000,16.666666666666668,6753.229759220075,162.0775142212818
2,Sr-90,38,0.024,10000,17.171717171717173,6765.838636250738,162.3801272700177
2,Sr-90,38,0.024,10000,17.67676767676768,6523.078286607376,156.55387887857702
2,Sr-90,38,0.024,10000,18.181818181818183,6602.493012549979,158.4598323011995
2,Sr-90,38,0.024,10000,18.68686868686869,6240.533124577753,149.77279498986607
2,Sr-90,38,0.024,10000,19.191919191919194,6196.882183806061,148.72517241134548
2,Sr-90,38,0.024,10000,19.6969696969697,6216.070333147826,149.18568799554782
2,Sr-90,38,0.024,10000,20.202020202020204,6283.798396148879,150.8111615075731
2,Sr-90,38,0.024,10000,20.70707070707071,6032.923760154107,144.79017024369858
2,Sr-90,38,0.024,10000,21.212121212121215,5955.896452704223,142.94151486490134
2,Sr-90,38,0.024,10000,21.71717171717172,5820.237681762394,139.68570436229746
2,Sr-90,38,0.024,10000,22.222222222222225,5890.26607464682,141.3663857915237
2,Sr-90,38,0.024,10000,22.72727272727273,5940.2942726338915,142.5670625432134
2,Sr-90,38,0.024,10000,23.232323232323235,5806.196183847498,139.34870841233996
2,Sr-90,38,0.024,10000,23.73737373737374,5735.786974318581,137.65888738364595
2,Sr-90,38,0.024,10000,24.242424242424242,5565.67811177332,133.57627468255967
2,Sr-90,38,0.024,10000,24.747474747474747,5459.2726557866345,131.02254373887922
2,Sr-90,38,0.024,10000,25.252525252525253,5528.842566806536,132.69222160335687
2,Sr-90,38,0.024,10000,25.757575757575758,5385.794555810596,129.2590693394543
2,Sr-90,38,0.024,10000,26.262626262626263,5305.817478370168,127.33961948088404
2,Sr-90,38,0.024,10000,26.767676767676768,5354.654607351667,128.51171057644
2,Sr-90,38,0.024,10000,27.272727272727273,5176.22509643664,124.22940231447937
2,Sr-90,38,0.024,10000,27.77777777777778,5048.14545562843,121.15549093508231
2,Sr-90,38,0.024,10000,28.282828282828284,5164.548257907533,123.9491581897808
2,Sr-90,38,0.024,10000,28.78787878787879,5019.293055325054,120.46303332780131
2,Sr-90,38,0.024,10000,29.292929292929294,4848.144701862497,116.35547284469992
2,Sr-90,38,0.024,10000,29.7979797979798,4782.311513425044,114.77547632220106
2,Sr-90,38,0.024,10000,30.303030303030305,4841.471894186837,116.19532546048409
2,Sr-90,38,0.024,10000,30.80808080808081,4997.208984293211,119.93301562303706
2,Sr-90,38,0.024,10000,31.313131313131315,4679.459001152267,112.30701602765441
2,Sr-90,38,0.024,10000,31.81818181818182,4628.35046813563,111.08041123525511
2,Sr-90,38,0.024,10000,32.323232323232325,4743.844057518105,113.85225738043452
2,Sr-90,38,0.024,10000,32.82828282828283,4542.8747858032275,109.02899485927746
2,Sr-90,38,0.024,10000,33.333333333333336,4363.122018127948,104.71492843507075
2,Sr-90,38,0.024,10000,33.83838383838384,4299.516558134075,103.1883973952178
2,Sr-90,38,0.024,10000,34.343434343434346,4493.266040471656,107.83838497131975
2,Sr-90,38,0.024,10000,34.84848484848485,4390.576426947005,105.37383424672811
2,Sr-90,38,0.024,10000,35.35353535353536,4351.3569851573875,104.4325676437773
2,Sr-90,38,0.024,10000,35.85858585858586,4224.171865968197,101.38012478323674
2,Sr-90,38,0.024,10000,36.36363636363637,4117.379523267786,98.81710855842687
2,Sr-90,38,0.024,10000,36.86868686868687,4109.839129362244,98.63613910469387
2,Sr-90,38,0.024,10000,37.37373737373738,4089.130378983817,98.13912909561161
2,Sr-90,38,0.024,10000,37.87878787878788,3961.353725079148,95.07248940189955
2,Sr-90,38,0.024,10000,38.38383838383839,4025.058290146868,96.60139896352483
2,Sr-90,38,0.024,10000,38.88888888888889,3833.342307601557,92.00021538243737
2,Sr-90,38,0.024,10000,39.3939393939394,3859.173833591996,92.62017200620791
2,Sr-90,38,0.024,10000,39.8989898989899,3822.5618202405853,91.74148368577406
2,Sr-90,38,0.024,10000,40.40404040404041,3739.57263514898,89.74974324357552
2,Sr-90,38,0.024,10000,40.909090909090914,3581.0439491825937,85.94505478038225
2,Sr-90,38,0.024,10000,41.41414141414142,3734.3105612454074,89.62345346988978
2,Sr-90,38,0.024,10000,41.919191919191924,3601.2970620892206,86.4311294901413
2,Sr-90,38,0.024,10000,42.42424242424243,3708.294345843737,88.9990643002497
2,Sr-90,38,0.024,10000,42.929292929292934,3544.5773178867835,85.0698556292828
2,Sr-90,38,0.024,10000,43.43434343434344,3487.8120442936415,83.7074890630474
2,Sr-90,38,0.024,10000,43.939393939393945,3489.8836731120714,83.75720815468972
2,Sr-90,38,0.024,10000,44.44444444444445,3514.046924399266,84.33712618558239
2,Sr-90,38,0.024,10000,44.949494949494955,3361.761505962988,80.68227614311171
2,Sr-90,38,0.024,10000,45.45454545454546,3427.282119345751,82.25477086429802
2,Sr-90,38,0.024,10000,45.959595959595966,3414.236062002565,81.94166548806156
2,Sr-90,38,0.024,10000,46.46464646464647,3343.594541512574,80.24626899630178
2,Sr-90,38,0.024,10000,46.969696969696976,3344.519847167,80.268476332008
2,Sr-90,38,0.024,10000,47.47474747474748,3282.8617857742165,78.7886828585812
2,Sr-90,38,0.024,10000,47.979797979797986,3257.3620430349774,78.17668903283946
2,Sr-90,38,0.024,10000,48.484848484848484,3223.7047327056293,77.3689135849351
2,Sr-90,38,0.024,10000,48.98989898989899,3098.692577045543,74.36862184909303
2,Sr-90,38,0.024,10000,49.494949494949495,3022.501404695157,72.54003371268377
2,Sr-90,38,0.024,10000,50.0,2875.6671813478906,69.01601235234938
2,Po-210,84,0.005,10000,0.0,9735.45337609564,48.6772668804782
2,Po-210,84,0.005,10000,0.5050505050505051,9885.348892424548,49.42674446212274
2,Po-210,84,0.005,10000,1.0101010101010102,9873.659874533294,49.36829937266647
2,Po-210,84,0.005,10000,1.5151515151515151,9894.20040085227,49.47100200426136
2,Po-210,84,0.005,10000,2.0202020202020203,9701.357801468177,48.506789007340885
2,Po-210,84,0.005,10000,2.5252525252525255,9559.380027591946,47.79690013795973
2,Po-210,84,0.005,10000,3.0303030303030303,9823.973923143923,49.119869615719615
2,Po-210,84,0.005,10000,3.5353535353535355,9787.5656882343,48.9378284411715
2,Po-210,84,0.005,10000,4.040404040404041,9641.726032833347,48.208630164166735
2,Po-210,84,0.005,10000,4.545454545454546,9630.195403579382,48.15097701789691
2,Po-210,84,0.005,10000,5.050505050505051,9567.294023287646,47.836470116438235
2,Po-210,84,0.005,10000,5.555555555555556,9648.912618393448,48.24456309196724
2,Po-210,84,0.005,10000,6.0606060606060606,9535.366341920479,47.676831709602396
2,Po-210,84,0.005,10000,6.565656565656566,9920.884628584083,49.60442314292042
2,Po-210,84,0.005,10000,7.070707070707071,9699.166108201764,48.49583054100882
2,Po-210,84,0.005,10000,7.575757575757576,9441.061102132757,47.205305510663784
2,Po-210,84,0.005,10000,8.080808080808081,9550.14471423162,47.7507235711581
2,Po-210,84,0.005,10000,8.585858585858587,9353.653441553177,46.76826720776589
2,Po-210,84,0.005,10000,9.090909090909092,9749.068484553183,48.745342422765916
2,Po-210,84,0.005,10000,9.595959595959597,9795.39878258472,48.976993912923604
2,Po-210,84,0.005,10000,10.101010101010102,9745.559227364474,48.72779613682237
2,Po-210,84,0.005,10000,10.606060606060607,9266.398598229622,46.33199299114811
2,Po-210,84,0.005,10000,11.111111111111112,9442.327708765877,47.21163854382939
2,Po-210,84,0.005,10000,11.616161616161618,9359.954654467101,46.79977327233551
2,Po-210,84,0.005,10000,12.121212121212121,9517.732067159757,47.588660335798785
2,Po-210,84,0.005,10000,12.626262626262626,9198.95264792931,45.99476323964655
2,Po-210,84,0.005,10000,13.131313131313131,9237.936107571693,46.189680537858465
2,Po-210,84,0.005,10000,13.636363636363637,9263.709804450522,46.31854902225261
2,Po-210,84,0.005,10000,14.141414141414142,9345.91268543465,46.729563427173254
2,Po-210,84,0.005,10000,14.646464646464647,9422.871418643,47.114357093215006
2,Po-210,84,0.005,10000,15.151515151515152,9209.460360814412,46.047301804072056
2,Po-210,84,0.005,10000,15.656565656565657,9369.822654859323,46.84911327429661
2,Po-210,84,0.005,10000,16.161616161616163,9375.358779101598,46.876793895507994
2,Po-210,84,0.005,10000,16.666666666666668,9161.210648733677,45.80605324366839
2,Po-210,84,0.005,10000,17.171717171717173,8948.6059387965,44.7430296939825
2,Po-210,84,0.005,10000,17.67676767676768,8939.670662183204,44.69835331091602
2,Po-210,84,0.005,10000,18.181818181818183,9239.068427793509,46.19534213896755
2,Po-210,84,0.005,10000,18.68686868686869,9021.22931795732,45.106146589786604
2,Po-210,84,0.005,10000,19.191919191919194,8773.822228889192,43.86911114444596
2,Po-210,84,0.005,10000,19.6969696969697,9173.186871934682,45.86593435967341
2,Po-210,84,0.005,10000,20.202020202020204,9062.66050850725,45.31330254253625
2,Po-210,84,0.005,10000,20.70707070707071,8762.905061102225,43.814525305511125
2,Po-210,84,0.005,10000,21.212121212121215,9205.848413950396,46.02924206975198
2,Po-210,84,0.005,10000,21.71717171717172,9121.128217443926,45.60564108721963
2,Po-210,84,0.005,10000,22.222222222222225,8973.224109318846,44.86612054659423
2,Po-210,84,0.005,10000,22.72727272727273,8698.337696847626,43.49168848423813
2,Po-210,84,0.005,10000,23.232323232323235,8653.605438576786,43.26802719288393
2,Po-210,84,0.005,10000,23.73737373737374,8826.317811838388,44.13158905919194
2,Po-210,84,0.005,10000,24.242424242424242,8554.807299555694,42.77403649777847
2,Po-210,84,0.005,10000,24.747474747474747,8907.70544850541,44.53852724252705
2,Po-210,84,0.005,10000,25.252525252525253,8565.13818634496,42.8256909317248
2,Po-210,84,0.005,10000,25.757575757575758,8820.601292784835,44.103006463924174
2,Po-210,84,0.005,10000,26.262626262626263,8718.896350614685,43.594481753073424
2,Po-210,84,0.005,10000,26.767676767676768,8871.838427369179,44.3591921368459
2,Po-210,84,0.005,10000,27.272727272727273,8561.576328643898,42.80788164321949
2,Po-210,84,0.005,10000,27.77777777777778,8750.89395995593,43.754469799779656
2,Po-210,84,0.005,10000,28.282828282828284,8439.116645664806,42.19558322832403
2,Po-210,84,0.005,10000,28.78787878787879,8797.181948948519,43.98590974474259
2,Po-210,84,0.005,10000,29.292929292929294,8617.702897072504,43.08851448536252
2,Po-210,84,0.005,10000,29.7979797979798,8701.220964063059,43.506104820315294
2,Po-210,84,0.005,10000,30.303030303030305,8367.075428486994,41.83537714243497
2,Po-210,84,0.005,10000,30.80808080808081,8657.94058439834,43.289702921991704
2,Po-210,84,0.005,10000,31.313131313131315,8603.119142230176,43.01559571115088
2,Po-210,84,0.005,10000,31.81818181818182,8591.229129009233,42.95614564504616
2,Po-210,84,0.005,10000,32.323232323232325,8560.872767222541,42.80436383611271
2,Po-210,84,0.005,10000,32.82828282828283,8453.384520750762,42.26692260375381
2,Po-210,84,0.005,10000,33.333333333333336,8674.964669929832,43.37482334964916
2,Po-210,84,0.005,10000,33.83838383838384,8417.1420203416,42.085710101708
2,Po-210,84,0.005,10000,34.343434343434346,8297.665199808149,41.48832599904075
2,Po-210,84,0.005,10000,34.84848484848485,8391.065044788525,41.95532522394263
2,Po-210,84,0.005,10000,35.35353535353536,8220.442479265648,41.10221239632824
2,Po-210,84,0.005,10000,35.85858585858586,8281.042849251819,41.40521424625909
2,Po-210,84,0.005,10000,36.36363636363637,8307.973204058431,41.53986602029216
2,Po-210,84,0.005,10000,36.86868686868687,8253.370128238097,41.26685064119049
2,Po-210,84,0.005,10000,37.37373737373738,8328.60867835496,41.6430433917748
2,Po-210,84,0.005,10000,37.87878787878788,8596.61286034715,42.98306430173575
2,Po-210,84,0.005,10000,38.38383838383839,8347.985007186506,41.73992503593253
2,Po-210,84,0.005,10000,38.88888888888889,8409.48244502143,42.047412225107145
2,Po-210,84,0.005,10000,39.3939393939394,8129.424381211871,40.647121906059354
2,Po-210,84,0.005,10000,39.8989898989899,8095.273362807621,40.47636681403811
2,Po-210,84,0.005,10000,40.40404040404041,8108.98398711423,40.54491993557115
2,Po-210,84,0.005,10000,40.909090909090914,8289.200889364873,41.44600444682436
2,Po-210,84,0.005,10000,41.41414141414142,7780.35384773609,38.90176923868045
2,Po-210,84,0.005,10000,41.919191919191924,7941.557103437215,39.707785517186075
2,Po-210,84,0.005,10000,42.42424242424243,8105.221682483964,40.52610841241982
2,Po-210,84,0.005,10000,42.929292929292934,8032.105577069124,40.16052788534562
2,Po-210,84,0.005,10000,43.43434343434344,8364.640135902793,41.82320067951397
2,Po-210,84,0.005,10000,43.939393939393945,8099.496839999593,40.49748419999797
2,Po-210,84,0.005,10000,44.44444444444445,7901.3257378228145,39.50662868911407
2,Po-210,84,0.005,10000,44.949494949494955,7735.166299594116,38.675831497970584
2,Po-210,84,0.005,10000,45.45454545454546,7912.769626626208,39.56384813313104
2,Po-210,84,0.005,10000,45.959595959595966,7739.809035460712,38.69904517730356
2,Po-210,84,0.005,10000,46.46464646464647,8000.896290522547,40.00448145261274
2,Po-210,84,0.005,10000,46.969696969696976,7932.383473935682,39.661917369678406
2,Po-210,84,0.005,10000,47.47474747474748,7937.446286689625,39.687231433448126
2,Po-210,84,0.005,10000,47.979797979797986,8194.213925761773,40.97106962880886
2,Po-210,84,0.005,10000,48.484848484848484,7704.810019850507,38.524050099252534
2,Po-210,84,0.005,10000,48.98989898989899,7797.320047193353,38.98660023596677
2,Po-210,84,0.005,10000,49.494949494949495,7618.360201464285,38.09180100732142
2,Po-210,84,0.005,10000,50.0,7775.453793215626,38.877268966078134
2,Rn-222,86,0.181,10000,0.0,10318.654723190006,1867.676504897391
2,Rn-222,86,0.181,10000,0.5050505050505051,9230.204432012972,1670.6670021943478
2,Rn-222,86,0.181,10000,1.0101010101010102,8310.04017829378,1504.1172722711742
2,Rn-222,86,0.181,10000,1.5151515151515151,7639.732981475354,1382.791669647039
2,Rn-222,86,0.181,10000,2.0202020202020203,6769.406104113088,1225.2625048444688
2,Rn-222,86,0.181,10000,2.5252525252525255,6281.498349484175,1136.9512012566356
2,Rn-222,86,0.181,10000,3.0303030303030303,5788.098601047849,1047.6458467896607
2,Rn-222,86,0.181,10000,3.5353535353535355,5283.942837149908,956.3936535241334
2,Rn-222,86,0.181,10000,4.040404040404041,4665.436000989812,844.443916179156
2,Rn-222,86,0.181,10000,4.545454545454546,4421.101661779109,800.2194007820187
2,Rn-222,86,0.181,10000,5.050505050505051,4030.990294273806,729.6092432635588
2,Rn-222,86,0.181,10000,5.555555555555556,3630.825148320947,657.1793518460913
2,Rn-222,86,0.181,10000,6.0606060606060606,3339.091929139475,604.375639174245
2,Rn-222,86,0.181,10000,6.565656565656566,2956.7253922639884,535.1672959997819
2,Rn-222,86,0.181,10000,7.070707070707071,2698.63045171476,488.45211176037157
2,Rn-222,86,0.181,10000,7.575757575757576,2544.828079342062,460.61388236091324
2,Rn-222,86,0.181,10000,8.080808080808081,2285.339049294778,413.6463679223548
2,Rn-222,86,0.181,10000,8.585858585858587,2113.432814623962,382.53133944693707
2,Rn-222,86,0.181,10000,9.090909090909092,1961.6402198338426,355.0568797899255
2,Rn-222,86,0.181,10000,9.595959595959597,1754.5839146293895,317.5796885479195
2,Rn-222,86,0.181,10000,10.101010101010102,1516.5637854396052,274.4980451645685
2,Rn-222,86,0.181,10000,10.606060606060607,1462.0952389025833,264.6392382413676
2,Rn-222,86,0.181,10000,11.111111111111112,1325.5222354845787,239.91952462270874
2,Rn-222,86,0.181,10000,11.616161616161618,1215.742379943553,220.04937076978308
2,Rn-222,86,0.181,10000,12.121212121212121,1134.8271273345042,205.40371004754525
2,Rn-222,86,0.181,10000,12.626262626262626,985.2615488568939,178.3323403430978
2,Rn-222,86,0.181,10000,13.131313131313131,933.0324339284286,168.8788705410456
2,Rn-222,86,0.181,10000,13.636363636363637,874.001026031313,158.19418571166764
2,Rn-222,86,0.181,10000,14.141414141414142,763.6782249582607,138.2257587174452
2,Rn-222,86,0.181,10000,14.646464646464647,712.4662117998613,128.95638433577489
2,Rn-222,86,0.181,10000,15.151515151515152,656.5887475750474,118.84256331108357
2,Rn-222,86,0.181,10000,15.656565656565657,590.3395041514348,106.85145025140969
2,Rn-222,86,0.181,10000,16.161616161616163,529.1601722717777,95.77799118119177
2,Rn-222,86,0.181,10000,16.666666666666668,482.69338496199447,87.367502678121
2,Rn-222,86,0.181,10000,17.171717171717173,453.51393849744113,82.08602286803684
2,Rn-222,86,0.181,10000,17.67676767676768,412.6578606286937,74.69107277379355
2,Rn-222,86,0.181,10000,18.181818181818183,366.345505986766,66.30853658360465
2,Rn-222,86,0.181,10000,18.68686868686869,331.6918709442887,60.036228640916256
2,Rn-222,86,0.181,10000,19.191919191919194,302.0682719553277,54.67435722391431
2,Rn-222,86,0.181,10000,19.6969696969697,292.3295068558378,52.91164074090664
2,Rn-222,86,0.181,10000,20.202020202020204,257.85950668201735,46.67257070944514
2,Rn-222,86,0.181,10000,20.70707070707071,246.77694581636723,44.66662719276247
2,Rn-222,86,0.181,10000,21.212121212121215,217.45590012106345,39.359517921912484
2,Rn-222,86,0.181,10000,21.71717171717172,198.00342461618848,35.83861985553011
2,Rn-222,86,0.181,10000,22.222222222222225,180.22839635825596,32.62133974084433
2,Rn-222,86,0.181,10000,22.72727272727273,166.74904637571038,30.18157739400358
2,Rn-222,86,0.181,10000,23.232323232323235,146.31758630432967,26.48348312108367
2,Rn-222,86,0.181,10000,23.73737373737374,142.0485483576064,25.710787252726757
2,Rn-222,86,0.181,10000,24.242424242424242,124.02132607136735,22.447860018917492
2,Rn-222,86,0.181,10000,24.747474747474747,111.81878261553466,20.239199653411774
2,Rn-222,86,0.181,10000,25.252525252525253,104.1327248748341,18.848023202344972
2,Rn-222,86,0.181,10000,25.757575757575758,96.5277678070213,17.471525973070857
2,Rn-222,86,0.181,10000,26.262626262626263,84.47436521477746,15.289860103874721
2,Rn-222,86,0.181,10000,26.767676767676768,79.57217551898862,14.40256376893694
2,Rn-222,86,0.181,10000,27.272727272727273,70.77771580929412,12.810766561482236
2,Rn-222,86,0.181,10000,27.77777777777778,64.8700158960105,11.7414728771779
2,Rn-222,86,0.181,10000,28.282828282828284,59.22303498884019,10.719369332980074
2,Rn-222,86,0.181,10000,28.78787878787879,55.41718339235638,10.030510194016504
2,Rn-222,86,0.181,10000,29.292929292929294,48.71022696665801,8.8165510809651
2,Rn-222,86,0.181,10000,29.7979797979798,45.63846764251772,8.260562643295707
2,Rn-222,86,0.181,10000,30.303030303030305,41.20665754163004,7.458405015035036
2,Rn-222,86,0.181,10000,30.80808080808081,37.225289167975966,6.7377773394036495
2,Rn-222,86,0.181,10000,31.313131313131315,33.720088251552404,6.103335973530985
2,Rn-222,86,0.181,10000,31.81818181818182,30.780998924969136,5.571360805419413
2,Rn-222,86,0.181,10000,32.323232323232325,27.843891902316958,5.03974443431937
2,Rn-222,86,0.181,10000,32.82828282828283,26.74067447056576,4.8400620791724025
2,Rn-222,86,0.181,10000,33.333333333333336,23.859017983225655,4.318482254963843
2,Rn-222,86,0.181,10000,33.83838383838384,21.94986331438415,3.9729252599035307
2,Rn-222,86,0.181,10000,34.343434343434346,20.43949794585195,3.699549128199203
2,Rn-222,86,0.181,10000,34.84848484848485,17.779739879263463,3.218132918146687
2,Rn-222,86,0.181,10000,35.35353535353536,16.319161998337464,2.953768321699081
2,Rn-222,86,0.181,10000,35.85858585858586,15.256684123494157,2.7614598263524424
2,Rn-222,86,0.181,10000,36.36363636363637,13.347892472928528,2.4159685376000635
2,Rn-222,86,0.181,10000,36.86868686868687,12.496722081214607,2.261906696699844
2,Rn-222,86,0.181,10000,37.37373737373738,11.325114944115642,2.049845804884931
2,Rn-222,86,0.181,10000,37.87878787878788,10.5999426709069,1.9185896234341488
2,Rn-222,86,0.181,10000,38.38383838383839,9.528743251834905,1.7247025285821178
2,Rn-222,86,0.181,10000,38.88888888888889,9.123275550778633,1.6513128746909325
2,Rn-222,86,0.181,10000,39.3939393939394,8.154919873617636,1.4760404971247922
2,Rn-222,86,0.181,10000,39.8989898989899,7.180802527460838,1.2997252574704115
2,Rn-222,86,0.181,10000,40.40404040404041,6.615614127703316,1.1974261571143001
2,Rn-222,86,0.181,10000,40.909090909090914,6.0425067555708765,1.0936937227583285
2,Rn-222,86,0.181,10000,41.41414141414142,5.920479488475205,1.071606787414012
2,Rn-222,86,0.181,10000,41.919191919191924,4.915026292687651,0.8896197589764648
2,Rn-222,86,0.181,10000,42.42424242424243,4.644180934213172,0.8405967490925841
2,Rn-222,86,0.181,10000,42.929292929292934,4.0453003728752925,0.7321993674904279
2,Rn-222,86,0.181,10000,43.43434343434344,3.8519728742094888,0.6972070902319174
2,Rn-222,86,0.181,10000,43.939393939393945,3.6502527257433797,0.6606957433595517
2,Rn-222,86,0.181,10000,44.44444444444445,3.1825834380971667,0.5760476022955872
2,Rn-222,86,0.181,10000,44.949494949494955,2.9931681295493826,0.5417634314484382
2,Rn-222,86,0.181,10000,45.45454545454546,2.669108349576108,0.48310861127327553
2,Rn-222,86,0.181,10000,45.959595959595966,2.4185486419423365,0.4377573041915629
2,Rn-222,86,0.181,10000,46.46464646464647,2.2148695898513178,0.4008913957630885
2,Rn-222,86,0.181,10000,46.969696969696976,2.007756104854284,0.3634038549786254
2,Rn-222,86,0.181,10000,47.47474747474748,1.830905884557172,0.3313939651048481
2,Rn-222,86,0.181,10000,47.979797979797986,1.6471273350624305,0.2981300476462999
2,Rn-222,86,0.181,10000,48.484848484848484,1.5908582376766274,0.28794534101946956
2,Rn-222,86,0.181,10000,48.98989898989899,1.3983263569385158,0.25309707060587133
2,Rn-222,86,0.181,10000,49.494949494949495,1.2938377557335623,0.23418463378777477
2,Rn-222,86,0.181,10000,50.0,1.1533309726045515,0.20875290604142382
2,Pu-239,94,0.0029,10000,0.0,10223.39811188307,29.647854524460904
2,Pu-239,94,0.0029,10000,0.5050505050505051,9930.733174329993,28.799126205556977
2,Pu-239,94,0.0029,10000,1.0101010101010102,9952.596653292268,28.862530294547575
2,Pu-239,94,0.0029,10000,1.5151515151515151,9591.965427799061,27.816699740617274
2,Pu-239,94,0.0029,10000,2.0202020202020203,10020.318048466797,29.05892234055371
2,Pu-239,94,0.0029,10000,2.5252525252525255,10286.69278897341,29.831409088022887
2,Pu-239,94,0.0029,10000,3.0303030303030303,9740.211478074503,28.246613286416057
2,Pu-239,94,0.0029,10000,3.5353535353535355,9807.28749752455,28.441133742821194
2,Pu-239,94,0.0029,10000,4.040404040404041,9658.499298489402,28.009647965619262
2,Pu-239,94,0.0029,10000,4.545454545454546,9894.540965805982,28.694168800837346
2,Pu-239,94,0.0029,10000,5.050505050505051,9867.221391424207,28.6149420351302
2,Pu-239,94,0.0029,10000,5.555555555555556,9978.942282554508,28.93893261940807
2,Pu-239,94,0.0029,10000,6.0606060606060606,9934.151083674426,28.809038142655833
2,Pu-239,94,0.0029,10000,6.565656565656566,9651.958841212923,27.990680639517475
2,Pu-239,94,0.0029,10000,7.070707070707071,9841.113974008507,28.53923052462467
2,Pu-239,94,0.0029,10000,7.575757575757576,9718.465374639234,28.183549586453776
2,Pu-239,94,0.0029,10000,8.080808080808081,9555.228566023923,27.710162841469376
2,Pu-239,94,0.0029,10000,8.585858585858587,9729.337073911296,28.215077514342756
2,Pu-239,94,0.0029,10000,9.090909090909092,10480.357353292145,30.39303632454722
2,Pu-239,94,0.0029,10000,9.595959595959597,10175.879889641887,29.51005167996147
2,Pu-239,94,0.0029,10000,10.101010101010102,9738.477513323884,28.241584788639262
2,Pu-239,94,0.0029,10000,10.606060606060607,10034.343921797517,29.0995973732128
2,Pu-239,94,0.0029,10000,11.111111111111112,9674.124958982044,28.054962381047925
2,Pu-239,94,0.0029,10000,11.616161616161618,9658.466540281292,28.009552966815743
2,Pu-239,94,0.0029,10000,12.121212121212121,9278.144861043787,26.90662009702698
2,Pu-239,94,0.0029,10000,12.626262626262626,9455.343816668703,27.420497068339238
2,Pu-239,94,0.0029,10000,13.131313131313131,9475.506704338726,27.478969442582304
2,Pu-239,94,0.0029,10000,13.636363636363637,9632.932632304686,27.93550463368359
2,Pu-239,94,0.0029,10000,14.141414141414142,9600.87887319906,27.842548732277276
2,Pu-239,94,0.0029,10000,14.646464646464647,9473.173307805147,27.472202592634925
2,Pu-239,94,0.0029,10000,15.151515151515152,9457.419309988441,27.42651599896648
2,Pu-239,94,0.0029,10000,15.656565656565657,9524.357419738977,27.62063651724303
2,Pu-239,94,0.0029,10000,16.161616161616163,9278.494794757304,26.90763490479618
2,Pu-239,94,0.0029,10000,16.666666666666668,9411.414907327362,27.293103231249347
2,Pu-239,94,0.0029,10000,17.171717171717173,9441.662630259612,27.380821627752873
2,Pu-239,94,0.0029,10000,17.67676767676768,9262.983776703757,26.862652952440893
2,Pu-239,94,0.0029,10000,18.181818181818183,9423.731679558088,27.328821870718453
2,Pu-239,94,0.0029,10000,18.68686868686869,9314.348669305493,27.011611140985927
2,Pu-239,94,0.0029,10000,19.191919191919194,9692.33994967139,28.10778585404703
2,Pu-239,94,0.0029,10000,19.6969696969697,9398.742258958242,27.2563525509789
2,Pu-239,94,0.0029,10000,20.202020202020204,9395.220639036097,27.246139853204678
2,Pu-239,94,0.0029,10000,20.70707070707071,9497.785975682595,27.543579329479524
2,Pu-239,94,0.0029,10000,21.212121212121215,9508.134753140048,27.573590784106138
2,Pu-239,94,0.0029,10000,21.71717171717172,9063.571255312652,26.28435664040669
2,Pu-239,94,0.0029,10000,22.222222222222225,9305.228343477364,26.985162196084353
2,Pu-239,94,0.0029,10000,22.72727272727273,9191.949593266605,26.656653820473153
2,Pu-239,94,0.0029,10000,23.232323232323235,9321.315135300036,27.031813892370103
2,Pu-239,94,0.0029,10000,23.73737373737374,9234.64445769049,26.780468927302422
2,Pu-239,94,0.0029,10000,24.242424242424242,9350.394436138553,27.116143864801803
2,Pu-239,94,0.0029,10000,24.747474747474747,9124.959127859005,26.46238147079111
2,Pu-239,94,0.0029,10000,25.252525252525253,9188.314013666324,26.646110639632337
2,Pu-239,94,0.0029,10000,25.757575757575758,9170.52448264386,26.59452099966719
2,Pu-239,94,0.0029,10000,26.262626262626263,9467.304517974893,27.45518310212719
2,Pu-239,94,0.0029,10000,26.767676767676768,9321.205356069568,27.031495532601745
2,Pu-239,94,0.0029,10000,27.272727272727273,9307.726627719088,26.992407220385353
2,Pu-239,94,0.0029,10000,27.77777777777778,9173.204806036889,26.602293937506975
2,Pu-239,94,0.0029,10000,28.282828282828284,9141.648951492487,26.51078195932821
2,Pu-239,94,0.0029,10000,28.78787878787879,9302.264120385542,26.97656594911807
2,Pu-239,94,0.0029,10000,29.292929292929294,9328.410487660343,27.052390414214994
2,Pu-239,94,0.0029,10000,29.7979797979798,9174.92153092867,26.60727243969314
2,Pu-239,94,0.0029,10000,30.303030303030305,9367.839498806656,27.1667345465393
2,Pu-239,94,0.0029,10000,30.80808080808081,9378.365347253935,27.19725950703641
2,Pu-239,94,0.0029,10000,31.313131313131315,8827.89142956154,25.600885145728462
2,Pu-239,94,0.0029,10000,31.81818181818182,9197.05302560506,26.671453774254672
2,Pu-239,94,0.0029,10000,32.323232323232325,9097.460580540524,26.382635683567518
2,Pu-239,94,0.0029,10000,32.82828282828283,9162.498015634814,26.571244245340957
2,Pu-239,94,0.0029,10000,33.333333333333336,9281.215524417954,26.915525020812066
2,Pu-239,94,0.0029,10000,33.83838383838384,8898.399500829455,25.80535855240542
2,Pu-239,94,0.0029,10000,34.343434343434346,8758.69540529439,25.40021667535373
2,Pu-239,94,0.0029,10000,34.84848484848485,9238.754989947389,26.792389470847425
2,Pu-239,94,0.0029,10000,35.35353535353536,8845.316043466593,25.65141652605312
2,Pu-239,94,0.0029,10000,35.85858585858586,8888.655081047407,25.777099735037478
2,Pu-239,94,0.0029,10000,36.36363636363637,9035.982069310869,26.204348001001517
2,Pu-239,94,0.0029,10000,36.86868686868687,8862.676856755274,25.70176288459029
2,Pu-239,94,0.0029,10000,37.37373737373738,8687.098442591448,25.1925854835152
2,Pu-239,94,0.0029,10000,37.87878787878788,8965.825380593735,26.000893603721828
2,Pu-239,94,0.0029,10000,38.38383838383839,8806.753206693049,25.53958429940984
2,Pu-239,94,0.0029,10000,38.88888888888889,9040.31112490223,26.216902262216465
2,Pu-239,94,0.0029,10000,39.3939393939394,8830.128495431574,25.607372636751563
2,Pu-239,94,0.0029,10000,39.8989898989899,8784.716311030379,25.475677301988096
2,Pu-239,94,0.0029,10000,40.40404040404041,8856.968233480073,25.68520787709221
2,Pu-239,94,0.0029,10000,40.909090909090914,9068.196947171798,26.297771146798215
2,Pu-239,94,0.0029,10000,41.41414141414142,9029.340003477535,26.18508601008485
2,Pu-239,94,0.0029,10000,41.919191919191924,8661.7115512911,25.11896349874419
2,Pu-239,94,0.0029,10000,42.42424242424243,9337.489615066448,27.0787198836927
2,Pu-239,94,0.0029,10000,42.929292929292934,8771.898839746711,25.438506635265462
2,Pu-239,94,0.0029,10000,43.43434343434344,8613.29910962546,24.97856741791383
2,Pu-239,94,0.0029,10000,43.939393939393945,8959.99387456061,25.983982236225767
2,Pu-239,94,0.0029,10000,44.44444444444445,8727.129147789206,25.308674528588696
2,Pu-239,94,0.0029,10000,44.949494949494955,9155.951036426704,26.55225800563744
2,Pu-239,94,0.0029,10000,45.45454545454546,8913.554185983074,25.849307139350913
2,Pu-239,94,0.0029,10000,45.959595959595966,8717.39059007295,25.280432711211553
2,Pu-239,94,0.0029,10000,46.46464646464647,9014.70940821802,26.142657283832254
2,Pu-239,94,0.0029,10000,46.969696969696976,8874.772389027825,25.73683992818069
2,Pu-239,94,0.0029,10000,47.47474747474748,8499.63603092088,24.648944489670548
2,Pu-239,94,0.0029,10000,47.979797979797986,8855.648972928138,25.6813820214916
2,Pu-239,94,0.0029,10000,48.484848484848484,8598.566999546907,24.93584429868603
2,Pu-239,94,0.0029,10000,48.98989898989899,8661.141008037523,25.117308923308816
2,Pu-239,94,0.0029,10000,49.494949494949495,8685.607968558883,25.18826310882076
2,Pu-239,94,0.0029,10000,50.0,8498.135401428399,24.644592664142355
2,Am-241,95,0.0016,10000,0.0,9733.331544221859,15.573330470754975
2,Am-241,95,0.0016,10000,0.5050505050505051,10065.419842366417,16.104671747786266
2,Am-241,95,0.0016,10000,1.0101010101010102,9706.653096494108,15.530644954390574
2,Am-241,95,0.0016,10000,1.5151515151515151,9461.993482309457,15.139189571695132
2,Am-241,95,0.0016,10000,2.0202020202020203,9801.04747022875,15.681675952366001
2,Am-241,95,0.0016,10000,2.5252525252525255,10025.62894874207,16.041006317987314
2,Am-241,95,0.0016,10000,3.0303030303030303,9897.917343605946,15.836667749769514
2,Am-241,95,0.0016,10000,3.5353535353535355,10195.590738906076,16.312945182249724
2,Am-241,95,0.0016,10000,4.040404040404041,9972.075929162962,15.95532148666074
2,Am-241,95,0.0016,10000,4.545454545454546,9775.385208556303,15.640616333690085
2,Am-241,95,0.0016,10000,5.050505050505051,9832.308404032869,15.73169344645259
2,Am-241,95,0.0016,10000,5.555555555555556,9626.739267440496,15.402782827904796
2,Am-241,95,0.0016,10000,6.0606060606060606,10118.562776463594,16.18970044234175
2,Am-241,95,0.0016,10000,6.565656565656566,9622.16584824839,15.395465357197427
2,Am-241,95,0.0016,10000,7.070707070707071,9705.495491496173,15.528792786393877
2,Am-241,95,0.0016,10000,7.575757575757576,9847.848521590131,15.75655763454421
2,Am-241,95,0.0016,10000,8.080808080808081,9872.003920014036,15.795206272022458
2,Am-241,95,0.0016,10000,8.585858585858587,9567.13572715413,15.307417163446608
2,Am-241,95,0.0016,10000,9.090909090909092,9677.106256421293,15.48337001027407
2,Am-241,95,0.0016,10000,9.595959595959597,9899.837766985196,15.839740427176315
2,Am-241,95,0.0016,10000,10.101010101010102,10062.00521081545,16.09920833730472
2,Am-241,95,0.0016,10000,10.606060606060607,9900.36098233919,15.840577571742706
2,Am-241,95,0.0016,10000,11.111111111111112,9818.72215100136,15.709955441602178
2,Am-241,95,0.0016,10000,11.616161616161618,9509.13029072396,15.214608465158337
2,Am-241,95,0.0016,10000,12.121212121212121,9686.832131933767,15.498931411094027
2,Am-241,95,0.0016,10000,12.626262626262626,9902.219675263244,15.843551480421192
2,Am-241,95,0.0016,10000,13.131313131313131,10003.785292609982,16.006056468175974
2,Am-241,95,0.0016,10000,13.636363636363637,9958.217430399322,15.933147888638915
2,Am-241,95,0.0016,10000,14.141414141414142,9803.27445084441,15.685239121351056
2,Am-241,95,0.0016,10000,14.646464646464647,10003.721012231788,16.005953619570864
2,Am-241,95,0.0016,10000,15.151515151515152,10322.98003709943,16.51676805935909
2,Am-241,95,0.0016,10000,15.656565656565657,9636.77251981998,15.418836031711969
2,Am-241,95,0.0016,10000,16.161616161616163,9596.001711116905,15.35360273778705
2,Am-241,95,0.0016,10000,16.666666666666668,10032.562530625006,16.05210004900001
2,Am-241,95,0.0016,10000,17.171717171717173,9774.80915611036,15.639694649776576
2,Am-241,95,0.0016,10000,17.67676767676768,9742.9690290424,15.588750446467841
2,Am-241,95,0.0016,10000,18.181818181818183,9789.506425507143,15.663210280811429
2,Am-241,95,0.0016,10000,18.68686868686869,9578.394100033012,15.325430560052821
2,Am-241,95,0.0016,10000,19.191919191919194,9496.89549188875,15.195032787022
2,Am-241,95,0.0016,10000,19.6969696969697,9539.155249070585,15.262648398512937
2,Am-241,95,0.0016,10000,20.202020202020204,9923.199233741818,15.87711877398691
2,Am-241,95,0.0016,10000,20.70707070707071,9396.150629044632,15.033841006471413
2,Am-241,95,0.0016,10000,21.212121212121215,9762.703781690632,15.620326050705012
2,Am-241,95,0.0016,10000,21.71717171717172,9550.764460891316,15.281223137426107
2,Am-241,95,0.0016,10000,22.222222222222225,9582.486483587083,15.331978373739334
2,Am-241,95,0.0016,10000,22.72727272727273,9786.179766532261,15.657887626451618
2,Am-241,95,0.0016,10000,23.232323232323235,9797.745162802128,15.676392260483405
2,Am-241,95,0.0016,10000,23.73737373737374,9693.362822730855,15.509380516369369
2,Am-241,95,0.0016,10000,24.242424242424242,9259.176118110303,14.814681788976486
2,Am-241,95,0.0016,10000,24.747474747474747,9913.77240731159,15.862035851698543
2,Am-241,95,0.0016,10000,25.252525252525253,9855.676090989979,15.769081745583966
2,Am-241,95,0.0016,10000,25.757575757575758,9613.804538511766,15.382087261618826
2,Am-241,95,0.0016,10000,26.262626262626263,9590.471239013481,15.34475398242157
2,Am-241,95,0.0016,10000,26.767676767676768,9925.943952471624,15.881510323954599
2,Am-241,95,0.0016,10000,27.272727272727273,9754.37597870746,15.607001565931936
2,Am-241,95,0.0016,10000,27.77777777777778,9559.683203247434,15.295493125195895
2,Am-241,95,0.0016,10000,28.282828282828284,9501.68009359289,15.202688149748624
2,Am-241,95,0.0016,10000,28.78787878787879,9512.87585405406,15.220601366486497
2,Am-241,95,0.0016,10000,29.292929292929294,9766.79285328272,15.626868565252353
2,Am-241,95,0.0016,10000,29.7979797979798,9732.733558132824,15.57237369301252
2,Am-241,95,0.0016,10000,30.303030303030305,9219.305223781055,14.75088835804969
2,Am-241,95,0.0016,10000,30.80808080808081,9607.481316890115,15.371970107024184
2,Am-241,95,0.0016,10000,31.313131313131315,9675.712378308981,15.48113980529437
2,Am-241,95,0.0016,10000,31.81818181818182,9217.312641837114,14.747700226939383
2,Am-241,95,0.0016,10000,32.323232323232325,9495.410954637378,15.192657527419806
2,Am-241,95,0.0016,10000,32.82828282828283,9151.081018812709,14.641729630100334
2,Am-241,95,0.0016,10000,33.333333333333336,9505.19288254381,15.208308612070097
2,Am-241,95,0.0016,10000,33.83838383838384,9078.292524800218,14.525268039680348
2,Am-241,95,0.0016,10000,34.343434343434346,9336.270593870957,14.938032950193532
2,Am-241,95,0.0016,10000,34.84848484848485,9342.09848820675,14.9473575811308
2,Am-241,95,0.0016,10000,35.35353535353536,9316.071122124513,14.90571379539922
2,Am-241,95,0.0016,10000,35.85858585858586,9716.529536020158,15.546447257632254
2,Am-241,95,0.0016,10000,36.36363636363637,9535.832433223468,15.257331893157549
2,Am-241,95,0.0016,10000,36.86868686868687,9351.826900117643,14.96292304018823
2,Am-241,95,0.0016,10000,37.37373737373738,9243.764650902895,14.790023441444632
2,Am-241,95,0.0016,10000,37.87878787878788,9366.992436756313,14.9871878988101
2,Am-241,95,0.0016,10000,38.38383838383839,9210.774365259624,14.737238984415399
2,Am-241,95,0.0016,10000,38.88888888888889,9579.616076462864,15.327385722340583
2,Am-241,95,0.0016,10000,39.3939393939394,9764.10893144692,15.622574290315073
2,Am-241,95,0.0016,10000,39.8989898989899,9579.179374394165,15.326686999030665
2,Am-241,95,0.0016,10000,40.40404040404041,9436.173311155797,15.097877297849276
2,Am-241,95,0.0016,10000,40.909090909090914,9335.389241717388,14.936622786747822
2,Am-241,95,0.0016,10000,41.41414141414142,9283.023856713166,14.852838170741066
2,Am-241,95,0.0016,10000,41.919191919191924,9677.704058539162,15.48432649366266
2,Am-241,95,0.0016,10000,42.42424242424243,9236.109421652805,14.77777507464449
2,Am-241,95,0.0016,10000,42.929292929292934,9627.684044852056,15.40429447176329
2,Am-241,95,0.0016,10000,43.43434343434344,9117.53381223169,14.588054099570705
2,Am-241,95,0.0016,10000,43.939393939393945,9265.889015664881,14.825422425063811
2,Am-241,95,0.0016,10000,44.44444444444445,8994.303819248546,14.390886110797673
2,Am-241,95,0.0016,10000,44.949494949494955,9335.69779623654,14.937116473978465
2,Am-241,95,0.0016,10000,45.45454545454546,9063.527385075728,14.501643816121165
2,Am-241,95,0.0016,10000,45.959595959595966,9600.433560323725,15.360693696517961
2,Am-241,95,0.0016,10000,46.46464646464647,9360.07493293297,14.976119892692752
2,Am-241,95,0.0016,10000,46.969696969696976,9375.727457193134,15.001163931509016
2,Am-241,95,0.0016,10000,47.47474747474748,9320.936855081267,14.913498968130028
2,Am-241,95,0.0016,10000,47.979797979797986,9058.688344434322,14.493901351094916
2,Am-241,95,0.0016,10000,48.484848484848484,9276.539932707114,14.842463892331383
2,Am-241,95,0.0016,10000,48.98989898989899,9585.811013983308,15.337297622373294
2,Am-241,95,0.0016,10000,49.494949494949495,9240.206719897076,14.784330751835324
2,Am-241,95,0.0016,10000,50.0,9043.398607814375,14.469437772503001
2,Kr-85,36,0.02,10000,0.0,9629.531468660993,192.59062937321985
2,Kr-85,36,0.02,10000,0.5050505050505051,9758.266750548559,195.16533501097118
2,Kr-85,36,0.02,10000,1.0101010101010102,9454.609632488573,189.09219264977148
2,Kr-85,36,0.02,10000,1.5151515151515151,9862.66057185087,197.25321143701743
2,Kr-85,36,0.02,10000,2.0202020202020203,9754.060012810705,195.08120025621412
2,Kr-85,36,0.02,10000,2.5252525252525255,9340.980522435451,186.81961044870903
2,Kr-85,36,0.02,10000,3.0303030303030303,9527.514498624592,190.55028997249184
2,Kr-85,36,0.02,10000,3.5353535353535355,9209.927275304632,184.19854550609264
2,Kr-85,36,0.02,10000,4.040404040404041,9215.292295431305,184.3058459086261
2,Kr-85,36,0.02,10000,4.545454545454546,9198.933738934451,183.97867477868903
2,Kr-85,36,0.02,10000,5.050505050505051,8958.97781018602,179.17955620372038
2,Kr-85,36,0.02,10000,5.555555555555556,9023.238127903343,180.46476255806687
2,Kr-85,36,0.02,10000,6.0606060606060606,8559.80122805674,171.1960245611348
2,Kr-85,36,0.02,10000,6.565656565656566,8790.035107194919,175.80070214389838
2,Kr-85,36,0.02,10000,7.070707070707071,8675.228509939952,173.50457019879906
2,Kr-85,36,0.02,10000,7.575757575757576,8242.312567168992,164.84625134337986
2,Kr-85,36,0.02,10000,8.080808080808081,8199.751799445414,163.99503598890828
2,Kr-85,36,0.02,10000,8.585858585858587,8108.948817869801,162.17897635739604
2,Kr-85,36,0.02,10000,9.090909090909092,8406.615087104321,168.1323017420864
2,Kr-85,36,0.02,10000,9.595959595959597,8274.19822627598,165.48396452551958
2,Kr-85,36,0.02,10000,10.101010101010102,8215.553176330694,164.31106352661388
2,Kr-85,36,0.02,10000,10.606060606060607,7874.093806994994,157.4818761398999
2,Kr-85,36,0.02,10000,11.111111111111112,8189.777815396714,163.79555630793428
2,Kr-85,36,0.02,10000,11.616161616161618,8082.716242650642,161.65432485301284
2,Kr-85,36,0.02,10000,12.121212121212121,7726.861204024625,154.5372240804925
2,Kr-85,36,0.02,10000,12.626262626262626,7951.08728731277,159.0217457462554
2,Kr-85,36,0.02,10000,13.131313131313131,7651.699252892453,153.03398505784907
2,Kr-85,36,0.02,10000,13.636363636363637,7342.558752642384,146.85117505284768
2,Kr-85,36,0.02,10000,14.141414141414142,7290.396094550262,145.80792189100524
2,Kr-85,36,0.02,10000,14.646464646464647,7570.231450357328,151.40462900714655
2,Kr-85,36,0.02,10000,15.151515151515152,7370.39754343296,147.4079508686592
2,Kr-85,36,0.02,10000,15.656565656565657,7440.401172171525,148.8080234434305
2,Kr-85,36,0.02,10000,16.161616161616163,7225.263785691461,144.5052757138292
2,Kr-85,36,0.02,10000,16.666666666666668,7203.672020942344,144.07344041884687
2,Kr-85,36,0.02,10000,17.171717171717173,7394.556739425177,147.89113478850354
2,Kr-85,36,0.02,10000,17.67676767676768,7218.185480405679,144.3637096081136
2,Kr-85,36,0.02,10000,18.181818181818183,6891.263834424788,137.82527668849576
2,Kr-85,36,0.02,10000,18.68686868686869,6933.183680379853,138.66367360759708
2,Kr-85,36,0.02,10000,19.191919191919194,6879.782532055699,137.595650641114
2,Kr-85,36,0.02,10000,19.6969696969697,6846.644942446168,136.93289884892337
2,Kr-85,36,0.02,10000,20.202020202020204,6685.652802114577,133.71305604229153
2,Kr-85,36,0.02,10000,20.70707070707071,6543.839051311884,130.87678102623767
2,Kr-85,36,0.02,10000,21.212121212121215,6542.178472548842,130.84356945097684
2,Kr-85,36,0.02,10000,21.71717171717172,6414.682373407662,128.29364746815324
2,Kr-85,36,0.02,10000,22.222222222222225,6627.672301750666,132.5534460350133
2,Kr-85,36,0.02,10000,22.72727272727273,6504.871015347534,130.09742030695068
2,Kr-85,36,0.02,10000,23.232323232323235,6257.983531018085,125.15967062036171
2,Kr-85,36,0.02,10000,23.73737373737374,6273.704344752048,125.47408689504097
2,Kr-85,36,0.02,10000,24.242424242424242,6137.527264536986,122.75054529073972
2,Kr-85,36,0.02,10000,24.747474747474747,6241.497308514823,124.82994617029647
2,Kr-85,36,0.02,10000,25.252525252525253,6161.345615263749,123.22691230527498
2,Kr-85,36,0.02,10000,25.757575757575758,6042.039478428993,120.84078956857986
2,Kr-85,36,0.02,10000,26.262626262626263,6017.1141890135805,120.34228378027161
2,Kr-85,36,0.02,10000,26.767676767676768,5931.970576626162,118.63941153252324
2,Kr-85,36,0.02,10000,27.272727272727273,5931.874937531517,118.63749875063036
2,Kr-85,36,0.02,10000,27.77777777777778,5798.481895836047,115.96963791672096
2,Kr-85,36,0.02,10000,28.282828282828284,5697.126543127034,113.94253086254068
2,Kr-85,36,0.02,10000,28.78787878787879,5557.875047616454,111.15750095232909
2,Kr-85,36,0.02,10000,29.292929292929294,5391.301425404702,107.82602850809404
2,Kr-85,36,0.02,10000,29.7979797979798,5507.266346878026,110.14532693756051
2,Kr-85,36,0.02,10000,30.303030303030305,5374.107136999156,107.48214273998312
2,Kr-85,36,0.02,10000,30.80808080808081,5406.6135654077225,108.13227130815446
2,Kr-85,36,0.02,10000,31.313131313131315,5467.79803213842,109.35596064276841
2,Kr-85,36,0.02,10000,31.81818181818182,5310.425639797193,106.20851279594386
2,Kr-85,36,0.02,10000,32.323232323232325,5195.463162616486,103.90926325232974
2,Kr-85,36,0.02,10000,32.82828282828283,5097.802787621292,101.95605575242584
2,Kr-85,36,0.02,10000,33.333333333333336,4987.320010721385,99.74640021442771
2,Kr-85,36,0.02,10000,33.83838383838384,5218.053495739607,104.36106991479214
2,Kr-85,36,0.02,10000,34.343434343434346,4852.7031183532345,97.05406236706469
2,Kr-85,36,0.02,10000,34.84848484848485,4887.802238187316,97.75604476374633
2,Kr-85,36,0.02,10000,35.35353535353536,4702.743068114513,94.05486136229027
2,Kr-85,36,0.02,10000,35.85858585858586,4850.445083575025,97.0089016715005
2,Kr-85,36,0.02,10000,36.36363636363637,4799.170715062188,95.98341430124376
2,Kr-85,36,0.02,10000,36.86868686868687,4745.005537663633,94.90011075327266
2,Kr-85,36,0.02,10000,37.37373737373738,4729.629879057014,94.59259758114027
2,Kr-85,36,0.02,10000,37.87878787878788,4611.013325216519,92.22026650433038
2,Kr-85,36,0.02,10000,38.38383838383839,4556.096367123452,91.12192734246905
2,Kr-85,36,0.02,10000,38.88888888888889,4761.289519932615,95.2257903986523
2,Kr-85,36,0.02,10000,39.3939393939394,4517.698246420336,90.35396492840671
2,Kr-85,36,0.02,10000,39.8989898989899,4584.108580458113,91.68217160916225
2,Kr-85,36,0.02,10000,40.40404040404041,4382.534651808663,87.65069303617325
2,Kr-85,36,0.02,10000,40.909090909090914,4554.649546919753,91.09299093839508
2,Kr-85,36,0.02,10000,41.41414141414142,4500.265568363975,90.0053113672795
2,Kr-85,36,0.02,10000,41.919191919191924,4344.066917495954,86.88133834991908
2,Kr-85,36,0.02,10000,42.42424242424243,4186.496448717185,83.7299289743437
2,Kr-85,36,0.02,10000,42.929292929292934,4244.9827240101195,84.89965448020239
2,Kr-85,36,0.02,10000,43.43434343434344,4198.989356996615,83.97978713993231
2,Kr-85,36,0.02,10000,43.939393939393945,4172.76232735288,83.4552465470576
2,Kr-85,36,0.02,10000,44.44444444444445,4030.6912014424333,80.61382402884867
2,Kr-85,36,0.02,10000,44.949494949494955,3945.839151788412,78.91678303576825
2,Kr-85,36,0.02,10000,45.45454545454546,4041.986114558388,80.83972229116776
2,Kr-85,36,0.02,10000,45.959595959595966,3987.5911480318678,79.75182296063736
2,Kr-85,36,0.02,10000,46.46464646464647,3948.491721279093,78.96983442558187
2,Kr-85,36,0.02,10000,46.969696969696976,3988.914522595543,79.77829045191086
2,Kr-85,36,0.02,10000,47.47474747474748,3755.205309038692,75.10410618077384
2,Kr-85,36,0.02,10000,47.979797979797986,3907.904979070965,78.15809958141931
2,Kr-85,36,0.02,10000,48.484848484848484,3735.613222768076,74.71226445536152
2,Kr-85,36,0.02,10000,48.98989898989899,3724.1970299943077,74.48394059988615
2,Kr-85,36,0.02,10000,49.494949494949495,3654.767987397547,73.09535974795095
2,Kr-85,36,0.02,10000,50.0,3685.388272358377,73.70776544716755
2,Xe-133,54,0.119,10000,0.0,9618.836425040015,1144.6415345797618
2,Xe-133,54,0.119,10000,0.5050505050505051,9309.70431749333,1107.854813781706
2,Xe-133,54,0.119,10000,1.0101010101010102,8775.944265966515,1044.3373676500153
2,Xe-133,54,0.119,10000,1.5151515151515151,8561.252051658274,1018.7889941473345
2,Xe-133,54,0.119,10000,2.0202020202020203,7886.800052647052,938.5292062649992
2,Xe-133,54,0.119,10000,2.5252525252525255,7507.4401403323545,893.3853766995502
2,Xe-133,54,0.119,10000,3.0303030303030303,6973.364372362884,829.8303603111831
2,Xe-133,54,0.119,10000,3.5353535353535355,6428.086148821369,764.9422517097428
2,Xe-133,54,0.119,10000,4.040404040404041,6295.017640339245,749.1070992003702
2,Xe-133,54,0.119,10000,4.545454545454546,5723.740864140336,681.1251628327
2,Xe-133,54,0.119,10000,5.050505050505051,5424.872229813032,645.5597953477509
2,Xe-133,54,0.119,10000,5.555555555555556,5181.5765406982255,616.6076083430888
2,Xe-133,54,0.119,10000,6.0606060606060606,4953.563227855865,589.4740241148479
2,Xe-133,54,0.119,10000,6.565656565656566,4559.605642246102,542.5930714272862
2,Xe-133,54,0.119,10000,7.070707070707071,4441.24213151877,528.5078136507336
2,Xe-133,54,0.119,10000,7.575757575757576,4013.142313017637,477.5639352490988
2,Xe-133,54,0.119,10000,8.080808080808081,3873.633261300761,460.96235809479055
2,Xe-133,54,0.119,10000,8.585858585858587,3600.0230372600336,428.40274143394396
2,Xe-133,54,0.119,10000,9.090909090909092,3494.6441454091105,415.8626533036841
2,Xe-133,54,0.119,10000,9.595959595959597,3205.7460928160835,381.4837850451139
2,Xe-133,54,0.119,10000,10.101010101010102,2893.0046069551204,344.2675482276593
2,Xe-133,54,0.119,10000,10.606060606060607,2892.1410419954505,344.1647839974586
2,Xe-133,54,0.119,10000,11.111111111111112,2661.0760445621163,316.6680493028918
2,Xe-133,54,0.119,10000,11.616161616161618,2482.1844325516945,295.3799474736516
2,Xe-133,54,0.119,10000,12.121212121212121,2421.3513832366357,288.1408146051596
2,Xe-133,54,0.119,10000,12.626262626262626,2210.926408817851,263.1002426493243
2,Xe-133,54,0.119,10000,13.131313131313131,2120.998862418155,252.39886462776045
2,Xe-133,54,0.119,10000,13.636363636363637,1943.2675248540131,231.24883545762756
2,Xe-133,54,0.119,10000,14.141414141414142,1827.3974685293158,217.46029875498857
2,Xe-133,54,0.119,10000,14.646464646464647,1813.4429198814541,215.79970746589302
2,Xe-133,54,0.119,10000,15.151515151515152,1622.0470060220887,193.02359371662854
2,Xe-133,54,0.119,10000,15.656565656565657,1533.7096854756435,182.51145257160155
2,Xe-133,54,0.119,10000,16.161616161616163,1411.4097633131535,167.95776183426526
2,Xe-133,54,0.119,10000,16.666666666666668,1420.9580244230356,169.0940049063412
2,Xe-133,54,0.119,10000,17.171717171717173,1306.1438922426369,155.43112317687377
2,Xe-133,54,0.119,10000,17.67676767676768,1226.045635641462,145.89943064133396
2,Xe-133,54,0.119,10000,18.181818181818183,1171.4751371498237,139.405541320829
2,Xe-133,54,0.119,10000,18.68686868686869,1053.2716412524633,125.33932530904312
2,Xe-133,54,0.119,10000,19.191919191919194,1007.8978259683379,119.93984129023221
2,Xe-133,54,0.119,10000,19.6969696969697,957.7344516466949,113.97039974595668
2,Xe-133,54,0.119,10000,20.202020202020204,875.5400164133783,104.18926195319202
2,Xe-133,54,0.119,10000,20.70707070707071,873.1343431578513,103.9029868357843
2,Xe-133,54,0.119,10000,21.212121212121215,800.8945566676744,95.30645224345324
2,Xe-133,54,0.119,10000,21.71717171717172,749.5778424007902,89.19976324569403
2,Xe-133,54,0.119,10000,22.222222222222225,713.8046402850435,84.94275219392019
2,Xe-133,54,0.119,10000,22.72727272727273,658.9376032816228,78.41357479051311
2,Xe-133,54,0.119,10000,23.232323232323235,630.5520847355117,75.03569808352589
2,Xe-133,54,0.119,10000,23.73737373737374,633.9031661322749,75.43447676974071
2,Xe-133,54,0.119,10000,24.242424242424242,565.3884312964154,67.28122332427343
2,Xe-133,54,0.119,10000,24.747474747474747,543.599371613379,64.6883252219921
2,Xe-133,54,0.119,10000,25.252525252525253,491.8446269055129,58.52951060175603
2,Xe-133,54,0.119,10000,25.757575757575758,459.4560826494808,54.67527383528821
2,Xe-133,54,0.119,10000,26.262626262626263,441.9791964422398,52.595524376626535
2,Xe-133,54,0.119,10000,26.767676767676768,402.53664252826326,47.901860460863325
2,Xe-133,54,0.119,10000,27.272727272727273,371.5369583190571,44.21289803996779
2,Xe-133,54,0.119,10000,27.77777777777778,372.1550817626313,44.286454729753125
2,Xe-133,54,0.119,10000,28.282828282828284,349.8235914675389,41.62900738463713
2,Xe-133,54,0.119,10000,28.78787878787879,330.6704585985118,39.349784573222905
2,Xe-133,54,0.119,10000,29.292929292929294,306.4470626910999,36.46720046024089
2,Xe-133,54,0.119,10000,29.7979797979798,299.820958961894,35.67869411646539
2,Xe-133,54,0.119,10000,30.303030303030305,271.11190660722167,32.26231688625938
2,Xe-133,54,0.119,10000,30.80808080808081,252.91099501711517,30.096408407036705
2,Xe-133,54,0.119,10000,31.313131313131315,226.3458324869601,26.93515406594825
2,Xe-133,54,0.119,10000,31.81818181818182,226.5652477681741,26.961264484412716
2,Xe-133,54,0.119,10000,32.323232323232325,217.1039765338086,25.835373207523222
2,Xe-133,54,0.119,10000,32.82828282828283,201.12204844277807,23.933523764690587
2,Xe-133,54,0.119,10000,33.333333333333336,193.62224911042463,23.04104764414053
2,Xe-133,54,0.119,10000,33.83838383838384,186.503159808084,22.193876017161998
2,Xe-133,54,0.119,10000,34.343434343434346,167.33514488207504,19.91288224096693
2,Xe-133,54,0.119,10000,34.84848484848485,162.01637922982732,19.27994912834945
2,Xe-133,54,0.119,10000,35.35353535353536,144.17657052877036,17.15701189292367
2,Xe-133,54,0.119,10000,35.85858585858586,143.10593979520078,17.029606835628893
2,Xe-133,54,0.119,10000,36.36363636363637,132.2027393931288,15.732125987782327
2,Xe-133,54,0.119,10000,36.86868686868687,123.78287130112516,14.730161684833893
2,Xe-133,54,0.119,10000,37.37373737373738,116.6983376559493,13.887102181057966
2,Xe-133,54,0.119,10000,37.87878787878788,109.90690053676032,13.078921163874478
2,Xe-133,54,0.119,10000,38.38383838383839,103.17931484138752,12.278338466125115
2,Xe-133,54,0.119,10000,38.88888888888889,98.1530681716572,11.680215112427206
2,Xe-133,54,0.119,10000,39.3939393939394,91.74102405727139,10.917181862815294
2,Xe-133,54,0.119,10000,39.8989898989899,84.68795325764584,10.077866437659855
2,Xe-133,54,0.119,10000,40.40404040404041,82.3160450798011,9.79560936449633
2,Xe-133,54,0.119,10000,40.909090909090914,75.93871927216539,9.03670759338768
2,Xe-133,54,0.119,10000,41.41414141414142,73.90648978896886,8.794872284887294
2,Xe-133,54,0.119,10000,41.919191919191924,68.12060691855243,8.106352223307738
2,Xe-133,54,0.119,10000,42.42424242424243,64.35359385182457,7.658077668367124
2,Xe-133,54,0.119,10000,42.929292929292934,57.9688807437273,6.898296808503548
2,Xe-133,54,0.119,10000,43.43434343434344,55.48976879073525,6.603282486097494
2,Xe-133,54,0.119,10000,43.939393939393945,54.607453666139776,6.498286986270633
2,Xe-133,54,0.119,10000,44.44444444444445,49.73288506871734,5.918213323177363
2,Xe-133,54,0.119,10000,44.949494949494955,47.0233654815559,5.595780492305152
2,Xe-133,54,0.119,10000,45.45454545454546,44.50827628976444,5.296484878481968
2,Xe-133,54,0.119,10000,45.959595959595966,43.29590136717483,5.152212262693804
2,Xe-133,54,0.119,10000,46.46464646464647,39.98491850607564,4.758205302223001
2,Xe-133,54,0.119,10000,46.969696969696976,38.35229037782432,4.563922554961094
2,Xe-133,54,0.119,10000,47.47474747474748,35.00448084234718,4.165533220239314
2,Xe-133,54,0.119,10000,47.979797979797986,33.28140639692073,3.9604873612335667
2,Xe-133,54,0.119,10000,48.484848484848484,30.45603728339364,3.624268436723843
2,Xe-133,54,0.119,10000,48.98989898989899,30.079075060092826,3.579409932151046
2,Xe-133,54,0.119,10000,49.494949494949495,27.7326935194051,3.300190528809207
2,Xe-133,54,0.119,10000,50.0,26.08140386282184,3.103687059675799
2,Na-22,11,0.266,10000,0.0,10067.663107845134,2677.9983866868056
2,Na-22,11,0.266,10000,0.5050505050505051,8995.88061577999,2392.9042437974776
2,Na-22,11,0.266,10000,1.0101010101010102,7611.034438794878,2024.5351607194377
2,Na-22,11,0.266,10000,1.5151515151515151,6905.19755307725,1836.7825491185486
2,Na-22,11,0.266,10000,2.0202020202020203,5743.301493037848,1527.7181971480675
2,Na-22,11,0.266,10000,2.5252525252525255,5151.439369619691,1370.282872318838
2,Na-22,11,0.266,10000,3.0303030303030303,4645.60896286398,1235.7319841218189
2,Na-22,11,0.266,10000,3.5353535353535355,3866.4487827783855,1028.4753762190505
2,Na-22,11,0.266,10000,4.040404040404041,3430.5848073823836,912.5355587637141
2,Na-22,11,0.266,10000,4.545454545454546,3037.0664336628597,807.8596713543208
2,Na-22,11,0.266,10000,5.050505050505051,2602.2825020334785,692.2071455409053
2,Na-22,11,0.266,10000,5.555555555555556,2212.9817706900535,588.6531510035543
2,Na-22,11,0.266,10000,6.0606060606060606,1952.515406216968,519.3690980537135
2,Na-22,11,0.266,10000,6.565656565656566,1764.155525480894,469.26536977791784
2,Na-22,11,0.266,10000,7.070707070707071,1551.8538108669586,412.793113690611
2,Na-22,11,0.266,10000,7.575757575757576,1353.918325704523,360.14227463740315
2,Na-22,11,0.266,10000,8.080808080808081,1192.1517560784032,317.11236711685524
2,Na-22,11,0.266,10000,8.585858585858587,1020.3904801091871,271.4238677090438
2,Na-22,11,0.266,10000,9.090909090909092,894.5444273868326,237.94881768489748
2,Na-22,11,0.266,10000,9.595959595959597,755.1880505035913,200.8800214339553
2,Na-22,11,0.266,10000,10.101010101010102,685.2599185677311,182.2791383390165
2,Na-22,11,0.266,10000,10.606060606060607,602.6324038440716,160.30021942252307
2,Na-22,11,0.266,10000,11.111111111111112,514.4261614329346,136.8373589411606
2,Na-22,11,0.266,10000,11.616161616161618,460.9267671420976,122.60652005979797
2,Na-22,11,0.266,10000,12.121212121212121,383.40975164572734,101.98699393776347
2,Na-22,11,0.266,10000,12.626262626262626,353.0694545225543,93.91647490299944
2,Na-22,11,0.266,10000,13.131313131313131,305.9429979116972,81.38083744451146
2,Na-22,11,0.266,10000,13.636363636363637,277.1096249932323,73.71116024819979
2,Na-22,11,0.266,10000,14.141414141414142,239.03116177347013,63.58228903174306
2,Na-22,11,0.266,10000,14.646464646464647,209.36415621290462,55.69086555263263
2,Na-22,11,0.266,10000,15.151515151515152,180.59430283649553,48.03808455450781
2,Na-22,11,0.266,10000,15.656565656565657,157.3611231152525,41.858058748657164
2,Na-22,11,0.266,10000,16.161616161616163,132.61286803860511,35.275022898268965
2,Na-22,11,0.266,10000,16.666666666666668,117.95257708265324,31.37538550398576
2,Na-22,11,0.266,10000,17.171717171717173,107.61355425424226,28.625205431628444
2,Na-22,11,0.266,10000,17.67676767676768,88.12571548394298,23.441440318728834
2,Na-22,11,0.266,10000,18.181818181818183,78.6439185100518,20.91928232367378
2,Na-22,11,0.266,10000,18.68686868686869,67.41300726543282,17.931859932605132
2,Na-22,11,0.266,10000,19.191919191919194,62.42062960566759,16.60388747510758
2,Na-22,11,0.266,10000,19.6969696969697,52.43457999327345,13.947598278210739
2,Na-22,11,0.266,10000,20.202020202020204,47.80002544279758,12.714806767784157
2,Na-22,11,0.266,10000,20.70707070707071,40.20333225338376,10.694086379400082
2,Na-22,11,0.266,10000,21.212121212121215,35.08530261444354,9.332690495441982
2,Na-22,11,0.266,10000,21.71717171717172,31.779512463924604,8.453350315403945
2,Na-22,11,0.266,10000,22.222222222222225,27.600442091922243,7.341717596451317
2,Na-22,11,0.266,10000,22.72727272727273,22.399281103665743,5.9582087735750875
2,Na-22,11,0.266,10000,23.232323232323235,20.895310286382166,5.558152536177657
2,Na-22,11,0.266,10000,23.73737373737374,18.322518576567553,4.87378994136697
2,Na-22,11,0.266,10000,24.242424242424242,15.895608607480126,4.228231889589714
2,Na-22,11,0.266,10000,24.747474747474747,13.657265624121,3.6328326560161863
2,Na-22,11,0.266,10000,25.252525252525253,12.10642934546182,3.220310205892844
2,Na-22,11,0.266,10000,25.757575757575758,10.494298724153005,2.791483460624699
2,Na-22,11,0.266,10000,26.262626262626263,9.287777981150017,2.4705489429859044
2,Na-22,11,0.266,10000,26.767676767676768,8.053302467018327,2.142178456226875
2,Na-22,11,0.266,10000,27.272727272727273,6.981601612319301,1.8571060288769343
2,Na-22,11,0.266,10000,27.77777777777778,6.201068026448912,1.6494840950354106
2,Na-22,11,0.266,10000,28.282828282828284,5.490555348554894,1.460487722715602
2,Na-22,11,0.266,10000,28.78787878787879,4.75182184800757,1.2639846115700135
2,Na-22,11,0.266,10000,29.292929292929294,4.084856388776195,1.086571799414468
2,Na-22,11,0.266,10000,29.7979797979798,3.6356223749365144,0.9670755517331129
2,Na-22,11,0.266,10000,30.303030303030305,3.224908189353699,0.857825578368084
2,Na-22,11,0.266,10000,30.80808080808081,2.848522599178913,0.7577070113815909
2,Na-22,11,0.266,10000,31.313131313131315,2.4717130921937587,0.6574756825235398
2,Na-22,11,0.266,10000,31.81818181818182,2.132711697051275,0.5673013114156392
2,Na-22,11,0.266,10000,32.323232323232325,1.8075487481572645,0.48080796700983236
2,Na-22,11,0.266,10000,32.82828282828283,1.5688238612909802,0.4173071471034007
2,Na-22,11,0.266,10000,33.333333333333336,1.4044108166182565,0.37357327722045625
2,Na-22,11,0.266,10000,33.83838383838384,1.198105778025509,0.31869613695478544
2,Na-22,11,0.266,10000,34.343434343434346,1.0609520446543808,0.2822132438780653
2,Na-22,11,0.266,10000,34.84848484848485,0.9391642966239343,0.24981770290196653
2,Na-22,11,0.266,10000,35.35353535353536,0.8159261444208186,0.21703635441593774
2,Na-22,11,0.266,10000,35.85858585858586,0.7156075133161928,0.1903515985421073
2,Na-22,11,0.266,10000,36.36363636363637,0.613051652251877,0.16307173949899928
2,Na-22,11,0.266,10000,36.86868686868687,0.553157956669719,0.14714001647414526
2,Na-22,11,0.266,10000,37.37373737373738,0.4909860249222354,0.13060228262931464
2,Na-22,11,0.266,10000,37.87878787878788,0.4162619676909243,0.11072568340578587
2,Na-22,11,0.266,10000,38.38383838383839,0.37330859573256137,0.09930008646486133
2,Na-22,11,0.266,10000,38.88888888888889,0.33884274930798014,0.09013217131592272
2,Na-22,11,0.266,10000,39.3939393939394,0.28075147956470003,0.07467989356421022
2,Na-22,11,0.266,10000,39.8989898989899,0.24911246281821703,0.06626391510964573
2,Na-22,11,0.266,10000,40.40404040404041,0.21584241513118807,0.057414082424896026
2,Na-22,11,0.266,10000,40.909090909090914,0.19161426329218467,0.05096939403572113
2,Na-22,11,0.266,10000,41.41414141414142,0.15869059922675746,0.04221169939431749
2,Na-22,11,0.266,10000,41.919191919191924,0.14064300974064825,0.03741104059101244
2,Na-22,11,0.266,10000,42.42424242424243,0.12597863589025948,0.03351031714680902
2,Na-22,11,0.266,10000,42.929292929292934,0.11177495045867926,0.029732136822008686
2,Na-22,11,0.266,10000,43.43434343434344,0.09627102362166472,0.025608092283362815
2,Na-22,11,0.266,10000,43.939393939393945,0.08115481465499962,0.0215871806982299
2,Na-22,11,0.266,10000,44.44444444444445,0.07218728966299227,0.019201819050355947
2,Na-22,11,0.266,10000,44.949494949494955,0.06314970680241233,0.01679782200944168
2,Na-22,11,0.266,10000,45.45454545454546,0.05653931811970111,0.015039458619840495
2,Na-22,11,0.266,10000,45.959595959595966,0.04830258177501797,0.01284848675215478
2,Na-22,11,0.266,10000,46.46464646464647,0.04230012323652966,0.01125183278091689
2,Na-22,11,0.266,10000,46.969696969696976,0.03830648574228204,0.010189525207447024
2,Na-22,11,0.266,10000,47.47474747474748,0.033655239811337834,0.008952293789815864
2,Na-22,11,0.266,10000,47.979797979797986,0.028422171966112762,0.007560297742985995
2,Na-22,11,0.266,10000,48.484848484848484,0.0252692464813655,0.0067216195640432234
2,Na-22,11,0.266,10000,48.98989898989899,0.021082147018667816,0.005607851106965639
2,Na-22,11,0.266,10000,49.494949494949495,0.019228581280329043,0.005114802620567526
2,Na-22,11,0.266,10000,50.0,0.01714345412709445,0.004560158797807123
2,Tc-99m,43,0.115,10000,0.0,10105.35634105147,1162.1159792209191
2,Tc-99m,43,0.115,10000,0.5050505050505051,9454.808630650778,1087.3029925248395
2,Tc-99m,43,0.115,10000,1.0101010101010102,8834.108995091708,1015.9225344355465
2,Tc-99m,43,0.115,10000,1.5151515151515151,8292.259023460521,953.60978769796
2,Tc-99m,43,0.115,10000,2.0202020202020203,7898.507227776302,908.3283311942748
2,Tc-99m,43,0.115,10000,2.5252525252525255,7247.529413221899,833.4658825205183
2,Tc-99m,43,0.115,10000,3.0303030303030303,7284.884495490425,837.761716981399
2,Tc-99m,43,0.115,10000,3.5353535353535355,6734.479051600038,774.4650909340044
2,Tc-99m,43,0.115,10000,4.040404040404041,6270.698714298601,721.1303521443391
2,Tc-99m,43,0.115,10000,4.545454545454546,5855.516757147377,673.3844270719484
2,Tc-99m,43,0.115,10000,5.050505050505051,5586.590816648045,642.4579439145252
2,Tc-99m,43,0.115,10000,5.555555555555556,5363.014081487735,616.7466193710895
2,Tc-99m,43,0.115,10000,6.0606060606060606,5081.682800040883,584.3935220047016
2,Tc-99m,43,0.115,10000,6.565656565656566,4614.9241985264525,530.716282830542
2,Tc-99m,43,0.115,10000,7.070707070707071,4348.3269244925405,500.05759631664216
2,Tc-99m,43,0.115,10000,7.575757575757576,4358.364955354752,501.2119698657965
2,Tc-99m,43,0.115,10000,8.080808080808081,4038.080688943365,464.379279228487
2,Tc-99m,43,0.115,10000,8.585858585858587,3778.330679243708,434.5080281130264
2,Tc-99m,43,0.115,10000,9.090909090909092,3505.5722397121776,403.14080756690043
2,Tc-99m,43,0.115,10000,9.595959595959597,3378.2622788747367,388.50016207059474
2,Tc-99m,43,0.115,10000,10.101010101010102,3050.1001673326596,350.76151924325586
2,Tc-99m,43,0.115,10000,10.606060606060607,3043.66870271327,350.02190081202605
2,Tc-99m,43,0.115,10000,11.111111111111112,2784.564853490499,320.2249581514074
2,Tc-99m,43,0.115,10000,11.616161616161618,2670.91189662618,307.1548681120107
2,Tc-99m,43,0.115,10000,12.121212121212121,2513.0251030555655,288.99788685139004
2,Tc-99m,43,0.115,10000,12.626262626262626,2334.8088025266834,268.5030122905686
2,Tc-99m,43,0.115,10000,13.131313131313131,2201.1293965337377,253.12988060137985
2,Tc-99m,43,0.115,10000,13.636363636363637,2135.1593018189,245.54331970917352
2,Tc-99m,43,0.115,10000,14.141414141414142,2007.0069166216508,230.80579541148987
2,Tc-99m,43,0.115,10000,14.646464646464647,1789.8890348542777,205.83723900824194
2,Tc-99m,43,0.115,10000,15.151515151515152,1691.6876236668706,194.54407672169015
2,Tc-99m,43,0.115,10000,15.656565656565657,1620.8882017398473,186.40214320008246
2,Tc-99m,43,0.115,10000,16.161616161616163,1531.069810213023,176.07302817449764
2,Tc-99m,43,0.115,10000,16.666666666666668,1438.058433020722,165.37671979738303
2,Tc-99m,43,0.115,10000,17.171717171717173,1395.5171672498611,160.48447423373403
2,Tc-99m,43,0.115,10000,17.67676767676768,1297.500146688773,149.21251686920888
2,Tc-99m,43,0.115,10000,18.181818181818183,1265.5567489042726,145.53902612399136
2,Tc-99m,43,0.115,10000,18.68686868686869,1199.900435023642,137.98855002771884
2,Tc-99m,43,0.115,10000,19.191919191919194,1099.5934895690102,126.45325130043618
2,Tc-99m,43,0.115,10000,19.6969696969697,1073.0964421116148,123.40609084283571
2,Tc-99m,43,0.115,10000,20.202020202020204,980.0388539024698,112.70446819878403
2,Tc-99m,43,0.115,10000,20.70707070707071,916.2537981592942,105.36918678831884
2,Tc-99m,43,0.115,10000,21.212121212121215,873.2669630173493,100.42570074699518
2,Tc-99m,43,0.115,10000,21.71717171717172,838.4764462033963,96.42479131339059
2,Tc-99m,43,0.115,10000,22.222222222222225,751.4185346395091,86.41313148354355
2,Tc-99m,43,0.115,10000,22.72727272727273,729.6195944872749,83.90625336603661
2,Tc-99m,43,0.115,10000,23.232323232323235,695.4462273494704,79.9763161451891
2,Tc-99m,43,0.115,10000,23.73737373737374,657.0616477922009,75.56208949610311
2,Tc-99m,43,0.115,10000,24.242424242424242,610.9808239930325,70.26279475919874
2,Tc-99m,43,0.115,10000,24.747474747474747,586.4626702367343,67.44320707722444
2,Tc-99m,43,0.115,10000,25.252525252525253,551.2152573018765,63.3897545897158
2,Tc-99m,43,0.115,10000,25.757575757575758,510.96973864502957,58.7615199441784
2,Tc-99m,43,0.115,10000,26.262626262626263,509.20223830337824,58.5582574048885
2,Tc-99m,43,0.115,10000,26.767676767676768,464.4296677912423,53.40941179599287
2,Tc-99m,43,0.115,10000,27.272727272727273,431.52741158576356,49.62565233236281
2,Tc-99m,43,0.115,10000,27.77777777777778,405.2060372471522,46.5986942834225
2,Tc-99m,43,0.115,10000,28.282828282828284,394.7269365645056,45.39359770491814
2,Tc-99m,43,0.115,10000,28.78787878787879,365.6854094558502,42.05382208742278
2,Tc-99m,43,0.115,10000,29.292929292929294,361.8970141783157,41.618156630506306
2,Tc-99m,43,0.115,10000,29.7979797979798,322.0851605785378,37.03979346653185
2,Tc-99m,43,0.115,10000,30.303030303030305,298.9647639693425,34.38094785647439
2,Tc-99m,43,0.115,10000,30.80808080808081,289.1243742824233,33.24930304247868
2,Tc-99m,43,0.115,10000,31.313131313131315,273.91709967839654,31.500466463015602
2,Tc-99m,43,0.115,10000,31.81818181818182,246.64663800754002,28.364363370867103
2,Tc-99m,43,0.115,10000,32.323232323232325,241.52333370226128,27.775183375760047
2,Tc-99m,43,0.115,10000,32.82828282828283,227.62334284429033,26.176684427093388
2,Tc-99m,43,0.115,10000,33.333333333333336,214.77789252678866,24.699457640580697
2,Tc-99m,43,0.115,10000,33.83838383838384,201.5911436303543,23.182981517490745
2,Tc-99m,43,0.115,10000,34.343434343434346,187.4691208538062,21.558948898187715
2,Tc-99m,43,0.115,10000,34.84848484848485,184.52991653965736,21.2209404020606
2,Tc-99m,43,0.115,10000,35.35353535353536,169.5144679844642,19.494163818213384
2,Tc-99m,43,0.115,10000,35.85858585858586,158.52565965605984,18.230450860446883
2,Tc-99m,43,0.115,10000,36.36363636363637,150.38622541422487,17.29441592263586
2,Tc-99m,43,0.115,10000,36.86868686868687,142.72932671546195,16.413872572278127
2,Tc-99m,43,0.115,10000,37.37373737373738,136.25541270990558,15.669372461639142
2,Tc-99m,43,0.115,10000,37.87878787878788,130.00306127280163,14.950352046372188
2,Tc-99m,43,0.115,10000,38.38383838383839,118.741791313791,13.655306001085965
2,Tc-99m,43,0.115,10000,38.88888888888889,113.1241582216334,13.009278195487841
2,Tc-99m,43,0.115,10000,39.3939393939394,104.87387935452644,12.060496125770541
2,Tc-99m,43,0.115,10000,39.8989898989899,94.79335310137938,10.901235606658629
2,Tc-99m,43,0.115,10000,40.40404040404041,96.25363703557834,11.069168259091509
2,Tc-99m,43,0.115,10000,40.909090909090914,93.2927186128565,10.728662640478499
2,Tc-99m,43,0.115,10000,41.41414141414142,86.32348013125615,9.927200215094457
2,Tc-99m,43,0.115,10000,41.919191919191924,79.79336294383911,9.1762367385415
2,Tc-99m,43,0.115,10000,42.42424242424243,76.20904959930238,8.764040703919774
2,Tc-99m,43,0.115,10000,42.929292929292934,70.08402231320001,8.059662566018002
2,Tc-99m,43,0.115,10000,43.43434343434344,67.55499682382242,7.768824634739579
2,Tc-99m,43,0.115,10000,43.939393939393945,63.352798869926254,7.28557187004152
2,Tc-99m,43,0.115,10000,44.44444444444445,59.26553128548543,6.815536097830825
2,Tc-99m,43,0.115,10000,44.949494949494955,57.35320710091077,6.595618816604739
2,Tc-99m,43,0.115,10000,45.45454545454546,56.47275071724871,6.494366332483602
2,Tc-99m,43,0.115,10000,45.959595959595966,52.33959196555431,6.019053076038746
2,Tc-99m,43,0.115,10000,46.46464646464647,47.72538937077645,5.488419777639292
2,Tc-99m,43,0.115,10000,46.969696969696976,45.894854141790965,5.277908226305962
2,Tc-99m,43,0.115,10000,47.47474747474748,43.28695842798755,4.978000219218568
2,Tc-99m,43,0.115,10000,47.979797979797986,39.6316583256809,4.557640707453304
2,Tc-99m,43,0.115,10000,48.484848484848484,38.373942952379785,4.413003439523676
2,Tc-99m,43,0.115,10000,48.98989898989899,34.718014388572946,3.992571654685889
2,Tc-99m,43,0.115,10000,49.494949494949495,33.18785850773389,3.816603728389398
2,Tc-99m,43,0.115,10000,50.0,31.97978757530471,3.6776755711600417
2,P-32,15,0.048,10000,0.0,9917.042467528576,476.01803844137163
2,P-32,15,0.048,10000,0.5050505050505051,10103.37249798328,484.9618799031975
2,P-32,15,0.048,10000,1.0101010101010102,9650.191702205673,463.2092017058723
2,P-32,15,0.048,10000,1.5151515151515151,9227.495956016495,442.91980588879176
2,P-32,15,0.048,10000,2.0202020202020203,8990.417005083755,431.54001624402025
2,P-32,15,0.048,10000,2.5252525252525255,8891.585763589032,426.7961166522735
2,P-32,15,0.048,10000,3.0303030303030303,8463.763272345137,406.26063707256657
2,P-32,15,0.048,10000,3.5353535353535355,8539.734942247882,409.90727722789836
2,P-32,15,0.048,10000,4.040404040404041,8010.508848993461,384.5044247516861
2,P-32,15,0.048,10000,4.545454545454546,8139.969957372719,390.7185579538905
2,P-32,15,0.048,10000,5.050505050505051,7821.399679776741,375.4271846292836
2,P-32,15,0.048,10000,5.555555555555556,7722.79623224152,370.69421914759295
2,P-32,15,0.048,10000,6.0606060606060606,7324.437836994619,351.5730161757417
2,P-32,15,0.048,10000,6.565656565656566,7332.535164042707,351.96168787404997
2,P-32,15,0.048,10000,7.070707070707071,7465.633989582832,358.35043149997597
2,P-32,15,0.048,10000,7.575757575757576,6887.87299410173,330.61790371688306
2,P-32,15,0.048,10000,8.080808080808081,6828.016617460543,327.7447976381061
2,P-32,15,0.048,10000,8.585858585858587,6821.850527440772,327.44882531715706
2,P-32,15,0.048,10000,9.090909090909092,6562.296816076648,314.9902471716791
2,P-32,15,0.048,10000,9.595959595959597,6363.507063771689,305.44833906104105
2,P-32,15,0.048,10000,10.101010101010102,6033.060869831866,289.58692175192954
2,P-32,15,0.048,10000,10.606060606060607,5856.840535339295,281.12834569628615
2,P-32,15,0.048,10000,11.111111111111112,5872.731382965429,281.8911063823406
2,P-32,15,0.048,10000,11.616161616161618,5672.905576772459,272.29946768507807
2,P-32,15,0.048,10000,12.121212121212121,5586.682688428199,268.16076904455355
2,P-32,15,0.048,10000,12.626262626262626,5477.392598871969,262.9148447458545
2,P-32,15,0.048,10000,13.131313131313131,5252.274186466932,252.10916095041276
2,P-32,15,0.048,10000,13.636363636363637,5248.137179682176,251.91058462474444
2,P-32,15,0.048,10000,14.141414141414142,5260.8580874541185,252.5211881977977
2,P-32,15,0.048,10000,14.646464646464647,4850.88630754769,232.84254276228913
2,P-32,15,0.048,10000,15.151515151515152,4786.871496454523,229.76983182981712
2,P-32,15,0.048,10000,15.656565656565657,4711.834090510884,226.16803634452245
2,P-32,15,0.048,10000,16.161616161616163,4708.5521902594655,226.01050513245434
2,P-32,15,0.048,10000,16.666666666666668,4386.674482089491,210.56037514029558
2,P-32,15,0.048,10000,17.171717171717173,4292.2433584703385,206.02768120657626
2,P-32,15,0.048,10000,17.67676767676768,4095.3935578392734,196.57889077628514
2,P-32,15,0.048,10000,18.181818181818183,4141.3075155748575,198.78276074759316
2,P-32,15,0.048,10000,18.68686868686869,4133.508748721036,198.4084199386097
2,P-32,15,0.048,10000,19.191919191919194,4065.162419605737,195.12779614107538
2,P-32,15,0.048,10000,19.6969696969697,3912.7804345468817,187.81346085825032
2,P-32,15,0.048,10000,20.202020202020204,3746.402963162658,179.8273422318076
2,P-32,15,0.048,10000,20.70707070707071,3753.453093882494,180.16574850635973
2,P-32,15,0.048,10000,21.212121212121215,3627.2737029572195,174.10913774194654
2,P-32,15,0.048,10000,21.71717171717172,3390.5408781509414,162.74596215124518
2,P-32,15,0.048,10000,22.222222222222225,3357.0071711992264,161.13634421756288
2,P-32,15,0.048,10000,22.72727272727273,3460.68024402561,166.1126517132293
2,P-32,15,0.048,10000,23.232323232323235,3299.783977777644,158.3896309333269
2,P-32,15,0.048,10000,23.73737373737374,3112.1387120872155,149.38265818018635
2,P-32,15,0.048,10000,24.242424242424242,3174.7052046816084,152.3858498247172
2,P-32,15,0.048,10000,24.747474747474747,3113.3920231339907,149.44281711043155
2,P-32,15,0.048,10000,25.252525252525253,2949.763885594789,141.58866650854986
2,P-32,15,0.048,10000,25.757575757575758,2942.58763030496,141.24420625463807
2,P-32,15,0.048,10000,26.262626262626263,2622.7713037562357,125.89302258029932
2,P-32,15,0.048,10000,26.767676767676768,2820.8013158016533,135.39846315847936
2,P-32,15,0.048,10000,27.272727272727273,2764.1283647808086,132.67816150947883
2,P-32,15,0.048,10000,27.77777777777778,2576.6776977887253,123.68052949385881
2,P-32,15,0.048,10000,28.282828282828284,2587.352594289857,124.19292452591313
2,P-32,15,0.048,10000,28.78787878787879,2494.233659711244,119.72321566613971
2,P-32,15,0.048,10000,29.292929292929294,2446.0434284197454,117.41008456414778
2,P-32,15,0.048,10000,29.7979797979798,2372.034778847033,113.85766938465758
2,P-32,15,0.048,10000,30.303030303030305,2272.844866194323,109.09655357732751
2,P-32,15,0.048,10000,30.80808080808081,2365.307612286646,113.534765389759
2,P-32,15,0.048,10000,31.313131313131315,2210.744273897739,106.11572514709147
2,P-32,15,0.048,10000,31.81818181818182,2175.819281891214,104.43932553077828
2,P-32,15,0.048,10000,32.323232323232325,2076.4825223617067,99.67116107336193
2,P-32,15,0.048,10000,32.82828282828283,2025.612523755701,97.22940114027365
2,P-32,15,0.048,10000,33.333333333333336,2035.6256166133255,97.71002959743963
2,P-32,15,0.048,10000,33.83838383838384,1991.3553325338678,95.58505596162566
2,P-32,15,0.048,10000,34.343434343434346,1957.1833213781654,93.94479942615195
2,P-32,15,0.048,10000,34.84848484848485,1918.786902143327,92.1017713028797
2,P-32,15,0.048,10000,35.35353535353536,1824.6759012811083,87.5844432614932
2,P-32,15,0.048,10000,35.85858585858586,1772.6032201250512,85.08495456600245
2,P-32,15,0.048,10000,36.36363636363637,1771.7298335875248,85.0430320122012
2,P-32,15,0.048,10000,36.86868686868687,1682.124160680567,80.74195971266722
2,P-32,15,0.048,10000,37.37373737373738,1692.0327559260966,81.21757228445264
2,P-32,15,0.048,10000,37.87878787878788,1635.3639349210707,78.4974688762114
2,P-32,15,0.048,10000,38.38383838383839,1620.9276377007784,77.80452660963736
2,P-32,15,0.048,10000,38.88888888888889,1567.116286958882,75.22158177402633
2,P-32,15,0.048,10000,39.3939393939394,1477.5148747076341,70.92071398596644
2,P-32,15,0.048,10000,39.8989898989899,1447.6901528308263,69.48912733587966
2,P-32,15,0.048,10000,40.40404040404041,1458.9756636251068,70.03083185400513
2,P-32,15,0.048,10000,40.909090909090914,1457.0013526339812,69.9360649264311
2,P-32,15,0.048,10000,41.41414141414142,1333.6156763395622,64.01355246429898
2,P-32,15,0.048,10000,41.919191919191924,1337.6682753727105,64.20807721789011
2,P-32,15,0.048,10000,42.42424242424243,1312.3758742524933,62.99404196411968
2,P-32,15,0.048,10000,42.929292929292934,1234.8977690045606,59.27509291221891
2,P-32,15,0.048,10000,43.43434343434344,1255.148229501001,60.24711501604805
2,P-32,15,0.048,10000,43.939393939393945,1211.2222715490468,58.13866903435425
2,P-32,15,0.048,10000,44.44444444444445,1134.7542695964855,54.46820494063131
2,P-32,15,0.048,10000,44.949494949494955,1193.546346771752,57.2902246450441
2,P-32,15,0.048,10000,45.45454545454546,1108.8816483104235,53.22631911890033
2,P-32,15,0.048,10000,45.959595959595966,1073.0871914764568,51.50818519086993
2,P-32,15,0.048,10000,46.46464646464647,1083.9912032143277,52.03157775428773
2,P-32,15,0.048,10000,46.969696969696976,1060.9106830844833,50.9237127880552
2,P-32,15,0.048,10000,47.47474747474748,1039.1655499276937,49.8799463965293
2,P-32,15,0.048,10000,47.979797979797986,991.8382580972647,47.60823638866871
2,P-32,15,0.048,10000,48.484848484848484,975.4016492483526,46.819279163920925
2,P-32,15,0.048,10000,48.98989898989899,938.3295473727226,45.03981827389068
2,P-32,15,0.048,10000,49.494949494949495,905.085494858085,43.44410375318808
2,P-32,15,0.048,10000,50.0,926.7588376569403,44.48442420753313
2,S-35,16,0.017,10000,0.0,9979.44746299644,169.6506068709395
2,S-35,16,0.017,10000,0.5050505050505051,9878.357820038802,167.93208294065965
2,S-35,16,0.017,10000,1.0101010101010102,9436.702801903539,160.42394763236018
2,S-35,16,0.017,10000,1.5151515151515151,9710.946134342084,165.08608428381544
2,S-35,16,0.017,10000,2.0202020202020203,9499.585767344995,161.49295804486493
2,S-35,16,0.017,10000,2.5252525252525255,9546.335988818535,162.2877118099151
2,S-35,16,0.017,10000,3.0303030303030303,9456.245442957152,160.75617253027158
2,S-35,16,0.017,10000,3.5353535353535355,9332.609659191728,158.6543642062594
2,S-35,16,0.017,10000,4.040404040404041,9511.493311657925,161.69538629818473
2,S-35,16,0.017,10000,4.545454545454546,9339.135732422132,158.76530745117626
2,S-35,16,0.017,10000,5.050505050505051,9384.123362157026,159.53009715666946
2,S-35,16,0.017,10000,5.555555555555556,8857.696489884504,150.58084032803657
2,S-35,16,0.017,10000,6.0606060606060606,8903.91178586807,151.3665003597572
2,S-35,16,0.017,10000,6.565656565656566,8936.669586708887,151.9233829740511
2,S-35,16,0.017,10000,7.070707070707071,8795.29607763694,149.520033319828
2,S-35,16,0.017,10000,7.575757575757576,8777.668292174143,149.22036096696044
2,S-35,16,0.017,10000,8.080808080808081,8510.369230157556,144.67627691267845
2,S-35,16,0.017,10000,8.585858585858587,8518.143035282013,144.80843159979423
2,S-35,16,0.017,10000,9.090909090909092,8286.747277886321,140.87470372406747
2,S-35,16,0.017,10000,9.595959595959597,8343.584616735487,141.84093848450328
2,S-35,16,0.017,10000,10.101010101010102,8539.102958228194,145.1647502898793
2,S-35,16,0.017,10000,10.606060606060607,8314.39809177142,141.34476756011415
2,S-35,16,0.017,10000,11.111111111111112,8528.10102377818,144.97771740422905
2,S-35,16,0.017,10000,11.616161616161618,8110.245732456282,137.8741774517568
2,S-35,16,0.017,10000,12.121212121212121,8157.217167858268,138.67269185359058
2,S-35,16,0.017,10000,12.626262626262626,7872.48945686226,133.83232076665843
2,S-35,16,0.017,10000,13.131313131313131,8415.360418421416,143.06112711316408
2,S-35,16,0.017,10000,13.636363636363637,7902.570631221159,134.3437007307597
2,S-35,16,0.017,10000,14.141414141414142,7993.570222115958,135.8906937759713
2,S-35,16,0.017,10000,14.646464646464647,7860.332467456709,133.62565194676407
2,S-35,16,0.017,10000,15.151515151515152,7638.972012039642,129.86252420467392
2,S-35,16,0.017,10000,15.656565656565657,7459.174691004503,126.80596974707656
2,S-35,16,0.017,10000,16.161616161616163,7621.365969559319,129.56322148250842
2,S-35,16,0.017,10000,16.666666666666668,7448.804112013708,126.62966990423304
2,S-35,16,0.017,10000,17.171717171717173,7445.061812670371,126.56605081539632
2,S-35,16,0.017,10000,17.67676767676768,7500.89220707468,127.51516752026957
2,S-35,16,0.017,10000,18.181818181818183,7352.627879571155,124.99467395270965
2,S-35,16,0.017,10000,18.68686868686869,7333.2760268515185,124.66569245647582
2,S-35,16,0.017,10000,19.191919191919194,7237.811664653733,123.04279829911347
2,S-35,16,0.017,10000,19.6969696969697,6944.517117416725,118.05679099608435
2,S-35,16,0.017,10000,20.202020202020204,7291.354291822863,123.95302296098868
2,S-35,16,0.017,10000,20.70707070707071,7198.046512506058,122.36679071260299
2,S-35,16,0.017,10000,21.212121212121215,6814.097188878463,115.83965221093389
2,S-35,16,0.017,10000,21.71717171717172,6982.789381132397,118.70741947925075
2,S-35,16,0.017,10000,22.222222222222225,6763.079901907119,114.97235833242104
2,S-35,16,0.017,10000,22.72727272727273,6693.724390375828,113.79331463638908
2,S-35,16,0.017,10000,23.232323232323235,6736.4882644576155,114.52030049577947
2,S-35,16,0.017,10000,23.73737373737374,6913.016659312212,117.52128320830761
2,S-35,16,0.017,10000,24.242424242424242,6762.565201167734,114.96360841985148
2,S-35,16,0.017,10000,24.747474747474747,6645.299593676409,112.97009309249896
2,S-35,16,0.017,10000,25.252525252525253,6359.89036387433,108.11813618586362
2,S-35,16,0.017,10000,25.757575757575758,6783.770468133375,115.32409795826739
2,S-35,16,0.017,10000,26.262626262626263,6510.681539847211,110.6815861774026
2,S-35,16,0.017,10000,26.767676767676768,6046.131285983897,102.78423186172625
2,S-35,16,0.017,10000,27.272727272727273,6340.175624530359,107.78298561701611
2,S-35,16,0.017,10000,27.77777777777778,6175.197701376697,104.97836092340386
2,S-35,16,0.017,10000,28.282828282828284,6233.532738667796,105.97005655735255
2,S-35,16,0.017,10000,28.78787878787879,6179.09628675023,105.04463687475392
2,S-35,16,0.017,10000,29.292929292929294,5965.924808273795,101.42072174065453
2,S-35,16,0.017,10000,29.7979797979798,6245.655989362056,106.17615181915497
2,S-35,16,0.017,10000,30.303030303030305,5997.971379808,101.965513456736
2,S-35,16,0.017,10000,30.80808080808081,6034.540085045027,102.58718144576547
2,S-35,16,0.017,10000,31.313131313131315,6031.112657382188,102.5289151754972
2,S-35,16,0.017,10000,31.81818181818182,5736.233385017708,97.51596754530105
2,S-35,16,0.017,10000,32.323232323232325,5667.150647562178,96.34156100855704
2,S-35,16,0.017,10000,32.82828282828283,5851.478708955645,99.47513805224597
2,S-35,16,0.017,10000,33.333333333333336,5832.199687521711,99.1473946878691
2,S-35,16,0.017,10000,33.83838383838384,5470.6960138877075,93.00183223609103
2,S-35,16,0.017,10000,34.343434343434346,5801.88934738264,98.6321189055049
2,S-35,16,0.017,10000,34.84848484848485,5503.80492152973,93.56468366600541
2,S-35,16,0.017,10000,35.35353535353536,5558.430827530535,94.49332406801909
2,S-35,16,0.017,10000,35.85858585858586,5497.061441819976,93.45004451093959
2,S-35,16,0.017,10000,36.36363636363637,5284.538258251872,89.83715039028183
2,S-35,16,0.017,10000,36.86868686868687,5250.825985437519,89.26404175243783
2,S-35,16,0.017,10000,37.37373737373738,5076.72585904812,86.30433960381804
2,S-35,16,0.017,10000,37.87878787878788,5131.271722626926,87.23161928465775
2,S-35,16,0.017,10000,38.38383838383839,5052.89773746517,85.8992615369079
2,S-35,16,0.017,10000,38.88888888888889,5166.923632360129,87.83770175012219
2,S-35,16,0.017,10000,39.3939393939394,5258.826085697522,89.40004345685789
2,S-35,16,0.017,10000,39.8989898989899,5072.121737272583,86.22606953363392
2,S-35,16,0.017,10000,40.40404040404041,5065.59005859678,86.11503099614526
2,S-35,16,0.017,10000,40.909090909090914,5066.097522601055,86.12365788421795
2,S-35,16,0.017,10000,41.41414141414142,5013.064003749061,85.22208806373405
2,S-35,16,0.017,10000,41.919191919191924,4865.708188682695,82.71703920760582
2,S-35,16,0.017,10000,42.42424242424243,4719.341375570781,80.22880338470328
2,S-35,16,0.017,10000,42.929292929292934,4778.629755288249,81.23670583990024
2,S-35,16,0.017,10000,43.43434343434344,4784.873795850776,81.34285452946321
2,S-35,16,0.017,10000,43.939393939393945,4655.404251044491,79.14187226775634
2,S-35,16,0.017,10000,44.44444444444445,4731.501880073484,80.43553196124924
2,S-35,16,0.017,10000,44.949494949494955,4630.071143215531,78.71120943466404
2,S-35,16,0.017,10000,45.45454545454546,4674.945727828071,79.47407737307721
2,S-35,16,0.017,10000,45.959595959595966,4504.499267847818,76.57648755341292
2,S-35,16,0.017,10000,46.46464646464647,4455.21190678145,75.73860241528466
2,S-35,16,0.017,10000,46.969696969696976,4659.771534392618,79.21611608467452
2,S-35,16,0.017,10000,47.47474747474748,4464.196957264725,75.89134827350033
2,S-35,16,0.017,10000,47.979797979797986,4472.408588811771,76.0309460098001
2,S-35,16,0.017,10000,48.484848484848484,4289.324769010884,72.91852107318503
2,S-35,16,0.017,10000,48.98989898989899,4315.369322948675,73.36127849012749
2,S-35,16,0.017,10000,49.494949494949495,4369.82126652767,74.28696153097039
2,S-35,16,0.017,10000,50.0,4407.982838708962,74.93570825805236
2,H-3,1,0.056,10000,0.0,9855.10298504009,551.8857671622451
2,H-3,1,0.056,10000,0.5050505050505051,9565.028514747182,535.6415968258423
2,H-3,1,0.056,10000,1.0101010101010102,9445.759917283827,528.9625553678943
2,H-3,1,0.056,10000,1.5151515151515151,8906.43706768441,498.76047579032695
2,H-3,1,0.056,10000,2.0202020202020203,8924.951844321808,499.79730328202123
2,H-3,1,0.056,10000,2.5252525252525255,8670.05856100614,485.5232794163439
2,H-3,1,0.056,10000,3.0303030303030303,8561.53124811882,479.4457498946539
2,H-3,1,0.056,10000,3.5353535353535355,8435.969590656385,472.4142970767576
2,H-3,1,0.056,10000,4.040404040404041,8065.977426449014,451.6947358811448
2,H-3,1,0.056,10000,4.545454545454546,7867.668408565073,440.5894308796441
2,H-3,1,0.056,10000,5.050505050505051,7544.371910414383,422.48482698320544
2,H-3,1,0.056,10000,5.555555555555556,7273.612566028251,407.3223036975821
2,H-3,1,0.056,10000,6.0606060606060606,6837.710619066435,382.9117946677204
2,H-3,1,0.056,10000,6.565656565656566,6800.695935262715,380.838972374712
2,H-3,1,0.056,10000,7.070707070707071,6759.5844551004575,378.53672948562564
2,H-3,1,0.056,10000,7.575757575757576,6327.321570454964,354.330007945478
2,H-3,1,0.056,10000,8.080808080808081,6391.096666115348,357.9014133024595
2,H-3,1,0.056,10000,8.585858585858587,6133.269765123286,343.463106846904
2,H-3,1,0.056,10000,9.090909090909092,5887.6173003304775,329.70656881850675
2,H-3,1,0.056,10000,9.595959595959597,5787.881909074453,324.12138690816937
2,H-3,1,0.056,10000,10.101010101010102,5762.65873588369,322.70888920948664
2,H-3,1,0.056,10000,10.606060606060607,5619.264177744924,314.6787939537158
2,H-3,1,0.056,10000,11.111111111111112,5159.563950844267,288.935581247279
2,H-3,1,0.056,10000,11.616161616161618,5202.222219610898,291.32444429821027
2,H-3,1,0.056,10000,12.121212121212121,5165.024666212443,289.2413813078968
2,H-3,1,0.056,10000,12.626262626262626,4905.431893689965,274.7041860466381
2,H-3,1,0.056,10000,13.131313131313131,4803.791482671728,269.01232302961677
2,H-3,1,0.056,10000,13.636363636363637,4520.32610572224,253.13826192044544
2,H-3,1,0.056,10000,14.141414141414142,4486.257540863322,251.23042228834603
2,H-3,1,0.056,10000,14.646464646464647,4564.484451456555,255.61112928156706
2,H-3,1,0.056,10000,15.151515151515152,4213.161655081253,235.9370526845502
2,H-3,1,0.056,10000,15.656565656565657,4041.3610773546716,226.31622033186162
2,H-3,1,0.056,10000,16.161616161616163,4057.3074487332547,227.20921712906227
2,H-3,1,0.056,10000,16.666666666666668,3994.4314421725608,223.6881607616634
2,H-3,1,0.056,10000,17.171717171717173,3914.0183678920253,219.1850286019534
2,H-3,1,0.056,10000,17.67676767676768,3677.6636393894883,205.94916380581134
2,H-3,1,0.056,10000,18.181818181818183,3628.585549422571,203.200790767664
2,H-3,1,0.056,10000,18.68686868686869,3550.0039150285306,198.80021924159772
2,H-3,1,0.056,10000,19.191919191919194,3458.165536056117,193.65727001914257
2,H-3,1,0.056,10000,19.6969696969697,3282.3197338919117,183.80990509794705
2,H-3,1,0.056,10000,20.202020202020204,3336.6017124571877,186.84969589760252
2,H-3,1,0.056,10000,20.70707070707071,3093.0196375521928,173.2090997029228
2,H-3,1,0.056,10000,21.212121212121215,3091.834078172316,173.14270837764968
2,H-3,1,0.056,10000,21.71717171717172,2962.3567654020235,165.89197886251333
2,H-3,1,0.056,10000,22.222222222222225,2847.173555777672,159.44171912354963
2,H-3,1,0.056,10000,22.72727272727273,2764.6593520184006,154.82092371303042
2,H-3,1,0.056,10000,23.232323232323235,2690.639104970496,150.67578987834779
2,H-3,1,0.056,10000,23.73737373737374,2622.9891491768294,146.88739235390244
2,H-3,1,0.056,10000,24.242424242424242,2520.408857523964,141.14289602134198
2,H-3,1,0.056,10000,24.747474747474747,2535.9753597296503,142.01462014486043
2,H-3,1,0.056,10000,25.252525252525253,2397.133017780041,134.2394489956823
2,H-3,1,0.056,10000,25.757575757575758,2334.4683021550927,130.7302249206852
2,H-3,1,0.056,10000,26.262626262626263,2320.086290971855,129.92483229442388
2,H-3,1,0.056,10000,26.767676767676768,2228.7337980023053,124.8090926881291
2,H-3,1,0.056,10000,27.272727272727273,2109.5235103845416,118.13331658153433
2,H-3,1,0.056,10000,27.77777777777778,2071.2077821008966,115.98763579765021
2,H-3,1,0.056,10000,28.282828282828284,2043.7938620911348,114.45245627710355
2,H-3,1,0.056,10000,28.78787878787879,1971.7027126546063,110.41535190865795
2,H-3,1,0.056,10000,29.292929292929294,1968.1207887850348,110.21476417196196
2,H-3,1,0.056,10000,29.7979797979798,1856.1271076559083,103.94311802873086
2,H-3,1,0.056,10000,30.303030303030305,1796.9366246469817,100.62845098023098
2,H-3,1,0.056,10000,30.80808080808081,1745.2793145821722,97.73564161660164
2,H-3,1,0.056,10000,31.313131313131315,1745.6901669703668,97.75864935034055
2,H-3,1,0.056,10000,31.81818181818182,1699.594844519119,95.17731129307067
2,H-3,1,0.056,10000,32.323232323232325,1581.641103164549,88.57190177721473
2,H-3,1,0.056,10000,32.82828282828283,1610.534318920402,90.18992185954252
2,H-3,1,0.056,10000,33.333333333333336,1573.0105279671054,88.0885895661579
2,H-3,1,0.056,10000,33.83838383838384,1452.4191094876617,81.33547013130905
2,H-3,1,0.056,10000,34.343434343434346,1441.159380799485,80.70492532477117
2,H-3,1,0.056,10000,34.84848484848485,1461.1839912854969,81.82630351198783
2,H-3,1,0.056,10000,35.35353535353536,1408.7592812398202,78.89051974942993
2,H-3,1,0.056,10000,35.85858585858586,1343.1263791067552,75.21507722997829
2,H-3,1,0.056,10000,36.36363636363637,1318.1068830858667,73.81398545280854
2,H-3,1,0.056,10000,36.86868686868687,1322.2188178193633,74.04425379788434
2,H-3,1,0.056,10000,37.37373737373738,1245.6550236763949,69.75668132587812
2,H-3,1,0.056,10000,37.87878787878788,1169.5906048348427,65.4970738707512
2,H-3,1,0.056,10000,38.38383838383839,1197.2448481378128,67.04571149571753
2,H-3,1,0.056,10000,38.88888888888889,1113.1958753614142,62.3389690202392
2,H-3,1,0.056,10000,39.3939393939394,1123.2289663411723,62.90082211510565
2,H-3,1,0.056,10000,39.8989898989899,1084.6763852101833,60.74187757177027
2,H-3,1,0.056,10000,40.40404040404041,1059.283468779013,59.31987425162473
2,H-3,1,0.056,10000,40.909090909090914,1042.925039849592,58.40380223157715
2,H-3,1,0.056,10000,41.41414141414142,954.6948835850017,53.46291348076009
2,H-3,1,0.056,10000,41.919191919191924,954.7723012002652,53.467248867214856
2,H-3,1,0.056,10000,42.42424242424243,965.6152483315127,54.07445390656471
2,H-3,1,0.056,10000,42.929292929292934,921.1651949316379,51.585250916171724
2,H-3,1,0.056,10000,43.43434343434344,881.4374530367799,49.360497370059676
2,H-3,1,0.056,10000,43.939393939393945,836.3595222428395,46.836133245599015
2,H-3,1,0.056,10000,44.44444444444445,831.7930054405648,46.58040830467163
2,H-3,1,0.056,10000,44.949494949494955,792.1594309449331,44.36092813291626
2,H-3,1,0.056,10000,45.45454545454546,761.3389306939763,42.63498011886267
2,H-3,1,0.056,10000,45.959595959595966,771.2916779672352,43.19233396616517
2,H-3,1,0.056,10000,46.46464646464647,742.2049588134605,41.563477693553786
2,H-3,1,0.056,10000,46.969696969696976,709.4188917216047,39.72745793640986
2,H-3,1,0.056,10000,47.47474747474748,706.0050875789215,39.5362849044196
2,H-3,1,0.056,10000,47.979797979797986,674.0759314971167,37.748252163838536
2,H-3,1,0.056,10000,48.484848484848484,685.5087823434069,38.388491811230786
2,H-3,1,0.056,10000,48.98989898989899,643.0962439870366,36.01338966327405
2,H-3,1,0.056,10000,49.494949494949495,645.2757480666838,36.135441891734295
2,H-3,1,0.056,10000,50.0,598.2153169213952,33.500057747598134
3,U-238,92,0.00015,10000,0.0,10122.669833080727,1.518400474962109
3,U-238,92,0.00015,10000,0.5050505050505051,10367.954514443247,1.5551931771664869
3,U-238,92,0.00015,10000,1.0101010101010102,10052.694945450488,1.5079042418175732
3,U-238,92,0.00015,10000,1.5151515151515151,10224.96540554179,1.5337448108312683
3,U-238,92,0.00015,10000,2.0202020202020203,9649.40911991074,1.447411367986611
3,U-238,92,0.00015,10000,2.5252525252525255,10137.586226717764,1.5206379340076643
3,U-238,92,0.00015,10000,3.0303030303030303,10001.530042900997,1.5002295064351494
3,U-238,92,0.00015,10000,3.5353535353535355,10147.617655968194,1.522142648395229
3,U-238,92,0.00015,10000,4.040404040404041,10167.369134040493,1.5251053701060737
3,U-238,92,0.00015,10000,4.545454545454546,9542.241684078506,1.4313362526117759
3,U-238,92,0.00015,10000,5.050505050505051,9903.773750467093,1.4855660625700637
3,U-238,92,0.00015,10000,5.555555555555556,9857.777105834984,1.4786665658752476
3,U-238,92,0.00015,10000,6.0606060606060606,10021.318406245106,1.5031977609367657
3,U-238,92,0.00015,10000,6.565656565656566,9602.43172187809,1.4403647582817134
3,U-238,92,0.00015,10000,7.070707070707071,9771.529025729795,1.4657293538594691
3,U-238,92,0.00015,10000,7.575757575757576,10188.799378588936,1.5283199067883402
3,U-238,92,0.00015,10000,8.080808080808081,10023.221763273152,1.5034832644909726
3,U-238,92,0.00015,10000,8.585858585858587,9769.806659223352,1.4654709988835026
3,U-238,92,0.00015,10000,9.090909090909092,9935.798468465944,1.4903697702698915
3,U-238,92,0.00015,10000,9.595959595959597,10204.955084377709,1.5307432626566562
3,U-238,92,0.00015,10000,10.101010101010102,9617.503622667848,1.442625543400177
3,U-238,92,0.00015,10000,10.606060606060607,9941.885053889471,1.4912827580834205
3,U-238,92,0.00015,10000,11.111111111111112,9937.491056505736,1.4906236584758603
3,U-238,92,0.00015,10000,11.616161616161618,10019.921709109682,1.502988256366452
3,U-238,92,0.00015,10000,12.121212121212121,10082.407567869028,1.512361135180354
3,U-238,92,0.00015,10000,12.626262626262626,10362.424100317843,1.5543636150476763
3,U-238,92,0.00015,10000,13.131313131313131,10090.860713470702,1.5136291070206052
3,U-238,92,0.00015,10000,13.636363636363637,9862.310153945074,1.479346523091761
3,U-238,92,0.00015,10000,14.141414141414142,10229.867239068688,1.5344800858603032
3,U-238,92,0.00015,10000,14.646464646464647,9806.69761866825,1.4710046428002372
3,U-238,92,0.00015,10000,15.151515151515152,10064.337911504113,1.509650686725617
3,U-238,92,0.00015,10000,15.656565656565657,10290.09807171767,1.5435147107576503
3,U-238,92,0.00015,10000,16.161616161616163,10190.728211190357,1.5286092316785533
3,U-238,92,0.00015,10000,16.666666666666668,10136.844120976048,1.520526618146407
3,U-238,92,0.00015,10000,17.171717171717173,9529.116141416642,1.429367421212496
3,U-238,92,0.00015,10000,17.67676767676768,9953.372957631645,1.4930059436447467
3,U-238,92,0.00015,10000,18.181818181818183,9855.60936562024,1.4783414048430357
3,U-238,92,0.00015,10000,18.68686868686869,10236.24091027175,1.5354361365407625
3,U-238,92,0.00015,10000,19.191919191919194,10138.899900486509,1.5208349850729763
3,U-238,92,0.00015,10000,19.6969696969697,10022.565323195447,1.503384798479317
3,U-238,92,0.00015,10000,20.202020202020204,10128.1504156888,1.51922256235332
3,U-238,92,0.00015,10000,20.70707070707071,9839.467208353866,1.4759200812530797
3,U-238,92,0.00015,10000,21.212121212121215,10094.68629231771,1.5142029438476565
3,U-238,92,0.00015,10000,21.71717171717172,9986.415981382115,1.497962397207317
3,U-238,92,0.00015,10000,22.222222222222225,9631.20106886013,1.4446801603290194
3,U-238,92,0.00015,10000,22.72727272727273,10034.542184515676,1.5051813276773514
3,U-238,92,0.00015,10000,23.232323232323235,10106.151761719704,1.5159227642579556
3,U-238,92,0.00015,10000,23.73737373737374,10202.29182619734,1.5303437739296006
3,U-238,92,0.00015,10000,24.242424242424242,10068.797246020353,1.5103195869030528
3,U-238,92,0.00015,10000,24.747474747474747,10163.542370817004,1.5245313556225504
3,U-238,92,0.00015,10000,25.252525252525253,9617.03728211647,1.4425555923174702
3,U-238,92,0.00015,10000,25.757575757575758,9887.043735252297,1.4830565602878445
3,U-238,92,0.00015,10000,26.262626262626263,9932.293533571723,1.4898440300357583
3,U-238,92,0.00015,10000,26.767676767676768,9894.244773558876,1.4841367160338312
3,U-238,92,0.00015,10000,27.272727272727273,9941.438752717679,1.4912158129076516
3,U-238,92,0.00015,10000,27.77777777777778,9843.420931210725,1.4765131396816087
3,U-238,92,0.00015,10000,28.282828282828284,10104.275414952988,1.5156413122429482
3,U-238,92,0.00015,10000,28.78787878787879,9759.524367082158,1.4639286550623236
3,U-238,92,0.00015,10000,29.292929292929294,9981.082160070398,1.4971623240105596
3,U-238,92,0.00015,10000,29.7979797979798,9969.968067067764,1.4954952100601646
3,U-238,92,0.00015,10000,30.303030303030305,9983.305495769919,1.4974958243654877
3,U-238,92,0.00015,10000,30.80808080808081,9765.223535171492,1.4647835302757237
3,U-238,92,0.00015,10000,31.313131313131315,10231.675077063857,1.5347512615595784
3,U-238,92,0.00015,10000,31.81818181818182,9907.377026757993,1.4861065540136988
3,U-238,92,0.00015,10000,32.323232323232325,9665.253543393457,1.4497880315090184
3,U-238,92,0.00015,10000,32.82828282828283,10110.351601201271,1.5165527401801906
3,U-238,92,0.00015,10000,33.333333333333336,9949.461825871263,1.4924192738806894
3,U-238,92,0.00015,10000,33.83838383838384,9930.080872652401,1.48951213089786
3,U-238,92,0.00015,10000,34.343434343434346,9929.54154411427,1.4894312316171405
3,U-238,92,0.00015,10000,34.84848484848485,10026.53871692698,1.5039808075390468
3,U-238,92,0.00015,10000,35.35353535353536,9936.517771397794,1.490477665709669
3,U-238,92,0.00015,10000,35.85858585858586,9792.486466700631,1.4688729700050946
3,U-238,92,0.00015,10000,36.36363636363637,9663.309921770213,1.449496488265532
3,U-238,92,0.00015,10000,36.86868686868687,10005.205286110999,1.5007807929166497
3,U-238,92,0.00015,10000,37.37373737373738,9642.152368502462,1.4463228552753693
3,U-238,92,0.00015,10000,37.87878787878788,10166.015686024006,1.5249023529036008
3,U-238,92,0.00015,10000,38.38383838383839,9752.912710212064,1.4629369065318094
3,U-238,92,0.00015,10000,38.88888888888889,9772.902001743201,1.4659353002614801
3,U-238,92,0.00015,10000,39.3939393939394,9745.860400819962,1.461879060122994
3,U-238,92,0.00015,10000,39.8989898989899,9669.341406892798,1.4504012110339195
3,U-238,92,0.00015,10000,40.40404040404041,9785.991162731712,1.4678986744097566
3,U-238,92,0.00015,10000,40.909090909090914,9882.446183434009,1.4823669275151012
3,U-238,92,0.00015,10000,41.41414141414142,9475.433440592085,1.4213150160888126
3,U-238,92,0.00015,10000,41.919191919191924,9451.338398617194,1.417700759792579
3,U-238,92,0.00015,10000,42.42424242424243,9794.300909417561,1.469145136412634
3,U-238,92,0.00015,10000,42.929292929292934,10111.358260930478,1.5167037391395715
3,U-238,92,0.00015,10000,43.43434343434344,9676.661293863826,1.4514991940795738
3,U-238,92,0.00015,10000,43.939393939393945,9919.140114193302,1.4878710171289953
3,U-238,92,0.00015,10000,44.44444444444445,10217.765360503749,1.5326648040755622
3,U-238,92,0.00015,10000,44.949494949494955,9669.899426028393,1.4504849139042588
3,U-238,92,0.00015,10000,45.45454545454546,9844.974584451533,1.4767461876677297
3,U-238,92,0.00015,10000,45.959595959595966,9783.68832249027,1.4675532483735405
3,U-238,92,0.00015,10000,46.46464646464647,10107.699840871746,1.5161549761307618
3,U-238,92,0.00015,10000,46.969696969696976,10021.916276186648,1.503287441427997
3,U-238,92,0.00015,10000,47.47474747474748,10051.696431691536,1.5077544647537304
3,U-238,92,0.00015,10000,47.979797979797986,10423.991649247808,1.563598747387171
3,U-238,92,0.00015,10000,48.484848484848484,10251.070046763853,1.5376605070145777
3,U-238,92,0.00015,10000,48.98989898989899,9907.120584333663,1.4860680876500494
3,U-238,92,0.00015,10000,49.494949494949495,9885.93291764702,1.4828899376470528
3,U-238,92,0.00015,10000,50.0,9637.680479980781,1.445652071997117
3,U-235,92,0.00098,10000,0.0,9657.16706251349,9.46402372126322
3,U-235,92,0.00098,10000,0.5050505050505051,9985.128328366067,9.785425761798745
3,U-235,92,0.00098,10000,1.0101010101010102,9730.483942073863,9.535874263232385
3,U-235,92,0.00098,10000,1.5151515151515151,10110.048045645153,9.90784708473225
3,U-235,92,0.00098,10000,2.0202020202020203,9822.190926462372,9.625747107933124
3,U-235,92,0.00098,10000,2.5252525252525255,9858.982613798622,9.66180296152265
3,U-235,92,0.00098,10000,3.0303030303030303,9660.731804143466,9.467517168060597
3,U-235,92,0.00098,10000,3.5353535353535355,10385.984532686776,10.178264842033041
3,U-235,92,0.00098,10000,4.040404040404041,10111.648495316278,9.909415525409953
3,U-235,92,0.00098,10000,4.545454545454546,9814.198641643778,9.617914668810903
3,U-235,92,0.00098,10000,5.050505050505051,9980.707491969471,9.781093342130081
3,U-235,92,0.00098,10000,5.555555555555556,10208.88497379245,10.004707274316601
3,U-235,92,0.00098,10000,6.0606060606060606,9756.315956241671,9.561189637116838
3,U-235,92,0.00098,10000,6.565656565656566,10314.737197230821,10.108442453286205
3,U-235,92,0.00098,10000,7.070707070707071,9725.937117637244,9.531418375284499
3,U-235,92,0.00098,10000,7.575757575757576,9890.822574951613,9.69300612345258
3,U-235,92,0.00098,10000,8.080808080808081,9593.648753384237,9.401775778316551
3,U-235,92,0.00098,10000,8.585858585858587,9412.763315299595,9.224508048993602
3,U-235,92,0.00098,10000,9.090909090909092,10111.531125996722,9.909300503476787
3,U-235,92,0.00098,10000,9.595959595959597,9923.380377759362,9.724912770204174
3,U-235,92,0.00098,10000,10.101010101010102,9558.142002560502,9.366979162509292
3,U-235,92,0.00098,10000,10.606060606060607,9571.871467350938,9.38043403800392
3,U-235,92,0.00098,10000,11.111111111111112,10118.293273154171,9.915927407691088
3,U-235,92,0.00098,10000,11.616161616161618,9857.029027438462,9.659888446889694
3,U-235,92,0.00098,10000,12.121212121212121,10164.822869896087,9.961526412498165
3,U-235,92,0.00098,10000,12.626262626262626,10002.776694143766,9.80272116026089
3,U-235,92,0.00098,10000,13.131313131313131,9858.995254584634,9.66181534949294
3,U-235,92,0.00098,10000,13.636363636363637,9873.632767626445,9.676160112273916
3,U-235,92,0.00098,10000,14.141414141414142,9752.883188629778,9.557825524857181
3,U-235,92,0.00098,10000,14.646464646464647,9876.768366959182,9.679232999619998
3,U-235,92,0.00098,10000,15.151515151515152,9840.594875522525,9.643782978012075
3,U-235,92,0.00098,10000,15.656565656565657,10012.689638757412,9.812435845982264
3,U-235,92,0.00098,10000,16.161616161616163,9810.6937286036,9.61447985403153
3,U-235,92,0.00098,10000,16.666666666666668,10000.035991429004,9.800035271600423
3,U-235,92,0.00098,10000,17.171717171717173,10014.179069730748,9.813895488336133
3,U-235,92,0.00098,10000,17.67676767676768,9863.791157976091,9.66651533481657
3,U-235,92,0.00098,10000,18.181818181818183,9565.440069532997,9.374131268142337
3,U-235,92,0.00098,10000,18.68686868686869,9787.02242707679,9.591281978535255
3,U-235,92,0.00098,10000,19.191919191919194,9439.56486114859,9.250773563925618
3,U-235,92,0.00098,10000,19.6969696969697,9572.110096888144,9.380667894950381
3,U-235,92,0.00098,10000,20.202020202020204,9947.187079065892,9.748243337484574
3,U-235,92,0.00098,10000,20.70707070707071,9896.106100208184,9.69818397820402
3,U-235,92,0.00098,10000,21.212121212121215,9793.638424905854,9.597765656407736
3,U-235,92,0.00098,10000,21.71717171717172,9730.207622006717,9.535603469566583
3,U-235,92,0.00098,10000,22.222222222222225,9639.881957412968,9.447084318264709
3,U-235,92,0.00098,10000,22.72727272727273,9679.431463045225,9.48584283378432
3,U-235,92,0.00098,10000,23.232323232323235,9963.600163708526,9.764328160434356
3,U-235,92,0.00098,10000,23.73737373737374,9863.202312599116,9.665938266347133
3,U-235,92,0.00098,10000,24.242424242424242,9497.419409702046,9.307471021508006
3,U-235,92,0.00098,10000,24.747474747474747,9799.209674920272,9.603225481421866
3,U-235,92,0.00098,10000,25.252525252525253,9782.87065729287,9.587213244147012
3,U-235,92,0.00098,10000,25.757575757575758,10072.25058262854,9.870805570975968
3,U-235,92,0.00098,10000,26.262626262626263,9403.331265311319,9.215264640005092
3,U-235,92,0.00098,10000,26.767676767676768,9588.51688413585,9.396746546453132
3,U-235,92,0.00098,10000,27.272727272727273,9925.857028594331,9.727339888022444
3,U-235,92,0.00098,10000,27.77777777777778,9515.230010883379,9.324925410665712
3,U-235,92,0.00098,10000,28.282828282828284,10190.715627641452,9.986901315088621
3,U-235,92,0.00098,10000,28.78787878787879,9492.591545071416,9.302739714169988
3,U-235,92,0.00098,10000,29.292929292929294,9722.6702287522,9.528216824177155
3,U-235,92,0.00098,10000,29.7979797979798,9820.891167918804,9.624473344560428
3,U-235,92,0.00098,10000,30.303030303030305,9878.448063056358,9.680879101795231
3,U-235,92,0.00098,10000,30.80808080808081,9841.380580338777,9.644552968732
3,U-235,92,0.00098,10000,31.313131313131315,9608.169301574051,9.41600591554257
3,U-235,92,0.00098,10000,31.81818181818182,9870.027394200639,9.672626846316625
3,U-235,92,0.00098,10000,32.323232323232325,9541.972415966497,9.351132967647166
3,U-235,92,0.00098,10000,32.82828282828283,9579.794887475322,9.388198989725815
3,U-235,92,0.00098,10000,33.333333333333336,9767.004559352132,9.571664468165089
3,U-235,92,0.00098,10000,33.83838383838384,9965.889599997083,9.76657180799714
3,U-235,92,0.00098,10000,34.343434343434346,9624.911240645435,9.432413015832527
3,U-235,92,0.00098,10000,34.84848484848485,9492.160980291454,9.302317760685625
3,U-235,92,0.00098,10000,35.35353535353536,9893.183595775334,9.695319923859827
3,U-235,92,0.00098,10000,35.85858585858586,9410.463743452794,9.222254468583738
3,U-235,92,0.00098,10000,36.36363636363637,10004.677124065814,9.804583581584497
3,U-235,92,0.00098,10000,36.86868686868687,9455.30408503998,9.266198003339179
3,U-235,92,0.00098,10000,37.37373737373738,9763.943166578065,9.568664303246504
3,U-235,92,0.00098,10000,37.87878787878788,9814.177727865543,9.617894173308231
3,U-235,92,0.00098,10000,38.38383838383839,9782.035897905223,9.586395179947118
3,U-235,92,0.00098,10000,38.88888888888889,9669.762606526987,9.476367354396446
3,U-235,92,0.00098,10000,39.3939393939394,9630.827322871442,9.438210776414014
3,U-235,92,0.00098,10000,39.8989898989899,9298.578289780295,9.112606723984689
3,U-235,92,0.00098,10000,40.40404040404041,9461.675866304911,9.272442348978812
3,U-235,92,0.00098,10000,40.909090909090914,9746.254520659806,9.551329430246609
3,U-235,92,0.00098,10000,41.41414141414142,9729.664132079175,9.535070849437592
3,U-235,92,0.00098,10000,41.919191919191924,9398.294068574702,9.210328187203208
3,U-235,92,0.00098,10000,42.42424242424243,9659.33637621101,9.46614964868679
3,U-235,92,0.00098,10000,42.929292929292934,9636.349403342618,9.443622415275765
3,U-235,92,0.00098,10000,43.43434343434344,9918.866180043,9.72048885644214
3,U-235,92,0.00098,10000,43.939393939393945,9498.379976527485,9.308412376996936
3,U-235,92,0.00098,10000,44.44444444444445,9474.25352447171,9.284768453982275
3,U-235,92,0.00098,10000,44.949494949494955,9392.326722207941,9.204480187763782
3,U-235,92,0.00098,10000,45.45454545454546,9373.172842934464,9.185709386075775
3,U-235,92,0.00098,10000,45.959595959595966,9631.275605914676,9.438650093796381
3,U-235,92,0.00098,10000,46.46464646464647,9420.260627257723,9.231855414712568
3,U-235,92,0.00098,10000,46.969696969696976,9755.401455460067,9.560293426350865
3,U-235,92,0.00098,10000,47.47474747474748,9425.648090715986,9.237135128901667
3,U-235,92,0.00098,10000,47.979797979797986,9833.388507917738,9.636720737759383
3,U-235,92,0.00098,10000,48.484848484848484,9615.628513195346,9.423315942931438
3,U-235,92,0.00098,10000,48.98989898989899,9580.495930469991,9.388886011860592
3,U-235,92,0.00098,10000,49.494949494949495,9307.333543458504,9.121186872589334
3,U-235,92,0.00098,10000,50.0,9584.486560508001,9.392796829297842
3,Th-232,90,4.9e-05,10000,0.0,10009.104395304685,0.49044611536992955
3,Th-232,90,4.9e-05,10000,0.5050505050505051,10126.165920538997,0.4961821301064108
3,Th-232,90,4.9e-05,10000,1.0101010101010102,9897.340659849022,0.48496969233260206
3,Th-232,90,4.9e-05,10000,1.5151515151515151,9708.553211455299,0.4757191073613096
3,Th-232,90,4.9e-05,10000,2.0202020202020203,10054.049021218492,0.4926484020397061
3,Th-232,90,4.9e-05,10000,2.5252525252525255,10026.71669298666,0.4913091179563463
3,Th-232,90,4.9e-05,10000,3.0303030303030303,10047.286491528657,0.4923170380849042
3,Th-232,90,4.9e-05,10000,3.5353535353535355,10199.363020096464,0.4997687879847267
3,Th-232,90,4.9e-05,10000,4.040404040404041,9810.129473717903,0.4806963442121772
3,Th-232,90,4.9e-05,10000,4.545454545454546,9521.529032080614,0.4665549225719501
3,Th-232,90,4.9e-05,10000,5.050505050505051,10092.507450659648,0.49453286508232275
3,Th-232,90,4.9e-05,10000,5.555555555555556,10078.438555635554,0.49384348922614213
3,Th-232,90,4.9e-05,10000,6.0606060606060606,9901.647812824285,0.48518074282838997
3,Th-232,90,4.9e-05,10000,6.565656565656566,10030.89201094116,0.4915137085361168
3,Th-232,90,4.9e-05,10000,7.070707070707071,9787.052382935444,0.47956556676383677
3,Th-232,90,4.9e-05,10000,7.575757575757576,9575.205465462996,0.46918506780768676
3,Th-232,90,4.9e-05,10000,8.080808080808081,9657.592936547811,0.47322205389084276
3,Th-232,90,4.9e-05,10000,8.585858585858587,10004.262478539888,0.4902088614484545
3,Th-232,90,4.9e-05,10000,9.090909090909092,10271.965370010808,0.5033263031305296
3,Th-232,90,4.9e-05,10000,9.595959595959597,9917.432029269527,0.4859541694342068
3,Th-232,90,4.9e-05,10000,10.101010101010102,10157.758760061568,0.4977301792430168
3,Th-232,90,4.9e-05,10000,10.606060606060607,9875.999744654593,0.483923987488075
3,Th-232,90,4.9e-05,10000,11.111111111111112,9983.475267860156,0.48919028812514764
3,Th-232,90,4.9e-05,10000,11.616161616161618,10153.5311917863,0.4975230283975287
3,Th-232,90,4.9e-05,10000,12.121212121212121,10020.682531094459,0.49101344402362845
3,Th-232,90,4.9e-05,10000,12.626262626262626,9885.546380172198,0.4843917726284377
3,Th-232,90,4.9e-05,10000,13.131313131313131,9820.618570690809,0.4812103099638496
3,Th-232,90,4.9e-05,10000,13.636363636363637,9974.82714966302,0.488766530333488
3,Th-232,90,4.9e-05,10000,14.141414141414142,10229.329759936762,0.5012371582369013
3,Th-232,90,4.9e-05,10000,14.646464646464647,9678.920251854095,0.4742670923408506
3,Th-232,90,4.9e-05,10000,15.151515151515152,10164.317114924093,0.49805153863128054
3,Th-232,90,4.9e-05,10000,15.656565656565657,10049.017118897404,0.49240183882597277
3,Th-232,90,4.9e-05,10000,16.161616161616163,9798.414920513302,0.4801223311051518
3,Th-232,90,4.9e-05,10000,16.666666666666668,9988.16492114108,0.4894200811359129
3,Th-232,90,4.9e-05,10000,17.171717171717173,9950.816629356552,0.48759001483847103
3,Th-232,90,4.9e-05,10000,17.67676767676768,9801.958169141079,0.48029595028791283
3,Th-232,90,4.9e-05,10000,18.181818181818183,9883.30392926231,0.48428189253385323
3,Th-232,90,4.9e-05,10000,18.68686868686869,9739.820125286255,0.47725118613902645
3,Th-232,90,4.9e-05,10000,19.191919191919194,9576.685093217346,0.4692575695676499
3,Th-232,90,4.9e-05,10000,19.6969696969697,10020.57124933766,0.4910079912175453
3,Th-232,90,4.9e-05,10000,20.202020202020204,10198.797112500397,0.49974105851251943
3,Th-232,90,4.9e-05,10000,20.70707070707071,10316.197207139361,0.5054936631498287
3,Th-232,90,4.9e-05,10000,21.212121212121215,9767.566662863024,0.47861076648028816
3,Th-232,90,4.9e-05,10000,21.71717171717172,10418.380501901593,0.510500644593178
3,Th-232,90,4.9e-05,10000,22.222222222222225,10294.046169206806,0.5044082622911334
3,Th-232,90,4.9e-05,10000,22.72727272727273,10273.247971562687,0.5033891506065716
3,Th-232,90,4.9e-05,10000,23.232323232323235,9831.668136440987,0.48175173868560833
3,Th-232,90,4.9e-05,10000,23.73737373737374,9876.055842060892,0.4839267362609837
3,Th-232,90,4.9e-05,10000,24.242424242424242,9600.91701435581,0.47044493370343465
3,Th-232,90,4.9e-05,10000,24.747474747474747,10026.066601216078,0.49127726345958783
3,Th-232,90,4.9e-05,10000,25.252525252525253,9909.01067669882,0.4855415231582421
3,Th-232,90,4.9e-05,10000,25.757575757575758,10019.70407275886,0.4909654995651841
3,Th-232,90,4.9e-05,10000,26.262626262626263,9820.450627560253,0.48120208075045234
3,Th-232,90,4.9e-05,10000,26.767676767676768,10121.29013608726,0.49594321666827573
3,Th-232,90,4.9e-05,10000,27.272727272727273,10055.191247361616,0.49270437112071913
3,Th-232,90,4.9e-05,10000,27.77777777777778,9757.884775727805,0.47813635401066246
3,Th-232,90,4.9e-05,10000,28.282828282828284,9976.986133656117,0.4888723205491497
3,Th-232,90,4.9e-05,10000,28.78787878787879,10042.760525045662,0.4920952657272374
3,Th-232,90,4.9e-05,10000,29.292929292929294,10386.768921012343,0.5089516771296048
3,Th-232,90,4.9e-05,10000,29.7979797979798,10004.53786407473,0.49022235533966174
3,Th-232,90,4.9e-05,10000,30.303030303030305,9797.359799879989,0.48007063019411944
3,Th-232,90,4.9e-05,10000,30.80808080808081,9921.758232566643,0.48616615339576547
3,Th-232,90,4.9e-05,10000,31.313131313131315,9978.433211670055,0.4889432273718327
3,Th-232,90,4.9e-05,10000,31.81818181818182,9957.743805673186,0.4879294464779861
3,Th-232,90,4.9e-05,10000,32.323232323232325,9616.462630734473,0.47120666890598917
3,Th-232,90,4.9e-05,10000,32.82828282828283,9917.718281408985,0.4859681957890402
3,Th-232,90,4.9e-05,10000,33.333333333333336,9845.244515418104,0.4824169812554871
3,Th-232,90,4.9e-05,10000,33.83838383838384,9931.41665696519,0.4866394161912943
3,Th-232,90,4.9e-05,10000,34.343434343434346,10406.665107053686,0.5099265902456306
3,Th-232,90,4.9e-05,10000,34.84848484848485,9816.764689038504,0.4810214697628867
3,Th-232,90,4.9e-05,10000,35.35353535353536,10269.782200102432,0.5032193278050192
3,Th-232,90,4.9e-05,10000,35.85858585858586,10214.160849727179,0.5004938816366318
3,Th-232,90,4.9e-05,10000,36.36363636363637,10118.653890037916,0.4958140406118579
3,Th-232,90,4.9e-05,10000,36.86868686868687,9982.571612863172,0.4891460090302954
3,Th-232,90,4.9e-05,10000,37.37373737373738,10112.342850650084,0.4955047996818541
3,Th-232,90,4.9e-05,10000,37.87878787878788,9891.63951322558,0.4846903361480534
3,Th-232,90,4.9e-05,10000,38.38383838383839,9872.123132785693,0.48373403350649896
3,Th-232,90,4.9e-05,10000,38.88888888888889,9831.675001205245,0.481752075059057
3,Th-232,90,4.9e-05,10000,39.3939393939394,10035.390265631528,0.4917341230159448
3,Th-232,90,4.9e-05,10000,39.8989898989899,9938.596419508083,0.48699122455589605
3,Th-232,90,4.9e-05,10000,40.40404040404041,9932.399364235649,0.48668756884754677
3,Th-232,90,4.9e-05,10000,40.909090909090914,10263.45157324555,0.5029091270890319
3,Th-232,90,4.9e-05,10000,41.41414141414142,9839.063682791846,0.48211412045680047
3,Th-232,90,4.9e-05,10000,41.919191919191924,10126.25187220075,0.4961863417378367
3,Th-232,90,4.9e-05,10000,42.42424242424243,9875.06495958808,0.48387818301981594
3,Th-232,90,4.9e-05,10000,42.929292929292934,9661.21689378679,0.47339962779555267
3,Th-232,90,4.9e-05,10000,43.43434343434344,9694.156033761175,0.4750136456542976
3,Th-232,90,4.9e-05,10000,43.939393939393945,9880.393821245174,0.4841392972410135
3,Th-232,90,4.9e-05,10000,44.44444444444445,10103.894284146643,0.4950908199231855
3,Th-232,90,4.9e-05,10000,44.949494949494955,10106.073865091694,0.49519761938949297
3,Th-232,90,4.9e-05,10000,45.45454545454546,9929.721723382883,0.4865563644457613
3,Th-232,90,4.9e-05,10000,45.959595959595966,10100.911252467724,0.4949446513709185
3,Th-232,90,4.9e-05,10000,46.46464646464647,9992.476156769424,0.48963133168170175
3,Th-232,90,4.9e-05,10000,46.969696969696976,9924.833475572303,0.4863168403030428
3,Th-232,90,4.9e-05,10000,47.47474747474748,10147.31345985118,0.4972183595327078
3,Th-232,90,4.9e-05,10000,47.979797979797986,10213.53839961187,0.5004633815809817
3,Th-232,90,4.9e-05,10000,48.484848484848484,10178.993907606606,0.4987707014727237
3,Th-232,90,4.9e-05,10000,48.98989898989899,9914.796299705718,0.4858250186855802
3,Th-232,90,4.9e-05,10000,49.494949494949495,10089.043352583321,0.49436312427658274
3,Th-232,90,4.9e-05,10000,50.0,9550.72290704097,0.4679854224450075
3,Ra-226,88,0.00433,10000,0.0,10039.013384546646,43.468927955086976
3,Ra-226,88,0.00433,10000,0.5050505050505051,10050.19796039627,43.517357168515844
3,Ra-226,88,0.00433,10000,1.0101010101010102,9986.620525030201,43.242066873380764
3,Ra-226,88,0.00433,10000,1.5151515151515151,9890.444825458391,42.82562609423483
3,Ra-226,88,0.00433,10000,2.0202020202020203,10171.588628970441,44.04297876344201
3,Ra-226,88,0.00433,10000,2.5252525252525255,9872.80743984681,42.749256214536686
3,Ra-226,88,0.00433,10000,3.0303030303030303,9842.101159468924,42.61629802050044
3,Ra-226,88,0.00433,10000,3.5353535353535355,9800.629611848548,42.43672621930421
3,Ra-226,88,0.00433,10000,4.040404040404041,10029.806204689547,43.42906086630573
3,Ra-226,88,0.00433,10000,4.545454545454546,9747.754090763083,42.20777521300415
3,Ra-226,88,0.00433,10000,5.050505050505051,9620.426731560443,41.65644774765671
3,Ra-226,88,0.00433,10000,5.555555555555556,9741.080029436549,42.178876527460254
3,Ra-226,88,0.00433,10000,6.0606060606060606,10073.685581916285,43.61905856969751
3,Ra-226,88,0.00433,10000,6.565656565656566,9661.258531629452,41.83324944195552
3,Ra-226,88,0.00433,10000,7.070707070707071,9817.91861321647,42.51158759522731
3,Ra-226,88,0.00433,10000,7.575757575757576,9623.464367353694,41.66960071064149
3,Ra-226,88,0.00433,10000,8.080808080808081,9602.705514468642,41.57971487764922
3,Ra-226,88,0.00433,10000,8.585858585858587,9526.983250491123,41.251837474626555
3,Ra-226,88,0.00433,10000,9.090909090909092,9380.139253162957,40.6160029661956
3,Ra-226,88,0.00433,10000,9.595959595959597,9571.946123134678,41.44652671317315
3,Ra-226,88,0.00433,10000,10.101010101010102,9709.595049709835,42.04254656524358
3,Ra-226,88,0.00433,10000,10.606060606060607,9852.232058995998,42.66016481545267
3,Ra-226,88,0.00433,10000,11.111111111111112,9614.501682730961,41.63079228622506
3,Ra-226,88,0.00433,10000,11.616161616161618,9354.102037561954,40.50326182264325
3,Ra-226,88,0.00433,10000,12.121212121212121,9630.164173229394,41.69861087008327
3,Ra-226,88,0.00433,10000,12.626262626262626,9553.933731124678,41.36853305576985
3,Ra-226,88,0.00433,10000,13.131313131313131,9711.491054130518,42.05075626438514
3,Ra-226,88,0.00433,10000,13.636363636363637,9820.599274903416,42.523194860331785
3,Ra-226,88,0.00433,10000,14.141414141414142,9634.540050909152,41.717558420436625
3,Ra-226,88,0.00433,10000,14.646464646464647,9311.77494833115,40.31998552627388
3,Ra-226,88,0.00433,10000,15.151515151515152,9335.173473164014,40.421301138800175
3,Ra-226,88,0.00433,10000,15.656565656565657,9560.947936532815,41.39890456518709
3,Ra-226,88,0.00433,10000,16.161616161616163,9229.45066225367,39.963521367558386
3,Ra-226,88,0.00433,10000,16.666666666666668,9277.617718827942,40.172084722524986
3,Ra-226,88,0.00433,10000,17.171717171717173,9401.211455377532,40.707245601784706
3,Ra-226,88,0.00433,10000,17.67676767676768,9461.498660135616,40.96828919838721
3,Ra-226,88,0.00433,10000,18.181818181818183,9284.126623808543,40.200268281090985
3,Ra-226,88,0.00433,10000,18.68686868686869,8689.190217559079,37.624193642030804
3,Ra-226,88,0.00433,10000,19.191919191919194,9265.042733015887,40.11763503395879
3,Ra-226,88,0.00433,10000,19.6969696969697,9125.171318749211,39.511991810184085
3,Ra-226,88,0.00433,10000,20.202020202020204,8983.584124867559,38.89891926067653
3,Ra-226,88,0.00433,10000,20.70707070707071,9146.817126452464,39.605718157539165
3,Ra-226,88,0.00433,10000,21.212121212121215,9326.860773315331,40.38530714845538
3,Ra-226,88,0.00433,10000,21.71717171717172,8896.811530033592,38.52319392504545
3,Ra-226,88,0.00433,10000,22.222222222222225,9371.434953376662,40.57831334812094
3,Ra-226,88,0.00433,10000,22.72727272727273,9240.181104726697,40.00998418346659
3,Ra-226,88,0.00433,10000,23.232323232323235,9211.935843094516,39.88768220059925
3,Ra-226,88,0.00433,10000,23.73737373737374,8876.203066102635,38.43395927622441
3,Ra-226,88,0.00433,10000,24.242424242424242,8958.276737419179,38.789338273025045
3,Ra-226,88,0.00433,10000,24.747474747474747,8915.063435724567,38.60222467668737
3,Ra-226,88,0.00433,10000,25.252525252525253,8964.286152006907,38.815359038189904
3,Ra-226,88,0.00433,10000,25.757575757575758,8933.514865620398,38.68211936813632
3,Ra-226,88,0.00433,10000,26.262626262626263,8868.456041608828,38.40041466016622
3,Ra-226,88,0.00433,10000,26.767676767676768,8873.915750835855,38.424055201119245
3,Ra-226,88,0.00433,10000,27.272727272727273,8848.542848527319,38.314190534123284
3,Ra-226,88,0.00433,10000,27.77777777777778,8914.175244366284,38.598378808106006
3,Ra-226,88,0.00433,10000,28.282828282828284,8555.087039640566,37.04352688164365
3,Ra-226,88,0.00433,10000,28.78787878787879,8913.955640267603,38.59742792235872
3,Ra-226,88,0.00433,10000,29.292929292929294,9107.77743832423,39.43667630794391
3,Ra-226,88,0.00433,10000,29.7979797979798,8978.052998640733,38.87496948411437
3,Ra-226,88,0.00433,10000,30.303030303030305,8604.400802430582,37.25705547452442
3,Ra-226,88,0.00433,10000,30.80808080808081,8933.989210365535,38.68417328088276
3,Ra-226,88,0.00433,10000,31.313131313131315,9131.904402133934,39.54114606123993
3,Ra-226,88,0.00433,10000,31.81818181818182,8670.699218935011,37.54412761798859
3,Ra-226,88,0.00433,10000,32.323232323232325,8819.305690125177,38.187593638242014
3,Ra-226,88,0.00433,10000,32.82828282828283,9073.881727003089,39.28990787792337
3,Ra-226,88,0.00433,10000,33.333333333333336,8834.356276476918,38.25276267714505
3,Ra-226,88,0.00433,10000,33.83838383838384,8904.956880795698,38.55846329384537
3,Ra-226,88,0.00433,10000,34.343434343434346,8429.437514046022,36.49946443581927
3,Ra-226,88,0.00433,10000,34.84848484848485,8639.912902893917,37.410822869530655
3,Ra-226,88,0.00433,10000,35.35353535353536,8647.870439465984,37.44527900288771
3,Ra-226,88,0.00433,10000,35.85858585858586,8658.486601305096,37.49124698365106
3,Ra-226,88,0.00433,10000,36.36363636363637,8678.05418234096,37.57597460953635
3,Ra-226,88,0.00433,10000,36.86868686868687,8551.120371807472,37.026351209926354
3,Ra-226,88,0.00433,10000,37.37373737373738,8282.611379923997,35.86370727507091
3,Ra-226,88,0.00433,10000,37.87878787878788,8668.286921139621,37.533682368534556
3,Ra-226,88,0.00433,10000,38.38383838383839,8532.920788310914,36.947547013386256
3,Ra-226,88,0.00433,10000,38.88888888888889,8251.059360045248,35.727087028995925
3,Ra-226,88,0.00433,10000,39.3939393939394,8559.785999279955,37.0638733768822
3,Ra-226,88,0.00433,10000,39.8989898989899,8506.421567640142,36.83280538788181
3,Ra-226,88,0.00433,10000,40.40404040404041,8485.162224705371,36.740752432974254
3,Ra-226,88,0.00433,10000,40.909090909090914,8328.601101676062,36.06284277025735
3,Ra-226,88,0.00433,10000,41.41414141414142,8631.57577906483,37.374723123350705
3,Ra-226,88,0.00433,10000,41.919191919191924,8435.379933239426,36.52519511092672
3,Ra-226,88,0.00433,10000,42.42424242424243,8190.401388865913,35.4644380137894
3,Ra-226,88,0.00433,10000,42.929292929292934,8047.4884685146735,34.84562506866853
3,Ra-226,88,0.00433,10000,43.43434343434344,8158.405648568606,35.32589645830206
3,Ra-226,88,0.00433,10000,43.939393939393945,7875.646177344479,34.101547947901594
3,Ra-226,88,0.00433,10000,44.44444444444445,8206.41221418043,35.533764887401254
3,Ra-226,88,0.00433,10000,44.949494949494955,8252.610715068977,35.733804396248665
3,Ra-226,88,0.00433,10000,45.45454545454546,8015.018603892748,34.7050305548556
3,Ra-226,88,0.00433,10000,45.959595959595966,8106.05434621979,35.09921531913169
3,Ra-226,88,0.00433,10000,46.46464646464647,8431.595813047312,36.50880987049486
3,Ra-226,88,0.00433,10000,46.969696969696976,8177.200319743575,35.407277384489674
3,Ra-226,88,0.00433,10000,47.47474747474748,8391.877600218304,36.336830008945256
3,Ra-226,88,0.00433,10000,47.979797979797986,8094.029418694556,35.04714738294742
3,Ra-226,88,0.00433,10000,48.484848484848484,8077.672544302455,34.97632211682963
3,Ra-226,88,0.00433,10000,48.98989898989899,7732.846767751442,33.48322650436374
3,Ra-226,88,0.00433,10000,49.494949494949495,8188.677335896901,35.45697286443358
3,Ra-226,88,0.00433,10000,50.0,8230.588420684406,35.63844786156347
3,C-14,6,0.000121,10000,0.0,9931.526391229354,1.201714693338752
3,C-14,6,0.000121,10000,0.5050505050505051,9937.331854986649,1.2024171544533846
3,C-14,6,0.000121,10000,1.0101010101010102,10161.365255056799,1.2295251958618727
3,C-14,6,0.000121,10000,1.5151515151515151,9850.934411818214,1.1919630638300038
3,C-14,6,0.000121,10000,2.0202020202020203,9841.129232787489,1.190776637167286
3,C-14,6,0.000121,10000,2.5252525252525255,10060.345169189532,1.2173017654719334
3,C-14,6,0.000121,10000,3.0303030303030303,9875.128186158909,1.1948905105252279
3,C-14,6,0.000121,10000,3.5353535353535355,10117.882445660473,1.224263775924917
3,C-14,6,0.000121,10000,4.040404040404041,9811.140366754544,1.1871479843772998
3,C-14,6,0.000121,10000,4.545454545454546,10296.23729572213,1.2458447127823777
3,C-14,6,0.000121,10000,5.050505050505051,10125.103282704353,1.2251374972072266
3,C-14,6,0.000121,10000,5.555555555555556,10006.441422155043,1.2107794120807602
3,C-14,6,0.000121,10000,6.0606060606060606,9818.071313911545,1.187986628983297
3,C-14,6,0.000121,10000,6.565656565656566,9780.675929055677,1.183461787415737
3,C-14,6,0.000121,10000,7.070707070707071,9812.154158709393,1.1872706532038364
3,C-14,6,0.000121,10000,7.575757575757576,9704.659323908108,1.174263778192881
3,C-14,6,0.000121,10000,8.080808080808081,10258.05106402152,1.2412241787466038
3,C-14,6,0.000121,10000,8.585858585858587,10057.960434865916,1.2170132126187758
3,C-14,6,0.000121,10000,9.090909090909092,10202.896305134755,1.2345504529213054
3,C-14,6,0.000121,10000,9.595959595959597,10335.805019072259,1.2506324073077433
3,C-14,6,0.000121,10000,10.101010101010102,10248.787251084246,1.2401032573811939
3,C-14,6,0.000121,10000,10.606060606060607,10076.982928540985,1.2193149343534593
3,C-14,6,0.000121,10000,11.111111111111112,9904.464952626857,1.1984402592678496
3,C-14,6,0.000121,10000,11.616161616161618,10135.603740282224,1.2264080525741492
3,C-14,6,0.000121,10000,12.121212121212121,10027.509749106659,1.2133286796419058
3,C-14,6,0.000121,10000,12.626262626262626,9932.68324126289,1.2018546721928096
3,C-14,6,0.000121,10000,13.131313131313131,9881.247641674048,1.1956309646425598
3,C-14,6,0.000121,10000,13.636363636363637,10199.001112413685,1.2340791346020559
3,C-14,6,0.000121,10000,14.141414141414142,10277.89088912109,1.2436247975836519
3,C-14,6,0.000121,10000,14.646464646464647,9927.369152009376,1.2012116673931346
3,C-14,6,0.000121,10000,15.151515151515152,9894.44200875744,1.1972274830596503
3,C-14,6,0.000121,10000,15.656565656565657,10120.44315822877,1.2245736221456813
3,C-14,6,0.000121,10000,16.161616161616163,9853.67645506814,1.192294851063245
3,C-14,6,0.000121,10000,16.666666666666668,10100.345754201002,1.2221418362583212
3,C-14,6,0.000121,10000,17.171717171717173,10325.908672851812,1.2494349494150694
3,C-14,6,0.000121,10000,17.67676767676768,9895.245631090793,1.197324721361986
3,C-14,6,0.000121,10000,18.181818181818183,9982.91605473751,1.2079328426232387
3,C-14,6,0.000121,10000,18.68686868686869,10374.454281316888,1.2553089680393434
3,C-14,6,0.000121,10000,19.191919191919194,9902.344172768217,1.198183644904954
3,C-14,6,0.000121,10000,19.6969696969697,10004.335244355847,1.2105245645670575
3,C-14,6,0.000121,10000,20.202020202020204,9787.68219370306,1.1843095454380703
3,C-14,6,0.000121,10000,20.70707070707071,9834.76064540936,1.1900060380945325
3,C-14,6,0.000121,10000,21.212121212121215,9699.305745091498,1.1736159951560714
3,C-14,6,0.000121,10000,21.71717171717172,10557.271271903748,1.2774298239003534
3,C-14,6,0.000121,10000,22.222222222222225,10087.190565088824,1.2205500583757476
3,C-14,6,0.000121,10000,22.72727272727273,9963.387864912143,1.2055699316543693
3,C-14,6,0.000121,10000,23.232323232323235,9761.10897581306,1.1810941860733803
3,C-14,6,0.000121,10000,23.73737373737374,9607.427054896845,1.1624986736425182
3,C-14,6,0.000121,10000,24.242424242424242,10018.915692515391,1.2122887987943622
3,C-14,6,0.000121,10000,24.747474747474747,9941.156780291452,1.2028799704152657
3,C-14,6,0.000121,10000,25.252525252525253,10069.583306714267,1.2184195801124262
3,C-14,6,0.000121,10000,25.757575757575758,10106.916739346687,1.222936925460949
3,C-14,6,0.000121,10000,26.262626262626263,10170.085332804403,1.2305803252693328
3,C-14,6,0.000121,10000,26.767676767676768,9959.255361189651,1.2050698987039479
3,C-14,6,0.000121,10000,27.272727272727273,10091.046632825079,1.2210166425718345
3,C-14,6,0.000121,10000,27.77777777777778,9885.211580317438,1.19611060121841
3,C-14,6,0.000121,10000,28.282828282828284,9796.128761050553,1.185331580087117
3,C-14,6,0.000121,10000,28.78787878787879,9897.825801739298,1.197636922010455
3,C-14,6,0.000121,10000,29.292929292929294,10117.867697163938,1.2242619913568364
3,C-14,6,0.000121,10000,29.7979797979798,10084.87233554892,1.2202695526014193
3,C-14,6,0.000121,10000,30.303030303030305,9960.887077704236,1.2052673364022126
3,C-14,6,0.000121,10000,30.80808080808081,10027.037221895105,1.2132715038493078
3,C-14,6,0.000121,10000,31.313131313131315,10282.468638116601,1.2441787052121087
3,C-14,6,0.000121,10000,31.81818181818182,9602.477183367611,1.161899739187481
3,C-14,6,0.000121,10000,32.323232323232325,9710.931518581536,1.1750227137483658
3,C-14,6,0.000121,10000,32.82828282828283,9957.760148345884,1.204888977949852
3,C-14,6,0.000121,10000,33.333333333333336,10099.255546622433,1.2220099211413145
3,C-14,6,0.000121,10000,33.83838383838384,9916.26054119659,1.1998675254847875
3,C-14,6,0.000121,10000,34.343434343434346,10138.399349654932,1.2267463213082468
3,C-14,6,0.000121,10000,34.84848484848485,9358.965601252828,1.1324348377515923
3,C-14,6,0.000121,10000,35.35353535353536,9493.209722949383,1.1486783764768753
3,C-14,6,0.000121,10000,35.85858585858586,9843.636107042661,1.191079968952162
3,C-14,6,0.000121,10000,36.36363636363637,10487.21898889143,1.2689534976558632
3,C-14,6,0.000121,10000,36.86868686868687,9955.474638979578,1.204612431316529
3,C-14,6,0.000121,10000,37.37373737373738,9508.612771818438,1.150542145390031
3,C-14,6,0.000121,10000,37.87878787878788,9882.594866634887,1.1957939788628213
3,C-14,6,0.000121,10000,38.38383838383839,10076.58976613174,1.2192673617019405
3,C-14,6,0.000121,10000,38.88888888888889,10144.596027568552,1.2274961193357947
3,C-14,6,0.000121,10000,39.3939393939394,10046.10901831682,1.2155791912163352
3,C-14,6,0.000121,10000,39.8989898989899,9904.904864369128,1.1984934885886644
3,C-14,6,0.000121,10000,40.40404040404041,10086.326196275179,1.2204454697492966
3,C-14,6,0.000121,10000,40.909090909090914,10180.206657063885,1.23180500550473
3,C-14,6,0.000121,10000,41.41414141414142,9839.622249299378,1.1905942921652248
3,C-14,6,0.000121,10000,41.919191919191924,9924.811114116745,1.200902144808126
3,C-14,6,0.000121,10000,42.42424242424243,9921.718024819285,1.2005278810031335
3,C-14,6,0.000121,10000,42.929292929292934,9608.849027327211,1.1626707323065926
3,C-14,6,0.000121,10000,43.43434343434344,9697.480904181766,1.1733951894059937
3,C-14,6,0.000121,10000,43.939393939393945,9485.708349135883,1.1477707102454417
3,C-14,6,0.000121,10000,44.44444444444445,9963.143684210623,1.2055403857894853
3,C-14,6,0.000121,10000,44.949494949494955,9886.547023808567,1.1962721898808366
3,C-14,6,0.000121,10000,45.45454545454546,9877.716310417532,1.1952036735605214
3,C-14,6,0.000121,10000,45.959595959595966,9937.700641008307,1.2024617775620052
3,C-14,6,0.000121,10000,46.46464646464647,10047.207115587285,1.2157120609860614
3,C-14,6,0.000121,10000,46.969696969696976,9809.57357743582,1.1869584028697342
3,C-14,6,0.000121,10000,47.47474747474748,10176.097994893069,1.2313078573820613
3,C-14,6,0.000121,10000,47.979797979797986,9625.510142835006,1.1646867272830357
3,C-14,6,0.000121,10000,48.484848484848484,9938.791214202503,1.202593736918503
3,C-14,6,0.000121,10000,48.98989898989899,9921.344719438963,1.2004827110521146
3,C-14,6,0.000121,10000,49.494949494949495,10109.25058086172,1.2232193202842683
3,C-14,6,0.000121,10000,50.0,9841.282626586997,1.1907951978170266
3,I-131,53,0.086,10000,0.0,10213.746171667151,878.3821707633749
3,I-131,53,0.086,10000,0.5050505050505051,9530.168975567778,819.5945318988288
3,I-131,53,0.086,10000,1.0101010101010102,9149.307819802963,786.8404725030548
3,I-131,53,0.086,10000,1.5151515151515151,8752.120954367723,752.6824020756242
3,I-131,53,0.086,10000,2.0202020202020203,8522.528543882307,732.9374547738784
3,I-131,53,0.086,10000,2.5252525252525255,8185.238931450667,703.9305481047573
3,I-131,53,0.086,10000,3.0303030303030303,7612.643466368922,654.6873381077273
3,I-131,53,0.086,10000,3.5353535353535355,7170.405844099113,616.6549025925236
3,I-131,53,0.086,10000,4.040404040404041,6926.074795439414,595.6424324077896
3,I-131,53,0.086,10000,4.545454545454546,6786.763820740465,583.66168858368
3,I-131,53,0.086,10000,5.050505050505051,6474.741513612586,556.8277701706824
3,I-131,53,0.086,10000,5.555555555555556,6219.080110900728,534.8408895374625
3,I-131,53,0.086,10000,6.0606060606060606,5851.882042280026,503.2618556360822
3,I-131,53,0.086,10000,6.565656565656566,5776.096634303716,496.74431055011956
3,I-131,53,0.086,10000,7.070707070707071,5424.736209624926,466.5273140277436
3,I-131,53,0.086,10000,7.575757575757576,5042.266659411608,433.63493270939824
3,I-131,53,0.086,10000,8.080808080808081,5006.503548302003,430.5593051539722
3,I-131,53,0.086,10000,8.585858585858587,4831.177725446977,415.48128438844
3,I-131,53,0.086,10000,9.090909090909092,4588.889206760777,394.6444717814268
3,I-131,53,0.086,10000,9.595959595959597,4392.654006486952,377.7682445578779
3,I-131,53,0.086,10000,10.101010101010102,4214.080309882237,362.41090664987235
3,I-131,53,0.086,10000,10.606060606060607,3932.0623495958425,338.1573620652424
3,I-131,53,0.086,10000,11.111111111111112,3963.806152439849,340.88732910982696
3,I-131,53,0.086,10000,11.616161616161618,3658.4659106538634,314.6280683162322
3,I-131,53,0.086,10000,12.121212121212121,3629.4301859821026,312.1309959944608
3,I-131,53,0.086,10000,12.626262626262626,3338.701839025141,287.1283581561621
3,I-131,53,0.086,10000,13.131313131313131,3295.1152789303683,283.37991398801165
3,I-131,53,0.086,10000,13.636363636363637,3110.084551511693,267.46727143000555
3,I-131,53,0.086,10000,14.141414141414142,2969.6014610023226,255.38572564619972
3,I-131,53,0.086,10000,14.646464646464647,2784.4066551852047,239.45897234592758
3,I-131,53,0.086,10000,15.151515151515152,2782.5978055826463,239.30341128010755
3,I-131,53,0.086,10000,15.656565656565657,2623.383702789421,225.61099843989018
3,I-131,53,0.086,10000,16.161616161616163,2486.5083833606623,213.83972096901695
3,I-131,53,0.086,10000,16.666666666666668,2442.720356853792,210.0739506894261
3,I-131,53,0.086,10000,17.171717171717173,2287.7926690437885,196.7501695377658
3,I-131,53,0.086,10000,17.67676767676768,2283.319696265348,196.3654938788199
3,I-131,53,0.086,10000,18.181818181818183,2136.306291152522,183.72234103911688
3,I-131,53,0.086,10000,18.68686868686869,1991.480304435212,171.2673061814282
3,I-131,53,0.086,10000,19.191919191919194,1971.6784609862866,169.56434764482063
3,I-131,53,0.086,10000,19.6969696969697,1840.1775962159866,158.25527327457482
3,I-131,53,0.086,10000,20.202020202020204,1830.4198363040734,157.4161059221503
3,I-131,53,0.086,10000,20.70707070707071,1687.7712089773863,145.1483239720552
3,I-131,53,0.086,10000,21.212121212121215,1610.8423247955518,138.53243993241745
3,I-131,53,0.086,10000,21.71717171717172,1547.724716311792,133.1043256028141
3,I-131,53,0.086,10000,22.222222222222225,1490.9781237126404,128.22411863928707
3,I-131,53,0.086,10000,22.72727272727273,1460.1738190569808,125.57494843890035
3,I-131,53,0.086,10000,23.232323232323235,1364.0324467490339,117.3067904204169
3,I-131,53,0.086,10000,23.73737373737374,1295.6783394020756,111.4283371885785
3,I-131,53,0.086,10000,24.242424242424242,1230.9895822745646,105.86510407561255
3,I-131,53,0.086,10000,24.747474747474747,1209.121073202711,103.98441229543313
3,I-131,53,0.086,10000,25.252525252525253,1127.1801831879864,96.93749575416682
3,I-131,53,0.086,10000,25.757575757575758,1065.8572492864664,91.6637234386361
3,I-131,53,0.086,10000,26.262626262626263,1025.2889518537863,88.17484985942562
3,I-131,53,0.086,10000,26.767676767676768,991.2612443150936,85.24846701109804
3,I-131,53,0.086,10000,27.272727272727273,955.6521979332485,82.18608902225937
3,I-131,53,0.086,10000,27.77777777777778,936.6373337324344,80.55081070098935
3,I-131,53,0.086,10000,28.282828282828284,868.1852462216787,74.66393117506436
3,I-131,53,0.086,10000,28.78787878787879,861.1280677090315,74.0570138229767
3,I-131,53,0.086,10000,29.292929292929294,778.8713634982057,66.98293726084569
3,I-131,53,0.086,10000,29.7979797979798,811.6464632803076,69.80159584210645
3,I-131,53,0.086,10000,30.303030303030305,714.8244816083696,61.474905418319786
3,I-131,53,0.086,10000,30.80808080808081,709.6694769496709,61.03157501767169
3,I-131,53,0.086,10000,31.313131313131315,673.8786046725141,57.95356000183621
3,I-131,53,0.086,10000,31.81818181818182,637.8772013265055,54.85743931407947
3,I-131,53,0.086,10000,32.323232323232325,628.9047894468314,54.08581189242749
3,I-131,53,0.086,10000,32.82828282828283,606.6984581643987,52.17606740213829
3,I-131,53,0.086,10000,33.333333333333336,566.9233105658926,48.75540470866676
3,I-131,53,0.086,10000,33.83838383838384,557.8773697507139,47.97745379856139
3,I-131,53,0.086,10000,34.343434343434346,522.2181185856494,44.91075819836585
3,I-131,53,0.086,10000,34.84848484848485,488.75702659239977,42.033104286946376
3,I-131,53,0.086,10000,35.35353535353536,477.39838261610566,41.05626090498508
3,I-131,53,0.086,10000,35.85858585858586,453.0017650638618,38.958151795492114
3,I-131,53,0.086,10000,36.36363636363637,442.406807944874,38.046985483259164
3,I-131,53,0.086,10000,36.86868686868687,416.3881699179951,35.80938261294758
3,I-131,53,0.086,10000,37.37373737373738,401.3019723685679,34.511969623696835
3,I-131,53,0.086,10000,37.87878787878788,376.46248447230346,32.375773664618094
3,I-131,53,0.086,10000,38.38383838383839,376.3395916807265,32.36520488454248
3,I-131,53,0.086,10000,38.88888888888889,350.2887954701298,30.12483641043116
3,I-131,53,0.086,10000,39.3939393939394,330.5771183132363,28.429632174938323
3,I-131,53,0.086,10000,39.8989898989899,340.4671165045638,29.280172019392484
3,I-131,53,0.086,10000,40.40404040404041,300.94466921333856,25.881241552347113
3,I-131,53,0.086,10000,40.909090909090914,299.54240951795305,25.76064721854396
3,I-131,53,0.086,10000,41.41414141414142,271.64245295685475,23.361250954289506
3,I-131,53,0.086,10000,41.919191919191924,273.538221765843,23.524287071862496
3,I-131,53,0.086,10000,42.42424242424243,261.28473052547054,22.470486825190463
3,I-131,53,0.086,10000,42.929292929292934,247.98315952682574,21.326551719307012
3,I-131,53,0.086,10000,43.43434343434344,232.1392028791116,19.963971447603594
3,I-131,53,0.086,10000,43.939393939393945,224.5801703570148,19.313894650703272
3,I-131,53,0.086,10000,44.44444444444445,215.26189645345625,18.512523094997235
3,I-131,53,0.086,10000,44.949494949494955,204.57225263810486,17.593213726877018
3,I-131,53,0.086,10000,45.45454545454546,196.78396108535622,16.923420653340635
3,I-131,53,0.086,10000,45.959595959595966,197.57404711630235,16.991368052002002
3,I-131,53,0.086,10000,46.46464646464647,185.33676212585732,15.938961542823728
3,I-131,53,0.086,10000,46.969696969696976,180.76808795432464,15.546055564071917
3,I-131,53,0.086,10000,47.47474747474748,165.26282213669208,14.212602703755518
3,I-131,53,0.086,10000,47.979797979797986,160.0384759668184,13.763308933146382
3,I-131,53,0.086,10000,48.484848484848484,149.19953805802982,12.831160272990562
3,I-131,53,0.086,10000,48.98989898989899,144.47578655367954,12.424917643616439
3,I-131,53,0.086,10000,49.494949494949495,140.88379998184047,12.11600679843828
3,I-131,53,0.086,10000,50.0,134.54418569803747,11.57079997003122
3,Cs-137,55,0.023,10000,0.0,10355.470755104203,238.17582736739666
3,Cs-137,55,0.023,10000,0.5050505050505051,9905.870204781057,227.8350147099643
3,Cs-137,55,0.023,10000,1.0101010101010102,9718.552295787782,223.52670280311898
3,Cs-137,55,0.023,10000,1.5151515151515151,9746.26267067079,224.16404142542817
3,Cs-137,55,0.023,10000,2.0202020202020203,9551.114728180604,219.6756387481539
3,Cs-137,55,0.023,10000,2.5252525252525255,9230.848700012524,212.30952010028804
3,Cs-137,55,0.023,10000,3.0303030303030303,9209.827381378209,211.8260297716988
3,Cs-137,55,0.023,10000,3.5353535353535355,9476.99074957677,217.97078724026568
3,Cs-137,55,0.023,10000,4.040404040404041,9350.196680383613,215.0545236488231
3,Cs-137,55,0.023,10000,4.545454545454546,9053.678652219922,208.2346090010582
3,Cs-137,55,0.023,10000,5.050505050505051,9084.849123735446,208.95152984591527
3,Cs-137,55,0.023,10000,5.555555555555556,9089.639738203357,209.0617139786772
3,Cs-137,55,0.023,10000,6.0606060606060606,8622.002649846983,198.3060609464806
3,Cs-137,55,0.023,10000,6.565656565656566,8630.086351728294,198.49198608975075
3,Cs-137,55,0.023,10000,7.070707070707071,8536.669136922608,196.34339014922
3,Cs-137,55,0.023,10000,7.575757575757576,8262.012052649994,190.02627721094987
3,Cs-137,55,0.023,10000,8.080808080808081,8378.052719734396,192.6952125538911
3,Cs-137,55,0.023,10000,8.585858585858587,8020.26229453575,184.46603277432223
3,Cs-137,55,0.023,10000,9.090909090909092,8129.807902346216,186.98558175396298
3,Cs-137,55,0.023,10000,9.595959595959597,7976.384426838653,183.45684181728902
3,Cs-137,55,0.023,10000,10.101010101010102,7994.998117777444,183.88495670888122
3,Cs-137,55,0.023,10000,10.606060606060607,7623.034929364509,175.3298033753837
3,Cs-137,55,0.023,10000,11.111111111111112,7664.1442226396675,176.27531712071234
3,Cs-137,55,0.023,10000,11.616161616161618,7943.744135498714,182.70611511647041
3,Cs-137,55,0.023,10000,12.121212121212121,7546.596371892774,173.5717165535338
3,Cs-137,55,0.023,10000,12.626262626262626,7489.806837953704,172.2655572729352
3,Cs-137,55,0.023,10000,13.131313131313131,7294.2253669109905,167.76718343895277
3,Cs-137,55,0.023,10000,13.636363636363637,7314.478473480866,168.23300489005993
3,Cs-137,55,0.023,10000,14.141414141414142,7278.314389137686,167.40123095016676
3,Cs-137,55,0.023,10000,14.646464646464647,7072.115133477506,162.65864806998263
3,Cs-137,55,0.023,10000,15.151515151515152,7022.349349704565,161.51403504320498
3,Cs-137,55,0.023,10000,15.656565656565657,6952.83391667257,159.9151800834691
3,Cs-137,55,0.023,10000,16.161616161616163,6936.277494927062,159.53438238332242
3,Cs-137,55,0.023,10000,16.666666666666668,6969.965544151277,160.30920751547936
3,Cs-137,55,0.023,10000,17.171717171717173,6646.9538161612245,152.87993777170817
3,Cs-137,55,0.023,10000,17.67676767676768,6766.679596514236,155.63363071982744
3,Cs-137,55,0.023,10000,18.181818181818183,6688.350513467008,153.83206180974116
3,Cs-137,55,0.023,10000,18.68686868686869,6539.566089912894,150.41002006799656
3,Cs-137,55,0.023,10000,19.191919191919194,6570.390801000589,151.11898842301355
3,Cs-137,55,0.023,10000,19.6969696969697,6369.584226611749,146.5004372120702
3,Cs-137,55,0.023,10000,20.202020202020204,6297.121552467032,144.83379570674174
3,Cs-137,55,0.023,10000,20.70707070707071,6189.444738496752,142.35722898542528
3,Cs-137,55,0.023,10000,21.212121212121215,6106.07609796938,140.43975025329573
3,Cs-137,55,0.023,10000,21.71717171717172,6042.823041155878,138.9849299465852
3,Cs-137,55,0.023,10000,22.222222222222225,5775.052519344148,132.8262079449154
3,Cs-137,55,0.023,10000,22.72727272727273,6000.193983656144,138.0044616240913
3,Cs-137,55,0.023,10000,23.232323232323235,5822.767540122904,133.9236534228268
3,Cs-137,55,0.023,10000,23.73737373737374,5622.6777830530145,129.32158901021933
3,Cs-137,55,0.023,10000,24.242424242424242,5837.075328672466,134.25273255946672
3,Cs-137,55,0.023,10000,24.747474747474747,5549.398147343159,127.63615738889264
3,Cs-137,55,0.023,10000,25.252525252525253,5690.628967711265,130.8844662573591
3,Cs-137,55,0.023,10000,25.757575757575758,5447.837006742268,125.30025115507217
3,Cs-137,55,0.023,10000,26.262626262626263,5570.812229306373,128.12868127404658
3,Cs-137,55,0.023,10000,26.767676767676768,5608.052561746914,128.98520892017902
3,Cs-137,55,0.023,10000,27.272727272727273,5170.095603800963,118.91219888742214
3,Cs-137,55,0.023,10000,27.77777777777778,5251.868480976594,120.79297506246165
3,Cs-137,55,0.023,10000,28.282828282828284,5317.670969793388,122.30643230524794
3,Cs-137,55,0.023,10000,28.78787878787879,5186.4117227994975,119.28746962438844
3,Cs-137,55,0.023,10000,29.292929292929294,5126.718768665764,117.91453167931257
3,Cs-137,55,0.023,10000,29.7979797979798,5131.397194185742,118.02213546627206
3,Cs-137,55,0.023,10000,30.303030303030305,4902.3388423819815,112.75379337478557
3,Cs-137,55,0.023,10000,30.80808080808081,4797.060383532915,110.33238882125704
3,Cs-137,55,0.023,10000,31.313131313131315,4797.063650096408,110.3324639522174
3,Cs-137,55,0.023,10000,31.81818181818182,4938.6325561424,113.5885487912752
3,Cs-137,55,0.023,10000,32.323232323232325,4682.137364069521,107.68915937359898
3,Cs-137,55,0.023,10000,32.82828282828283,4555.58674128845,104.77849504963434
3,Cs-137,55,0.023,10000,33.333333333333336,4753.068813372513,109.32058270756781
3,Cs-137,55,0.023,10000,33.83838383838384,4544.900382978563,104.53270880850695
3,Cs-137,55,0.023,10000,34.343434343434346,4498.146230455765,103.4573633004826
3,Cs-137,55,0.023,10000,34.84848484848485,4361.414983573448,100.3125446221893
3,Cs-137,55,0.023,10000,35.35353535353536,4481.71455727094,103.07943481723161
3,Cs-137,55,0.023,10000,35.85858585858586,4433.2498080165815,101.96474558438138
3,Cs-137,55,0.023,10000,36.36363636363637,4285.131717173479,98.55802949499001
3,Cs-137,55,0.023,10000,36.86868686868687,4180.542519889649,96.15247795746193
3,Cs-137,55,0.023,10000,37.37373737373738,4073.1332044354795,93.68206370201602
3,Cs-137,55,0.023,10000,37.87878787878788,4231.980489381484,97.33555125577413
3,Cs-137,55,0.023,10000,38.38383838383839,4350.902490340082,100.0707572778219
3,Cs-137,55,0.023,10000,38.88888888888889,4121.406903769644,94.7923587867018
3,Cs-137,55,0.023,10000,39.3939393939394,4090.2966964710536,94.07682401883423
3,Cs-137,55,0.023,10000,39.8989898989899,4006.1683547605912,92.1418721594936
3,Cs-137,55,0.023,10000,40.40404040404041,3975.932724897575,91.44645267264423
3,Cs-137,55,0.023,10000,40.909090909090914,3884.5408043170464,89.34443849929207
3,Cs-137,55,0.023,10000,41.41414141414142,3880.3539416675208,89.24814065835298
3,Cs-137,55,0.023,10000,41.919191919191924,3752.018013946954,86.29641432077995
3,Cs-137,55,0.023,10000,42.42424242424243,3675.5419752911266,84.5374654316959
3,Cs-137,55,0.023,10000,42.929292929292934,3733.8267931416667,85.87801624225833
3,Cs-137,55,0.023,10000,43.43434343434344,3689.741916308995,84.86406407510688
3,Cs-137,55,0.023,10000,43.939393939393945,3554.485520436537,81.75316697004035
3,Cs-137,55,0.023,10000,44.44444444444445,3558.2646786971013,81.84008761003332
3,Cs-137,55,0.023,10000,44.949494949494955,3531.49263150933,81.22433052471459
3,Cs-137,55,0.023,10000,45.45454545454546,3565.644117147691,82.0098146943969
3,Cs-137,55,0.023,10000,45.959595959595966,3485.748199114449,80.17220857963233
3,Cs-137,55,0.023,10000,46.46464646464647,3423.078839318673,78.73081330432947
3,Cs-137,55,0.023,10000,46.969696969696976,3286.817222238608,75.59679611148798
3,Cs-137,55,0.023,10000,47.47474747474748,3373.8669194996596,77.59893914849216
3,Cs-137,55,0.023,10000,47.979797979797986,3352.0701361944753,77.09761313247293
3,Cs-137,55,0.023,10000,48.484848484848484,3422.7930791415106,78.72424082025474
3,Cs-137,55,0.023,10000,48.98989898989899,3269.7204036120866,75.203569283078
3,Cs-137,55,0.023,10000,49.494949494949495,3262.568433204109,75.0390739636945
3,Cs-137,55,0.023,10000,50.0,3225.493945458539,74.1863607455464
3,Co-60,27,0.131,10000,0.0,9637.459564970017,1262.5072030110723
3,Co-60,27,0.131,10000,0.5050505050505051,9336.46784244016,1223.077287359661
3,Co-60,27,0.131,10000,1.0101010101010102,8730.853966900864,1143.7418696640132
3,Co-60,27,0.131,10000,1.5151515151515151,8124.289500512836,1064.2819245671815
3,Co-60,27,0.131,10000,2.0202020202020203,7806.246360851827,1022.6182732715894
3,Co-60,27,0.131,10000,2.5252525252525255,7417.138899145944,971.6451957881187
3,Co-60,27,0.131,10000,3.0303030303030303,6599.229753182466,864.4990976669031
3,Co-60,27,0.131,10000,3.5353535353535355,6273.466163059301,821.8240673607685
3,Co-60,27,0.131,10000,4.040404040404041,5940.279539610664,778.176619688997
3,Co-60,27,0.131,10000,4.545454545454546,5427.163930349758,710.9584748758183
3,Co-60,27,0.131,10000,5.050505050505051,4941.733338378724,647.3670673276129
3,Co-60,27,0.131,10000,5.555555555555556,4809.036622472294,629.9837975438705
3,Co-60,27,0.131,10000,6.0606060606060606,4420.781241850268,579.1223426823851
3,Co-60,27,0.131,10000,6.565656565656566,4067.1535133012344,532.7971102424617
3,Co-60,27,0.131,10000,7.070707070707071,4031.7464885424934,528.1587899990667
3,Co-60,27,0.131,10000,7.575757575757576,3828.0169566976588,501.47022132739335
3,Co-60,27,0.131,10000,8.080808080808081,3506.162723382797,459.30731676314645
3,Co-60,27,0.131,10000,8.585858585858587,3274.3601708740316,428.9411823844982
3,Co-60,27,0.131,10000,9.090909090909092,3065.835706724221,401.62447758087296
3,Co-60,27,0.131,10000,9.595959595959597,2840.445825811631,372.0984031813237
3,Co-60,27,0.131,10000,10.101010101010102,2686.6526187412305,351.9514930551012
3,Co-60,27,0.131,10000,10.606060606060607,2485.718273297207,325.6290938019341
3,Co-60,27,0.131,10000,11.111111111111112,2297.6730996958436,300.99517606015553
3,Co-60,27,0.131,10000,11.616161616161618,2239.158074007031,293.32970769492107
3,Co-60,27,0.131,10000,12.121212121212121,2074.1895817941313,271.7188352150312
3,Co-60,27,0.131,10000,12.626262626262626,2014.4094029217733,263.8876317827523
3,Co-60,27,0.131,10000,13.131313131313131,1760.9887176009788,230.68952200572824
3,Co-60,27,0.131,10000,13.636363636363637,1627.2516932813849,213.16997181986142
3,Co-60,27,0.131,10000,14.141414141414142,1610.4946266184947,210.9747960870228
3,Co-60,27,0.131,10000,14.646464646464647,1464.907670772547,191.90290487120365
3,Co-60,27,0.131,10000,15.151515151515152,1411.2992111749882,184.88019666392344
3,Co-60,27,0.131,10000,15.656565656565657,1337.8517697217528,175.2585818335496
3,Co-60,27,0.131,10000,16.161616161616163,1170.670801036546,153.35787493578752
3,Co-60,27,0.131,10000,16.666666666666668,1107.3330338291562,145.06062743161948
3,Co-60,27,0.131,10000,17.171717171717173,1019.0654954283052,133.497579901108
3,Co-60,27,0.131,10000,17.67676767676768,984.0407296497172,128.90933558411294
3,Co-60,27,0.131,10000,18.181818181818183,910.5018334853512,119.27574018658102
3,Co-60,27,0.131,10000,18.68686868686869,831.1160513385588,108.8762027253512
3,Co-60,27,0.131,10000,19.191919191919194,810.9408083747959,106.23324589709827
3,Co-60,27,0.131,10000,19.6969696969697,776.930547040922,101.77790166236078
3,Co-60,27,0.131,10000,20.202020202020204,695.2583174546786,91.0788395865629
3,Co-60,27,0.131,10000,20.70707070707071,680.152137117566,89.09992996240115
3,Co-60,27,0.131,10000,21.212121212121215,629.7945706364407,82.50308875337373
3,Co-60,27,0.131,10000,21.71717171717172,580.6214541158441,76.06141048917559
3,Co-60,27,0.131,10000,22.222222222222225,532.6398229968539,69.77581681258786
3,Co-60,27,0.131,10000,22.72727272727273,504.5358450054479,66.09419569571368
3,Co-60,27,0.131,10000,23.232323232323235,497.0013996365959,65.10718335239407
3,Co-60,27,0.131,10000,23.73737373737374,442.71629027885774,57.99583402653037
3,Co-60,27,0.131,10000,24.242424242424242,422.38222555493184,55.332071547696074
3,Co-60,27,0.131,10000,24.747474747474747,388.74363387938854,50.9254160381999
3,Co-60,27,0.131,10000,25.252525252525253,357.82581922433525,46.87518231838792
3,Co-60,27,0.131,10000,25.757575757575758,347.164276770669,45.478520256957644
3,Co-60,27,0.131,10000,26.262626262626263,331.08957786385776,43.37273470016537
3,Co-60,27,0.131,10000,26.767676767676768,306.38841849490484,40.13688282283253
3,Co-60,27,0.131,10000,27.272727272727273,289.8278254077479,37.96744512841498
3,Co-60,27,0.131,10000,27.77777777777778,263.5670338665542,34.5272814365186
3,Co-60,27,0.131,10000,28.282828282828284,245.97716925373248,32.22300917223896
3,Co-60,27,0.131,10000,28.78787878787879,232.6712608588789,30.479935172513137
3,Co-60,27,0.131,10000,29.292929292929294,214.54173063379784,28.10496671302752
3,Co-60,27,0.131,10000,29.7979797979798,199.72205751793473,26.16358953484945
3,Co-60,27,0.131,10000,30.303030303030305,182.77346418035484,23.943323807626484
3,Co-60,27,0.131,10000,30.80808080808081,180.30405230839037,23.61983085239914
3,Co-60,27,0.131,10000,31.313131313131315,165.55664148338846,21.687920034323888
3,Co-60,27,0.131,10000,31.81818181818182,149.8443612818233,19.62961132791885
3,Co-60,27,0.131,10000,32.323232323232325,139.6236956345249,18.290704128122762
3,Co-60,27,0.131,10000,32.82828282828283,140.4224174062273,18.395336680215777
3,Co-60,27,0.131,10000,33.333333333333336,129.66544745270258,16.98617361630404
3,Co-60,27,0.131,10000,33.83838383838384,119.71942679031012,15.683244909530627
3,Co-60,27,0.131,10000,34.343434343434346,107.93956625943315,14.140083179985742
3,Co-60,27,0.131,10000,34.84848484848485,103.53183500414083,13.56267038554245
3,Co-60,27,0.131,10000,35.35353535353536,95.40868816682321,12.498538149853841
3,Co-60,27,0.131,10000,35.85858585858586,90.51813619055626,11.85787584096287
3,Co-60,27,0.131,10000,36.36363636363637,84.97499952108785,11.13172493726251
3,Co-60,27,0.131,10000,36.86868686868687,78.72261851424848,10.312663025366552
3,Co-60,27,0.131,10000,37.37373737373738,72.68314350386596,9.52149179900644
3,Co-60,27,0.131,10000,37.87878787878788,71.01457887747871,9.302909832949712
3,Co-60,27,0.131,10000,38.38383838383839,65.82713167388454,8.623354249278874
3,Co-60,27,0.131,10000,38.88888888888889,61.97971895296702,8.11934318283868
3,Co-60,27,0.131,10000,39.3939393939394,58.6846685377614,7.687691578446743
3,Co-60,27,0.131,10000,39.8989898989899,54.89333092973958,7.191026351795885
3,Co-60,27,0.131,10000,40.40404040404041,51.94234679671356,6.804447430369477
3,Co-60,27,0.131,10000,40.909090909090914,47.92308973531599,6.277924755326395
3,Co-60,27,0.131,10000,41.41414141414142,44.44392421148477,5.822154071704505
3,Co-60,27,0.131,10000,41.919191919191924,40.88017095321649,5.3553023948713605
3,Co-60,27,0.131,10000,42.42424242424243,37.5859936654677,4.923765170176268
3,Co-60,27,0.131,10000,42.929292929292934,36.53749672656129,4.786412071179528
3,Co-60,27,0.131,10000,43.43434343434344,33.601914456903856,4.401850793854405
3,Co-60,27,0.131,10000,43.939393939393945,32.899413463823365,4.309823163760861
3,Co-60,27,0.131,10000,44.44444444444445,29.31137982088643,3.8397907565361225
3,Co-60,27,0.131,10000,44.949494949494955,27.869766774891282,3.650939447510758
3,Co-60,27,0.131,10000,45.45454545454546,26.087911731714886,3.4175164368546502
3,Co-60,27,0.131,10000,45.959595959595966,23.56413423621088,3.086901584943625
3,Co-60,27,0.131,10000,46.46464646464647,22.3773986090794,2.9314392177894013
3,Co-60,27,0.131,10000,46.969696969696976,20.425128800691056,2.6756918728905283
3,Co-60,27,0.131,10000,47.47474747474748,20.01783266781058,2.622336079483186
3,Co-60,27,0.131,10000,47.979797979797986,18.70355287614686,2.4501654267752384
3,Co-60,27,0.131,10000,48.484848484848484,17.700465312746825,2.318760955969834
3,Co-60,27,0.131,10000,48.98989898989899,16.087677758364453,2.1074857863457432
3,Co-60,27,0.131,10000,49.494949494949495,14.955568938295425,1.9591795309167008
3,Co-60,27,0.131,10000,50.0,14.209067214394144,1.861387805085633
3,Sr-90,38,0.024,10000,0.0,10082.6511942095,241.983628661028
3,Sr-90,38,0.024,10000,0.5050505050505051,9665.530305241715,231.97272732580117
3,Sr-90,38,0.024,10000,1.0101010101010102,9835.031239261887,236.0407497422853
3,Sr-90,38,0.024,10000,1.5151515151515151,9737.444977953692,233.6986794708886
3,Sr-90,38,0.024,10000,2.0202020202020203,9683.016210816388,232.3923890595933
3,Sr-90,38,0.024,10000,2.5252525252525255,9344.650497014394,224.27161192834546
3,Sr-90,38,0.024,10000,3.0303030303030303,9314.749004902016,223.5539761176484
3,Sr-90,38,0.024,10000,3.5353535353535355,9412.227647680691,225.89346354433658
3,Sr-90,38,0.024,10000,4.040404040404041,8948.779105440755,214.77069853057813
3,Sr-90,38,0.024,10000,4.545454545454546,8959.630782099483,215.0311387703876
3,Sr-90,38,0.024,10000,5.050505050505051,9213.866434986076,221.13279443966582
3,Sr-90,38,0.024,10000,5.555555555555556,8804.951896485865,211.31884551566077
3,Sr-90,38,0.024,10000,6.0606060606060606,8809.408306662086,211.42579935989008
3,Sr-90,38,0.024,10000,6.565656565656566,8593.455433298686,206.24293039916847
3,Sr-90,38,0.024,10000,7.070707070707071,8609.159535093313,206.6198288422395
3,Sr-90,38,0.024,10000,7.575757575757576,8418.349901634443,202.04039763922663
3,Sr-90,38,0.024,10000,8.080808080808081,8200.9306806054,196.82233633452958
3,Sr-90,38,0.024,10000,8.585858585858587,8098.729640158239,194.36951136379773
3,Sr-90,38,0.024,10000,9.090909090909092,8003.063576938634,192.07352584652722
3,Sr-90,38,0.024,10000,9.595959595959597,8047.424036489239,193.13817687574175
3,Sr-90,38,0.024,10000,10.101010101010102,7851.057010593354,188.4253682542405
3,Sr-90,38,0.024,10000,10.606060606060607,7750.092793396612,186.0022270415187
3,Sr-90,38,0.024,10000,11.111111111111112,7671.606431533619,184.11855435680687
3,Sr-90,38,0.024,10000,11.616161616161618,7608.546696426369,182.60512071423284
3,Sr-90,38,0.024,10000,12.121212121212121,7709.568039395673,185.02963294549616
3,Sr-90,38,0.024,10000,12.626262626262626,7248.897111324493,173.97353067178784
3,Sr-90,38,0.024,10000,13.131313131313131,7454.1851000790975,178.90044240189835
3,Sr-90,38,0.024,10000,13.636363636363637,7147.419760454017,171.53807425089641
3,Sr-90,38,0.024,10000,14.141414141414142,7074.293389107769,169.78304133858646
3,Sr-90,38,0.024,10000,14.646464646464647,7015.34353047271,168.36824473134504
3,Sr-90,38,0.024,10000,15.151515151515152,6763.113029364589,162.31471270475015
3,Sr-90,38,0.024,10000,15.656565656565657,6780.489767036659,162.73175440887982
3,Sr-90,38,0.024,10000,16.161616161616163,6766.5081082729575,162.39619459855098
3,Sr-90,38,0.024,10000,16.666666666666668,6623.194971510011,158.95667931624027
3,Sr-90,38,0.024,10000,17.171717171717173,6794.236895720806,163.06168549729935
3,Sr-90,38,0.024,10000,17.67676767676768,6434.810344981693,154.43544827956063
3,Sr-90,38,0.024,10000,18.181818181818183,6442.204518304308,154.6129084393034
3,Sr-90,38,0.024,10000,18.68686868686869,6308.8033713677905,151.41128091282698
3,Sr-90,38,0.024,10000,19.191919191919194,6466.900010901549,155.2056002616372
3,Sr-90,38,0.024,10000,19.6969696969697,6065.598625991977,145.57436702380747
3,Sr-90,38,0.024,10000,20.202020202020204,6209.046410781598,149.01711385875836
3,Sr-90,38,0.024,10000,20.70707070707071,6229.342459187437,149.5042190204985
3,Sr-90,38,0.024,10000,21.212121212121215,6179.635070520482,148.31124169249156
3,Sr-90,38,0.024,10000,21.71717171717172,5959.010679405205,143.01625630572494
3,Sr-90,38,0.024,10000,22.222222222222225,6069.246071519491,145.6619057164678
3,Sr-90,38,0.024,10000,22.72727272727273,5685.467764623874,136.45122635097297
3,Sr-90,38,0.024,10000,23.232323232323235,5662.788864291009,135.90693274298422
3,Sr-90,38,0.024,10000,23.73737373737374,5595.972728418992,134.30334548205582
3,Sr-90,38,0.024,10000,24.242424242424242,5617.56977434815,134.8216745843556
3,Sr-90,38,0.024,10000,24.747474747474747,5288.038064795513,126.9129135550923
3,Sr-90,38,0.024,10000,25.252525252525253,5558.439738440031,133.40255372256075
3,Sr-90,38,0.024,10000,25.757575757575758,5521.946781910366,132.52672276584877
3,Sr-90,38,0.024,10000,26.262626262626263,5293.616484007232,127.04679561617358
3,Sr-90,38,0.024,10000,26.767676767676768,5392.523141014072,129.42055538433775
3,Sr-90,38,0.024,10000,27.272727272727273,5256.415983548505,126.15398360516413
3,Sr-90,38,0.024,10000,27.77777777777778,5033.86235755909,120.81269658141817
3,Sr-90,38,0.024,10000,28.282828282828284,5002.21207797861,120.05308987148665
3,Sr-90,38,0.024,10000,28.78787878787879,4960.360171838794,119.04864412413104
3,Sr-90,38,0.024,10000,29.292929292929294,4983.379772664413,119.60111454394593
3,Sr-90,38,0.024,10000,29.7979797979798,4983.191605664814,119.59659853595555
3,Sr-90,38,0.024,10000,30.303030303030305,4897.196940661411,117.53272657587387
3,Sr-90,38,0.024,10000,30.80808080808081,4714.80732603044,113.15537582473056
3,Sr-90,38,0.024,10000,31.313131313131315,4727.159014944649,113.45181635867158
3,Sr-90,38,0.024,10000,31.81818181818182,4602.542318410894,110.46101564186147
3,Sr-90,38,0.024,10000,32.323232323232325,4749.230162457599,113.98152389898239
3,Sr-90,38,0.024,10000,32.82828282828283,4513.116037176854,108.31478489224449
3,Sr-90,38,0.024,10000,33.333333333333336,4487.234933507867,107.69363840418882
3,Sr-90,38,0.024,10000,33.83838383838384,4413.992265115007,105.93581436276018
3,Sr-90,38,0.024,10000,34.343434343434346,4280.457319585134,102.73097567004322
3,Sr-90,38,0.024,10000,34.84848484848485,4325.983496069887,103.8236039056773
3,Sr-90,38,0.024,10000,35.35353535353536,4350.99290028708,104.42382960688992
3,Sr-90,38,0.024,10000,35.85858585858586,4214.614728908539,101.15075349380494
3,Sr-90,38,0.024,10000,36.36363636363637,4040.1415095226635,96.96339622854393
3,Sr-90,38,0.024,10000,36.86868686868687,4110.543941651681,98.65305459964034
3,Sr-90,38,0.024,10000,37.37373737373738,4020.050227267916,96.48120545442998
3,Sr-90,38,0.024,10000,37.87878787878788,4033.1212234445843,96.79490936267003
3,Sr-90,38,0.024,10000,38.38383838383839,4057.2124377934433,97.37309850704264
3,Sr-90,38,0.024,10000,38.88888888888889,3877.337111287167,93.056090670892
3,Sr-90,38,0.024,10000,39.3939393939394,3872.9463575303016,92.95071258072724
3,Sr-90,38,0.024,10000,39.8989898989899,3841.7812803784077,92.20275072908179
3,Sr-90,38,0.024,10000,40.40404040404041,3683.7049796308743,88.40891951114098
3,Sr-90,38,0.024,10000,40.909090909090914,3772.737222561336,90.54569334147206
3,Sr-90,38,0.024,10000,41.41414141414142,3679.3832849959476,88.30519883990274
3,Sr-90,38,0.024,10000,41.919191919191924,3586.629753652662,86.0791140876639
3,Sr-90,38,0.024,10000,42.42424242424243,3515.279205457197,84.36670093097273
3,Sr-90,38,0.024,10000,42.929292929292934,3565.954425497218,85.58290621193323
3,Sr-90,38,0.024,10000,43.43434343434344,3583.850217472906,86.01240521934974
3,Sr-90,38,0.024,10000,43.939393939393945,3517.7150312899303,84.42516075095833
3,Sr-90,38,0.024,10000,44.44444444444445,3360.4523233295586,80.6508557599094
3,Sr-90,38,0.024,10000,44.949494949494955,3376.8801701265606,81.04512408303745
3,Sr-90,38,0.024,10000,45.45454545454546,3389.924950634419,81.35819881522606
3,Sr-90,38,0.024,10000,45.959595959595966,3397.809130578256,81.54741913387814
3,Sr-90,38,0.024,10000,46.46464646464647,3377.515038701471,81.06036092883531
3,Sr-90,38,0.024,10000,46.969696969696976,3253.1431943586776,78.07543666460826
3,Sr-90,38,0.024,10000,47.47474747474748,3269.0087022611483,78.45620885426756
3,Sr-90,38,0.024,10000,47.979797979797986,3073.090456164885,73.75417094795723
3,Sr-90,38,0.024,10000,48.484848484848484,3155.2565021095315,75.72615605062876
3,Sr-90,38,0.024,10000,48.98989898989899,3184.1309189700287,76.41914205528069
3,Sr-90,38,0.024,10000,49.494949494949495,3046.1457647155066,73.10749835317216
3,Sr-90,38,0.024,10000,50.0,3094.8272470423926,74.27585392901743
3,Po-210,84,0.005,10000,0.0,10271.120825705844,51.35560412852922
3,Po-210,84,0.005,10000,0.5050505050505051,10099.528945783175,50.49764472891587
3,Po-210,84,0.005,10000,1.0101010101010102,10283.034464962562,51.415172324812815
3,Po-210,84,0.005,10000,1.5151515151515151,9866.927465080673,49.334637325403364
3,Po-210,84,0.005,10000,2.0202020202020203,9854.159543040263,49.27079771520132
3,Po-210,84,0.005,10000,2.5252525252525255,10175.634515218348,50.87817257609174
3,Po-210,84,0.005,10000,3.0303030303030303,9926.295394809486,49.63147697404743
3,Po-210,84,0.005,10000,3.5353535353535355,9580.5522748746,47.90276137437301
3,Po-210,84,0.005,10000,4.040404040404041,9805.318136769778,49.026590683848895
3,Po-210,84,0.005,10000,4.545454545454546,10357.8931155371,51.7894655776855
3,Po-210,84,0.005,10000,5.050505050505051,9288.689697981532,46.44344848990766
3,Po-210,84,0.005,10000,5.555555555555556,9983.239162740121,49.916195813700604
3,Po-210,84,0.005,10000,6.0606060606060606,9602.816624864623,48.014083124323115
3,Po-210,84,0.005,10000,6.565656565656566,9779.321705547765,48.89660852773883
3,Po-210,84,0.005,10000,7.070707070707071,9811.951424936833,49.05975712468417
3,Po-210,84,0.005,10000,7.575757575757576,9368.634421694005,46.84317210847003
3,Po-210,84,0.005,10000,8.080808080808081,9304.728301353365,46.52364150676683
3,Po-210,84,0.005,10000,8.585858585858587,9413.12864245515,47.06564321227575
3,Po-210,84,0.005,10000,9.090909090909092,9536.932223793488,47.68466111896744
3,Po-210,84,0.005,10000,9.595959595959597,9210.794207241996,46.05397103620998
3,Po-210,84,0.005,10000,10.101010101010102,9632.278909425546,48.16139454712773
3,Po-210,84,0.005,10000,10.606060606060607,9595.841475644575,47.979207378222874
3,Po-210,84,0.005,10000,11.111111111111112,9516.037268828344,47.58018634414172
3,Po-210,84,0.005,10000,11.616161616161618,9478.157138189836,47.39078569094918
3,Po-210,84,0.005,10000,12.121212121212121,9163.675422009937,45.81837711004969
3,Po-210,84,0.005,10000,12.626262626262626,9328.88636951155,46.644431847557755
3,Po-210,84,0.005,10000,13.131313131313131,9372.32999186436,46.8616499593218
3,Po-210,84,0.005,10000,13.636363636363637,9485.413304936284,47.42706652468142
3,Po-210,84,0.005,10000,14.141414141414142,9341.755887926323,46.70877943963162
3,Po-210,84,0.005,10000,14.646464646464647,9603.735388866704,48.01867694433352
3,Po-210,84,0.005,10000,15.151515151515152,9386.186808156286,46.93093404078143
3,Po-210,84,0.005,10000,15.656565656565657,9257.119188012632,46.28559594006316
3,Po-210,84,0.005,10000,16.161616161616163,9307.162944120775,46.535814720603874
3,Po-210,84,0.005,10000,16.666666666666668,9497.581024161584,47.487905120807916
3,Po-210,84,0.005,10000,17.171717171717173,8970.414232259662,44.85207116129831
3,Po-210,84,0.005,10000,17.67676767676768,9088.169519735082,45.44084759867541
3,Po-210,84,0.005,10000,18.181818181818183,9067.146537843171,45.33573268921586
3,Po-210,84,0.005,10000,18.68686868686869,8985.7930749526,44.928965374763
3,Po-210,84,0.005,10000,19.191919191919194,8911.196498457073,44.55598249228537
3,Po-210,84,0.005,10000,19.6969696969697,9170.465858127167,45.852329290635836
3,Po-210,84,0.005,10000,20.202020202020204,8956.661164448045,44.78330582224023
3,Po-210,84,0.005,10000,20.70707070707071,9126.639675136343,45.633198375681715
3,Po-210,84,0.005,10000,21.212121212121215,8910.877726893872,44.55438863446936
3,Po-210,84,0.005,10000,21.71717171717172,8744.586717989434,43.72293358994717
3,Po-210,84,0.005,10000,22.222222222222225,9162.805129093416,45.81402564546708
3,Po-210,84,0.005,10000,22.72727272727273,9246.870943670721,46.23435471835361
3,Po-210,84,0.005,10000,23.232323232323235,8943.32092173415,44.71660460867075
3,Po-210,84,0.005,10000,23.73737373737374,8973.76738179796,44.8688369089898
3,Po-210,84,0.005,10000,24.242424242424242,9166.161968469027,45.83080984234513
3,Po-210,84,0.005,10000,24.747474747474747,8926.009152958868,44.63004576479434
3,Po-210,84,0.005,10000,25.252525252525253,9019.202586093134,45.09601293046567
3,Po-210,84,0.005,10000,25.757575757575758,8916.993776893314,44.58496888446657
3,Po-210,84,0.005,10000,26.262626262626263,9000.94026671576,45.004701333578794
3,Po-210,84,0.005,10000,26.767676767676768,8801.74167587079,44.00870837935395
3,Po-210,84,0.005,10000,27.272727272727273,8777.418141095866,43.88709070547933
3,Po-210,84,0.005,10000,27.77777777777778,8809.195838368973,44.045979191844864
3,Po-210,84,0.005,10000,28.282828282828284,8446.98083076235,42.23490415381175
3,Po-210,84,0.005,10000,28.78787878787879,8508.154327102717,42.540771635513586
3,Po-210,84,0.005,10000,29.292929292929294,8872.68437158008,44.363421857900406
3,Po-210,84,0.005,10000,29.7979797979798,8860.57910232122,44.3028955116061
3,Po-210,84,0.005,10000,30.303030303030305,8668.02173852394,43.3401086926197
3,Po-210,84,0.005,10000,30.80808080808081,8409.157273491328,42.04578636745664
3,Po-210,84,0.005,10000,31.313131313131315,8756.445181255422,43.78222590627711
3,Po-210,84,0.005,10000,31.81818181818182,8542.822296789513,42.71411148394756
3,Po-210,84,0.005,10000,32.323232323232325,8308.552914191252,41.54276457095626
3,Po-210,84,0.005,10000,32.82828282828283,8591.371597314583,42.95685798657291
3,Po-210,84,0.005,10000,33.333333333333336,8615.912375310749,43.07956187655375
3,Po-210,84,0.005,10000,33.83838383838384,8591.417361825106,42.957086809125535
3,Po-210,84,0.005,10000,34.343434343434346,8370.026541090208,41.850132705451045
3,Po-210,84,0.005,10000,34.84848484848485,8313.62894104729,41.56814470523645
3,Po-210,84,0.005,10000,35.35353535353536,8160.719421065841,40.8035971053292
3,Po-210,84,0.005,10000,35.85858585858586,8612.644841628851,43.063224208144256
3,Po-210,84,0.005,10000,36.36363636363637,8373.023941289324,41.86511970644662
3,Po-210,84,0.005,10000,36.86868686868687,8577.05701119183,42.88528505595915
3,Po-210,84,0.005,10000,37.37373737373738,8252.571471085947,41.26285735542973
3,Po-210,84,0.005,10000,37.87878787878788,8557.842629590947,42.78921314795473
3,Po-210,84,0.005,10000,38.38383838383839,7953.164915864044,39.76582457932022
3,Po-210,84,0.005,10000,38.88888888888889,8259.839897045289,41.299199485226445
3,Po-210,84,0.005,10000,39.3939393939394,8078.6063190819905,40.39303159540995
3,Po-210,84,0.005,10000,39.8989898989899,8092.269021265062,40.46134510632531
3,Po-210,84,0.005,10000,40.40404040404041,7953.846000519479,39.769230002597396
3,Po-210,84,0.005,10000,40.909090909090914,8045.174695249546,40.22587347624773
3,Po-210,84,0.005,10000,41.41414141414142,8439.991660161826,42.19995830080913
3,Po-210,84,0.005,10000,41.919191919191924,8017.721098634212,40.08860549317106
3,Po-210,84,0.005,10000,42.42424242424243,8263.781660901825,41.31890830450912
3,Po-210,84,0.005,10000,42.929292929292934,7753.295587284323,38.766477936421616
3,Po-210,84,0.005,10000,43.43434343434344,8440.851739045685,42.204258695228425
3,Po-210,84,0.005,10000,43.939393939393945,8024.8450611758935,40.12422530587947
3,Po-210,84,0.005,10000,44.44444444444445,8153.473697465157,40.76736848732578
3,Po-210,84,0.005,10000,44.949494949494955,8185.206381117811,40.926031905589056
3,Po-210,84,0.005,10000,45.45454545454546,7875.67393942348,39.3783696971174
3,Po-210,84,0.005,10000,45.959595959595966,8014.472741836303,40.072363709181516
3,Po-210,84,0.005,10000,46.46464646464647,7883.893576437188,39.41946788218594
3,Po-210,84,0.005,10000,46.969696969696976,7798.808329450794,38.99404164725397
3,Po-210,84,0.005,10000,47.47474747474748,7644.4503534069545,38.22225176703477
3,Po-210,84,0.005,10000,47.979797979797986,7851.122823439879,39.25561411719939
3,Po-210,84,0.005,10000,48.484848484848484,7964.4171218701,39.8220856093505
3,Po-210,84,0.005,10000,48.98989898989899,7972.9030080534185,39.864515040267094
3,Po-210,84,0.005,10000,49.494949494949495,7843.523906418868,39.21761953209434
3,Po-210,84,0.005,10000,50.0,7852.555754973362,39.26277877486681
3,Rn-222,86,0.181,10000,0.0,10061.94476498626,1821.2120024625128
3,Rn-222,86,0.181,10000,0.5050505050505051,8991.790351804959,1627.5140536766976
3,Rn-222,86,0.181,10000,1.0101010101010102,8073.088138881742,1461.2289531375952
3,Rn-222,86,0.181,10000,1.5151515151515151,7515.998395301243,1360.395709549525
3,Rn-222,86,0.181,10000,2.0202020202020203,6715.480853949607,1215.5020345648788
3,Rn-222,86,0.181,10000,2.5252525252525255,6435.745831091884,1164.869995427631
3,Rn-222,86,0.181,10000,3.0303030303030303,6066.174816658971,1097.9776418152737
3,Rn-222,86,0.181,10000,3.5353535353535355,5380.176377535358,973.8119243338998
3,Rn-222,86,0.181,10000,4.040404040404041,4785.695308437042,866.2108508271045
3,Rn-222,86,0.181,10000,4.545454545454546,4393.788744403075,795.2757627369565
3,Rn-222,86,0.181,10000,5.050505050505051,4101.118714796688,742.3024873782006
3,Rn-222,86,0.181,10000,5.555555555555556,3614.445419908096,654.2146210033653
3,Rn-222,86,0.181,10000,6.0606060606060606,3347.690192183128,605.9319247851462
3,Rn-222,86,0.181,10000,6.565656565656566,2914.889295442429,527.5949624750797
3,Rn-222,86,0.181,10000,7.070707070707071,2718.833205124755,492.1088101275806
3,Rn-222,86,0.181,10000,7.575757575757576,2509.0903553581506,454.14535431982523
3,Rn-222,86,0.181,10000,8.080808080808081,2345.746944705172,424.58019699163617
3,Rn-222,86,0.181,10000,8.585858585858587,2081.4663617158176,376.745411470563
3,Rn-222,86,0.181,10000,9.090909090909092,1953.1125097482218,353.5133642644281
3,Rn-222,86,0.181,10000,9.595959595959597,1767.1585846320347,319.8557038183983
3,Rn-222,86,0.181,10000,10.101010101010102,1666.648177354902,301.6633201012372
3,Rn-222,86,0.181,10000,10.606060606060607,1434.968807787513,259.72935420953985
3,Rn-222,86,0.181,10000,11.111111111111112,1284.348385241072,232.46705772863402
3,Rn-222,86,0.181,10000,11.616161616161618,1161.9297702693502,210.30928841875237
3,Rn-222,86,0.181,10000,12.121212121212121,1111.4550423438009,201.17336266422794
3,Rn-222,86,0.181,10000,12.626262626262626,1040.8040670472972,188.38553613556078
3,Rn-222,86,0.181,10000,13.131313131313131,931.943612132182,168.68179379592493
3,Rn-222,86,0.181,10000,13.636363636363637,858.5473318572965,155.39706706617068
3,Rn-222,86,0.181,10000,14.141414141414142,772.5936253196749,139.83944618286114
3,Rn-222,86,0.181,10000,14.646464646464647,709.1499589578929,128.3561425713786
3,Rn-222,86,0.181,10000,15.151515151515152,624.6666353569228,113.06466099960302
3,Rn-222,86,0.181,10000,15.656565656565657,610.5873020875654,110.51630167784933
3,Rn-222,86,0.181,10000,16.161616161616163,541.687917941669,98.04551314744208
3,Rn-222,86,0.181,10000,16.666666666666668,476.7563626114269,86.29290163266826
3,Rn-222,86,0.181,10000,17.171717171717173,429.31688320733343,77.70635586052735
3,Rn-222,86,0.181,10000,17.67676767676768,412.1759637118941,74.60384943185284
3,Rn-222,86,0.181,10000,18.181818181818183,371.3861745230875,67.22089758867884
3,Rn-222,86,0.181,10000,18.68686868686869,337.7606038402833,61.13466929509127
3,Rn-222,86,0.181,10000,19.191919191919194,318.8990021328593,57.720719386047534
3,Rn-222,86,0.181,10000,19.6969696969697,279.709440653557,50.62740875829382
3,Rn-222,86,0.181,10000,20.202020202020204,253.8216056789678,45.94171062789317
3,Rn-222,86,0.181,10000,20.70707070707071,239.06740522001263,43.27120034482228
3,Rn-222,86,0.181,10000,21.212121212121215,217.67248370920242,39.39871955136564
3,Rn-222,86,0.181,10000,21.71717171717172,191.21306445415132,34.609564666201386
3,Rn-222,86,0.181,10000,22.222222222222225,181.95937858149622,32.93464752325082
3,Rn-222,86,0.181,10000,22.72727272727273,169.89367158326166,30.75075455657036
3,Rn-222,86,0.181,10000,23.232323232323235,148.19907215865885,26.82403206071725
3,Rn-222,86,0.181,10000,23.73737373737374,134.51141153687203,24.346565488173837
3,Rn-222,86,0.181,10000,24.242424242424242,122.46312121344573,22.165824939633676
3,Rn-222,86,0.181,10000,24.747474747474747,115.34553341466892,20.877541548055074
3,Rn-222,86,0.181,10000,25.252525252525253,105.34552073440659,19.06753925292759
3,Rn-222,86,0.181,10000,25.757575757575758,92.36443145104255,16.7179620926387
3,Rn-222,86,0.181,10000,26.262626262626263,88.1735322708871,15.959409341030563
3,Rn-222,86,0.181,10000,26.767676767676768,80.68735632104331,14.604411494108838
3,Rn-222,86,0.181,10000,27.272727272727273,72.22970832889548,13.073577207530082
3,Rn-222,86,0.181,10000,27.77777777777778,62.66886635126183,11.343064809578392
3,Rn-222,86,0.181,10000,28.282828282828284,60.75635832586369,10.996900856981327
3,Rn-222,86,0.181,10000,28.78787878787879,52.80963214196652,9.558543417695939
3,Rn-222,86,0.181,10000,29.292929292929294,50.55229689054122,9.14996573718796
3,Rn-222,86,0.181,10000,29.7979797979798,46.38556924134532,8.395788032683503
3,Rn-222,86,0.181,10000,30.303030303030305,42.2867893802238,7.653908877820508
3,Rn-222,86,0.181,10000,30.80808080808081,35.88619335325858,6.495400996939802
3,Rn-222,86,0.181,10000,31.313131313131315,34.055580552255414,6.1640600799582295
3,Rn-222,86,0.181,10000,31.81818181818182,32.00814017755758,5.793473372137922
3,Rn-222,86,0.181,10000,32.323232323232325,28.737160933225773,5.201426128913865
3,Rn-222,86,0.181,10000,32.82828282828283,25.468652953949572,4.609826184664873
3,Rn-222,86,0.181,10000,33.333333333333336,23.764784251312307,4.301425949487528
3,Rn-222,86,0.181,10000,33.83838383838384,21.878076409908157,3.9599318301933764
3,Rn-222,86,0.181,10000,34.343434343434346,19.28518289779158,3.4906181045002755
3,Rn-222,86,0.181,10000,34.84848484848485,18.846127156979353,3.4111490154132627
3,Rn-222,86,0.181,10000,35.35353535353536,16.90220472929748,3.059299056002844
3,Rn-222,86,0.181,10000,35.85858585858586,15.224699816999694,2.7556706668769446
3,Rn-222,86,0.181,10000,36.36363636363637,13.649512747802858,2.470561807352317
3,Rn-222,86,0.181,10000,36.86868686868687,12.56391789176975,2.2740691384103244
3,Rn-222,86,0.181,10000,37.37373737373738,11.387763949336351,2.0611852748298793
3,Rn-222,86,0.181,10000,37.87878787878788,10.321778796057181,1.8682419620863497
3,Rn-222,86,0.181,10000,38.38383838383839,9.63922318314768,1.74469939614973
3,Rn-222,86,0.181,10000,38.88888888888889,8.964550925799847,1.6225837175697722
3,Rn-222,86,0.181,10000,39.3939393939394,7.974341889996271,1.443355882089325
3,Rn-222,86,0.181,10000,39.8989898989899,7.245233050459735,1.311387182133212
3,Rn-222,86,0.181,10000,40.40404040404041,6.691078667500312,1.2110852388175564
3,Rn-222,86,0.181,10000,40.909090909090914,6.179934015615528,1.1185680568264105
3,Rn-222,86,0.181,10000,41.41414141414142,5.49496671392153,0.9945889752197968
3,Rn-222,86,0.181,10000,41.919191919191924,4.928112433891345,0.8919883505343333
3,Rn-222,86,0.181,10000,42.42424242424243,4.7128152833036525,0.853019566277961
3,Rn-222,86,0.181,10000,42.929292929292934,4.106318217205662,0.7432435973142248
3,Rn-222,86,0.181,10000,43.43434343434344,3.8937282813178697,0.7047648189185344
3,Rn-222,86,0.181,10000,43.939393939393945,3.509203325770726,0.6351658019645013
3,Rn-222,86,0.181,10000,44.44444444444445,3.1512687004138127,0.5703796347749001
3,Rn-222,86,0.181,10000,44.949494949494955,3.009721452072876,0.5447595828251905
3,Rn-222,86,0.181,10000,45.45454545454546,2.725955896340298,0.4933980172375939
3,Rn-222,86,0.181,10000,45.959595959595966,2.4672814069425724,0.44657793465660556
3,Rn-222,86,0.181,10000,46.46464646464647,2.2456631878100244,0.4064650369936144
3,Rn-222,86,0.181,10000,46.969696969696976,2.0509225017803474,0.37121697282224286
3,Rn-222,86,0.181,10000,47.47474747474748,1.8176482078354594,0.3289943256182182
3,Rn-222,86,0.181,10000,47.979797979797986,1.6731254740998842,0.30283571081207905
3,Rn-222,86,0.181,10000,48.484848484848484,1.4936339921207356,0.27034775257385313
3,Rn-222,86,0.181,10000,48.98989898989899,1.4176453485183846,0.25659380808182763
3,Rn-222,86,0.181,10000,49.494949494949495,1.323147723841115,0.2394897380152418
3,Rn-222,86,0.181,10000,50.0,1.1649015156799285,0.21084717433806704
3,Pu-239,94,0.0029,10000,0.0,10047.498518464266,29.137745703546372
3,Pu-239,94,0.0029,10000,0.5050505050505051,9878.969168110978,28.649010587521833
3,Pu-239,94,0.0029,10000,1.0101010101010102,9876.789604904769,28.64268985422383
3,Pu-239,94,0.0029,10000,1.5151515151515151,9888.438299040125,28.676471067216358
3,Pu-239,94,0.0029,10000,2.0202020202020203,9650.653739923313,27.986895845777607
3,Pu-239,94,0.0029,10000,2.5252525252525255,10153.093270675872,29.443970484960026
3,Pu-239,94,0.0029,10000,3.0303030303030303,9911.51004445165,28.743379128909783
3,Pu-239,94,0.0029,10000,3.5353535353535355,10090.333999214992,29.261968597723474
3,Pu-239,94,0.0029,10000,4.040404040404041,9943.275932773684,28.835500205043683
3,Pu-239,94,0.0029,10000,4.545454545454546,9709.911256341495,28.158742643390333
3,Pu-239,94,0.0029,10000,5.050505050505051,9792.141903766673,28.39721152092335
3,Pu-239,94,0.0029,10000,5.555555555555556,9527.879008661823,27.630849125119283
3,Pu-239,94,0.0029,10000,6.0606060606060606,9980.767234563215,28.94422498023332
3,Pu-239,94,0.0029,10000,6.565656565656566,9838.324529633437,28.531141135936966
3,Pu-239,94,0.0029,10000,7.070707070707071,9643.188623875898,27.9652470092401
3,Pu-239,94,0.0029,10000,7.575757575757576,9487.932339865614,27.51500378561028
3,Pu-239,94,0.0029,10000,8.080808080808081,9655.769265108363,28.001730868814253
3,Pu-239,94,0.0029,10000,8.585858585858587,9538.07263861132,27.660410651972825
3,Pu-239,94,0.0029,10000,9.090909090909092,9766.161022517763,28.32186696530151
3,Pu-239,94,0.0029,10000,9.595959595959597,9520.776667149094,27.61025233473237
3,Pu-239,94,0.0029,10000,10.101010101010102,10109.929041093714,29.318794219171767
3,Pu-239,94,0.0029,10000,10.606060606060607,9888.199165276483,28.675777579301798
3,Pu-239,94,0.0029,10000,11.111111111111112,9610.710248427808,27.87105972044064
3,Pu-239,94,0.0029,10000,11.616161616161618,9381.341543086313,27.205890474950305
3,Pu-239,94,0.0029,10000,12.121212121212121,9633.030335874942,27.935787974037332
3,Pu-239,94,0.0029,10000,12.626262626262626,9262.629113366052,26.86162442876155
3,Pu-239,94,0.0029,10000,13.131313131313131,9830.5651513634,28.508638938953858
3,Pu-239,94,0.0029,10000,13.636363636363637,9764.385882440614,28.31671905907778
3,Pu-239,94,0.0029,10000,14.141414141414142,9876.281823513653,28.64121728818959
3,Pu-239,94,0.0029,10000,14.646464646464647,9477.445506842527,27.484591969843326
3,Pu-239,94,0.0029,10000,15.151515151515152,9724.306507214145,28.20048887092102
3,Pu-239,94,0.0029,10000,15.656565656565657,9820.63401616737,28.479838646885373
3,Pu-239,94,0.0029,10000,16.161616161616163,9458.983543852279,27.431052277171606
3,Pu-239,94,0.0029,10000,16.666666666666668,9388.31802086017,27.226122260494492
3,Pu-239,94,0.0029,10000,17.171717171717173,9770.74091930584,28.33514866598693
3,Pu-239,94,0.0029,10000,17.67676767676768,9527.932720367238,27.63100488906499
3,Pu-239,94,0.0029,10000,18.181818181818183,9567.077774764135,27.74452554681599
3,Pu-239,94,0.0029,10000,18.68686868686869,9455.823786002657,27.4218889794077
3,Pu-239,94,0.0029,10000,19.191919191919194,9222.4620193367,26.74513985607643
3,Pu-239,94,0.0029,10000,19.6969696969697,9653.449704578852,27.99500414327867
3,Pu-239,94,0.0029,10000,20.202020202020204,9048.190976986461,26.239753833260735
3,Pu-239,94,0.0029,10000,20.70707070707071,9605.131881002115,27.854882454906132
3,Pu-239,94,0.0029,10000,21.212121212121215,9350.871233173693,27.11752657620371
3,Pu-239,94,0.0029,10000,21.71717171717172,9354.388459363387,27.12772653215382
3,Pu-239,94,0.0029,10000,22.222222222222225,9276.021217374266,26.900461530385368
3,Pu-239,94,0.0029,10000,22.72727272727273,9460.808869415214,27.436345721304118
3,Pu-239,94,0.0029,10000,23.232323232323235,9424.880201129494,27.33215258327553
3,Pu-239,94,0.0029,10000,23.73737373737374,9635.634856612598,27.94334108417653
3,Pu-239,94,0.0029,10000,24.242424242424242,9286.798027715582,26.931714280375186
3,Pu-239,94,0.0029,10000,24.747474747474747,9273.580478321863,26.8933833871334
3,Pu-239,94,0.0029,10000,25.252525252525253,9228.0864935729,26.761450831361408
3,Pu-239,94,0.0029,10000,25.757575757575758,9299.536759078715,26.968656601328274
3,Pu-239,94,0.0029,10000,26.262626262626263,9183.453264970192,26.632014468413555
3,Pu-239,94,0.0029,10000,26.767676767676768,9466.897799681126,27.454003619075266
3,Pu-239,94,0.0029,10000,27.272727272727273,9492.797112444738,27.529111626089737
3,Pu-239,94,0.0029,10000,27.77777777777778,8871.316376521065,25.726817491911085
3,Pu-239,94,0.0029,10000,28.282828282828284,8975.060023028534,26.027674066782748
3,Pu-239,94,0.0029,10000,28.78787878787879,9011.613426936341,26.133678938115388
3,Pu-239,94,0.0029,10000,29.292929292929294,9307.133434873858,26.990686961134188
3,Pu-239,94,0.0029,10000,29.7979797979798,9008.504862614613,26.124664101582376
3,Pu-239,94,0.0029,10000,30.303030303030305,9259.810843206957,26.853451445300173
3,Pu-239,94,0.0029,10000,30.80808080808081,9396.139254914204,27.248803839251188
3,Pu-239,94,0.0029,10000,31.313131313131315,9272.72296356245,26.890896594331103
3,Pu-239,94,0.0029,10000,31.81818181818182,8928.019427064635,25.89125633848744
3,Pu-239,94,0.0029,10000,32.323232323232325,8886.710729740136,25.771461116246392
3,Pu-239,94,0.0029,10000,32.82828282828283,8606.737878538379,24.9595398477613
3,Pu-239,94,0.0029,10000,33.333333333333336,9167.558085131726,26.585918446882005
3,Pu-239,94,0.0029,10000,33.83838383838384,8837.75250616095,25.629482267866756
3,Pu-239,94,0.0029,10000,34.343434343434346,9059.705929729595,26.273147196215824
3,Pu-239,94,0.0029,10000,34.84848484848485,9080.50339174778,26.33345983606856
3,Pu-239,94,0.0029,10000,35.35353535353536,8789.12479494739,25.488461905347428
3,Pu-239,94,0.0029,10000,35.85858585858586,9182.387604978845,26.62892405443865
3,Pu-239,94,0.0029,10000,36.36363636363637,8812.697305045607,25.55682218463226
3,Pu-239,94,0.0029,10000,36.86868686868687,8879.201335192516,25.749683872058295
3,Pu-239,94,0.0029,10000,37.37373737373738,8760.663979261653,25.405925539858792
3,Pu-239,94,0.0029,10000,37.87878787878788,8968.486389336871,26.008610529076925
3,Pu-239,94,0.0029,10000,38.38383838383839,8827.659764453694,25.60021331691571
3,Pu-239,94,0.0029,10000,38.88888888888889,9339.082624073475,27.083339609813077
3,Pu-239,94,0.0029,10000,39.3939393939394,8805.594226466199,25.536223256751974
3,Pu-239,94,0.0029,10000,39.8989898989899,8940.563056386309,25.927632863520294
3,Pu-239,94,0.0029,10000,40.40404040404041,8844.460283785169,25.648934822976987
3,Pu-239,94,0.0029,10000,40.909090909090914,9038.800731396092,26.212522121048664
3,Pu-239,94,0.0029,10000,41.41414141414142,8869.00186122334,25.720105397547684
3,Pu-239,94,0.0029,10000,41.919191919191924,8596.439781044706,24.929675365029645
3,Pu-239,94,0.0029,10000,42.42424242424243,8877.539357286701,25.744864136131433
3,Pu-239,94,0.0029,10000,42.929292929292934,8907.121736992365,25.83065303727786
3,Pu-239,94,0.0029,10000,43.43434343434344,8590.954634760987,24.91376844080686
3,Pu-239,94,0.0029,10000,43.939393939393945,8619.994269767118,24.99798338232464
3,Pu-239,94,0.0029,10000,44.44444444444445,8675.451225145578,25.158808552922174
3,Pu-239,94,0.0029,10000,44.949494949494955,8822.995703959512,25.586687541482583
3,Pu-239,94,0.0029,10000,45.45454545454546,8702.454752869085,25.237118783320348
3,Pu-239,94,0.0029,10000,45.959595959595966,8357.934025966058,24.238008675301568
3,Pu-239,94,0.0029,10000,46.46464646464647,8606.479234668805,24.958789780539533
3,Pu-239,94,0.0029,10000,46.969696969696976,8924.69550525611,25.881616965242717
3,Pu-239,94,0.0029,10000,47.47474747474748,8824.064216808587,25.5897862287449
3,Pu-239,94,0.0029,10000,47.979797979797986,8814.835668264532,25.56302343796714
3,Pu-239,94,0.0029,10000,48.484848484848484,8678.572296919667,25.16785966106703
3,Pu-239,94,0.0029,10000,48.98989898989899,9052.639946628,26.2526558452212
3,Pu-239,94,0.0029,10000,49.494949494949495,8650.993572923868,25.087881361479216
3,Pu-239,94,0.0029,10000,50.0,8610.20366081697,24.96959061636921
3,Am-241,95,0.0016,10000,0.0,9905.530763781242,15.848849222049989
3,Am-241,95,0.0016,10000,0.5050505050505051,9912.249294271554,15.859598870834487
3,Am-241,95,0.0016,10000,1.0101010101010102,10140.05490445811,16.224087847132974
3,Am-241,95,0.0016,10000,1.5151515151515151,9559.99612543777,15.295993800700433
3,Am-241,95,0.0016,10000,2.0202020202020203,9731.450286193405,15.57032045790945
3,Am-241,95,0.0016,10000,2.5252525252525255,10238.703345337424,16.38192535253988
3,Am-241,95,0.0016,10000,3.0303030303030303,9797.230228547185,15.675568365675497
3,Am-241,95,0.0016,10000,3.5353535353535355,9719.349749839977,15.550959599743965
3,Am-241,95,0.0016,10000,4.040404040404041,9902.327904540394,15.843724647264631
3,Am-241,95,0.0016,10000,4.545454545454546,9778.961323814514,15.646338118103223
3,Am-241,95,0.0016,10000,5.050505050505051,9977.620265517677,15.964192424828283
3,Am-241,95,0.0016,10000,5.555555555555556,9674.3560255063,15.478969640810082
3,Am-241,95,0.0016,10000,6.0606060606060606,10200.425882289346,16.320681411662953
3,Am-241,95,0.0016,10000,6.565656565656566,9636.053168145698,15.417685069033118
3,Am-241,95,0.0016,10000,7.070707070707071,9870.905767529863,15.79344922804778
3,Am-241,95,0.0016,10000,7.575757575757576,9890.549195390498,15.824878712624798
3,Am-241,95,0.0016,10000,8.080808080808081,9920.184674777787,15.87229547964446
3,Am-241,95,0.0016,10000,8.585858585858587,9851.609597914718,15.762575356663548
3,Am-241,95,0.0016,10000,9.090909090909092,9854.459016497802,15.767134426396483
3,Am-241,95,0.0016,10000,9.595959595959597,9833.850134461223,15.734160215137958
3,Am-241,95,0.0016,10000,10.101010101010102,10096.633053881354,16.154612886210167
3,Am-241,95,0.0016,10000,10.606060606060607,9807.077027070523,15.691323243312839
3,Am-241,95,0.0016,10000,11.111111111111112,10013.108093600711,16.020972949761138
3,Am-241,95,0.0016,10000,11.616161616161618,9672.101783595126,15.475362853752202
3,Am-241,95,0.0016,10000,12.121212121212121,9807.454664964132,15.691927463942612
3,Am-241,95,0.0016,10000,12.626262626262626,9774.493320529173,15.639189312846677
3,Am-241,95,0.0016,10000,13.131313131313131,9988.024795236823,15.980839672378917
3,Am-241,95,0.0016,10000,13.636363636363637,9669.392748479517,15.471028397567228
3,Am-241,95,0.0016,10000,14.141414141414142,9641.028480328345,15.425645568525352
3,Am-241,95,0.0016,10000,14.646464646464647,9737.888024644706,15.58062083943153
3,Am-241,95,0.0016,10000,15.151515151515152,9756.351522008825,15.61016243521412
3,Am-241,95,0.0016,10000,15.656565656565657,9342.538592019475,14.94806174723116
3,Am-241,95,0.0016,10000,16.161616161616163,9577.415591049616,15.323864945679386
3,Am-241,95,0.0016,10000,16.666666666666668,9953.049231074987,15.92487876971998
3,Am-241,95,0.0016,10000,17.171717171717173,9679.457577233816,15.487132123574106
3,Am-241,95,0.0016,10000,17.67676767676768,9674.156345843756,15.47865015335001
3,Am-241,95,0.0016,10000,18.181818181818183,9824.060664598925,15.71849706335828
3,Am-241,95,0.0016,10000,18.68686868686869,9810.358242688153,15.696573188301045
3,Am-241,95,0.0016,10000,19.191919191919194,10034.931834964265,16.055890935942827
3,Am-241,95,0.0016,10000,19.6969696969697,9812.094802541871,15.699351684066995
3,Am-241,95,0.0016,10000,20.202020202020204,9596.679656004299,15.354687449606878
3,Am-241,95,0.0016,10000,20.70707070707071,9684.763780657646,15.495622049052233
3,Am-241,95,0.0016,10000,21.212121212121215,9815.955371913422,15.705528595061477
3,Am-241,95,0.0016,10000,21.71717171717172,9844.258311129235,15.750813297806777
3,Am-241,95,0.0016,10000,22.222222222222225,9476.472295851585,15.162355673362537
3,Am-241,95,0.0016,10000,22.72727272727273,9772.068791851494,15.635310066962392
3,Am-241,95,0.0016,10000,23.232323232323235,9975.636725072254,15.961018760115607
3,Am-241,95,0.0016,10000,23.73737373737374,9593.932322073522,15.350291715317637
3,Am-241,95,0.0016,10000,24.242424242424242,9621.723377207243,15.39475740353159
3,Am-241,95,0.0016,10000,24.747474747474747,9433.870364691367,15.094192583506189
3,Am-241,95,0.0016,10000,25.252525252525253,9400.048156835304,15.040077050936487
3,Am-241,95,0.0016,10000,25.757575757575758,9598.469269811836,15.357550831698939
3,Am-241,95,0.0016,10000,26.262626262626263,9739.63663447295,15.583418615156722
3,Am-241,95,0.0016,10000,26.767676767676768,9523.515271165898,15.237624433865436
3,Am-241,95,0.0016,10000,27.272727272727273,9784.708457458437,15.6555335319335
3,Am-241,95,0.0016,10000,27.77777777777778,9738.955248329656,15.58232839732745
3,Am-241,95,0.0016,10000,28.282828282828284,9487.571539487846,15.180114463180555
3,Am-241,95,0.0016,10000,28.78787878787879,9689.286421690096,15.502858274704154
3,Am-241,95,0.0016,10000,29.292929292929294,9517.443160408005,15.227909056652809
3,Am-241,95,0.0016,10000,29.7979797979798,9552.143678331837,15.28342988533094
3,Am-241,95,0.0016,10000,30.303030303030305,9731.324678491465,15.570119485586345
3,Am-241,95,0.0016,10000,30.80808080808081,9983.300244100103,15.973280390560165
3,Am-241,95,0.0016,10000,31.313131313131315,9245.736057213038,14.793177691540862
3,Am-241,95,0.0016,10000,31.81818181818182,9440.863584243272,15.105381734789237
3,Am-241,95,0.0016,10000,32.323232323232325,9716.330008485393,15.546128013576629
3,Am-241,95,0.0016,10000,32.82828282828283,9441.954930313834,15.107127888502134
3,Am-241,95,0.0016,10000,33.333333333333336,9399.226790336668,15.03876286453867
3,Am-241,95,0.0016,10000,33.83838383838384,9788.941126846184,15.662305802953895
3,Am-241,95,0.0016,10000,34.343434343434346,9453.81276924605,15.126100430793679
3,Am-241,95,0.0016,10000,34.84848484848485,9606.60417773158,15.37056668437053
3,Am-241,95,0.0016,10000,35.35353535353536,9391.579607420239,15.026527371872383
3,Am-241,95,0.0016,10000,35.85858585858586,9148.06510871393,14.63690417394229
3,Am-241,95,0.0016,10000,36.36363636363637,9338.341287547311,14.941346060075698
3,Am-241,95,0.0016,10000,36.86868686868687,9556.082391368876,15.289731826190202
3,Am-241,95,0.0016,10000,37.37373737373738,9455.904198249127,15.129446717198604
3,Am-241,95,0.0016,10000,37.87878787878788,9261.750994941503,14.818801591906407
3,Am-241,95,0.0016,10000,38.38383838383839,9792.523741694435,15.668037986711097
3,Am-241,95,0.0016,10000,38.88888888888889,9418.897117944194,15.070235388710712
3,Am-241,95,0.0016,10000,39.3939393939394,9202.238518847578,14.723581630156126
3,Am-241,95,0.0016,10000,39.8989898989899,9625.395316884778,15.400632507015645
3,Am-241,95,0.0016,10000,40.40404040404041,9545.832572239822,15.273332115583717
3,Am-241,95,0.0016,10000,40.909090909090914,9261.524651338235,14.818439442141177
3,Am-241,95,0.0016,10000,41.41414141414142,9481.296852976955,15.17007496476313
3,Am-241,95,0.0016,10000,41.919191919191924,9499.143510165119,15.19862961626419
3,Am-241,95,0.0016,10000,42.42424242424243,9430.137156548493,15.08821945047759
3,Am-241,95,0.0016,10000,42.929292929292934,9360.436701045857,14.976698721673372
3,Am-241,95,0.0016,10000,43.43434343434344,8998.77288993731,14.398036623899698
3,Am-241,95,0.0016,10000,43.939393939393945,9260.827846530408,14.817324554448653
3,Am-241,95,0.0016,10000,44.44444444444445,9303.727542198705,14.885964067517929
3,Am-241,95,0.0016,10000,44.949494949494955,9197.484730759223,14.715975569214757
3,Am-241,95,0.0016,10000,45.45454545454546,9232.29254865433,14.771668077846929
3,Am-241,95,0.0016,10000,45.959595959595966,9421.387498677044,15.074219997883272
3,Am-241,95,0.0016,10000,46.46464646464647,9190.933664480754,14.705493863169206
3,Am-241,95,0.0016,10000,46.969696969696976,8961.354475042099,14.338167160067359
3,Am-241,95,0.0016,10000,47.47474747474748,9152.526261341322,14.644042018146115
3,Am-241,95,0.0016,10000,47.979797979797986,9161.848494537682,14.658957591260291
3,Am-241,95,0.0016,10000,48.484848484848484,9223.607734583878,14.757772375334206
3,Am-241,95,0.0016,10000,48.98989898989899,9019.239743648173,14.430783589837079
3,Am-241,95,0.0016,10000,49.494949494949495,9181.22861762672,14.689965788202754
3,Am-241,95,0.0016,10000,50.0,9069.274628667441,14.510839405867907
3,Kr-85,36,0.02,10000,0.0,10155.909435745869,203.11818871491738
3,Kr-85,36,0.02,10000,0.5050505050505051,9861.179590696249,197.22359181392497
3,Kr-85,36,0.02,10000,1.0101010101010102,9907.330242273001,198.14660484546002
3,Kr-85,36,0.02,10000,1.5151515151515151,9755.224938108606,195.1044987621721
3,Kr-85,36,0.02,10000,2.0202020202020203,9357.272526342262,187.14545052684522
3,Kr-85,36,0.02,10000,2.5252525252525255,9499.436611569663,189.98873223139327
3,Kr-85,36,0.02,10000,3.0303030303030303,9726.276406674568,194.52552813349135
3,Kr-85,36,0.02,10000,3.5353535353535355,9017.170771989155,180.3434154397831
3,Kr-85,36,0.02,10000,4.040404040404041,9398.56016490893,187.97120329817858
3,Kr-85,36,0.02,10000,4.545454545454546,9149.021975817996,182.98043951635992
3,Kr-85,36,0.02,10000,5.050505050505051,8766.133931756163,175.32267863512328
3,Kr-85,36,0.02,10000,5.555555555555556,9051.016238557218,181.02032477114437
3,Kr-85,36,0.02,10000,6.0606060606060606,9036.24154881755,180.724830976351
3,Kr-85,36,0.02,10000,6.565656565656566,8758.73423223455,175.174684644691
3,Kr-85,36,0.02,10000,7.070707070707071,8734.628923522328,174.69257847044656
3,Kr-85,36,0.02,10000,7.575757575757576,8907.283205415877,178.14566410831753
3,Kr-85,36,0.02,10000,8.080808080808081,8404.66301883931,168.09326037678622
3,Kr-85,36,0.02,10000,8.585858585858587,8730.090668261028,174.60181336522055
3,Kr-85,36,0.02,10000,9.090909090909092,8611.298339389206,172.22596678778413
3,Kr-85,36,0.02,10000,9.595959595959597,8034.963219302088,160.69926438604176
3,Kr-85,36,0.02,10000,10.101010101010102,8190.9727467238345,163.81945493447668
3,Kr-85,36,0.02,10000,10.606060606060607,8099.494337441659,161.9898867488332
3,Kr-85,36,0.02,10000,11.111111111111112,8214.510450115873,164.29020900231745
3,Kr-85,36,0.02,10000,11.616161616161618,8112.241997289059,162.2448399457812
3,Kr-85,36,0.02,10000,12.121212121212121,8084.243365217812,161.68486730435626
3,Kr-85,36,0.02,10000,12.626262626262626,7516.776029317131,150.33552058634262
3,Kr-85,36,0.02,10000,13.131313131313131,7902.107193334749,158.042143866695
3,Kr-85,36,0.02,10000,13.636363636363637,7699.474877434848,153.98949754869696
3,Kr-85,36,0.02,10000,14.141414141414142,7259.349039886732,145.18698079773463
3,Kr-85,36,0.02,10000,14.646464646464647,7656.680506230146,153.13361012460294
3,Kr-85,36,0.02,10000,15.151515151515152,7222.23264871445,144.444652974289
3,Kr-85,36,0.02,10000,15.656565656565657,7424.569338218861,148.4913867643772
3,Kr-85,36,0.02,10000,16.161616161616163,7153.214900362988,143.06429800725977
3,Kr-85,36,0.02,10000,16.666666666666668,7135.814997672281,142.71629995344563
3,Kr-85,36,0.02,10000,17.171717171717173,7156.232847071989,143.12465694143978
3,Kr-85,36,0.02,10000,17.67676767676768,6992.561577447051,139.85123154894103
3,Kr-85,36,0.02,10000,18.181818181818183,6749.545471037086,134.99090942074173
3,Kr-85,36,0.02,10000,18.68686868686869,6923.664275678505,138.4732855135701
3,Kr-85,36,0.02,10000,19.191919191919194,6655.386287147304,133.1077257429461
3,Kr-85,36,0.02,10000,19.6969696969697,6817.371399879671,136.34742799759343
3,Kr-85,36,0.02,10000,20.202020202020204,6508.964102536557,130.17928205073116
3,Kr-85,36,0.02,10000,20.70707070707071,6627.492146085087,132.54984292170175
3,Kr-85,36,0.02,10000,21.212121212121215,6590.310243935221,131.80620487870442
3,Kr-85,36,0.02,10000,21.71717171717172,6737.750612060185,134.7550122412037
3,Kr-85,36,0.02,10000,22.222222222222225,6163.333992381079,123.26667984762159
3,Kr-85,36,0.02,10000,22.72727272727273,6387.4998680850385,127.74999736170078
3,Kr-85,36,0.02,10000,23.232323232323235,6125.183853405403,122.50367706810806
3,Kr-85,36,0.02,10000,23.73737373737374,6279.964657476231,125.59929314952463
3,Kr-85,36,0.02,10000,24.242424242424242,6144.080691620876,122.88161383241751
3,Kr-85,36,0.02,10000,24.747474747474747,6189.7957413294525,123.79591482658905
3,Kr-85,36,0.02,10000,25.252525252525253,6205.677519806645,124.11355039613291
3,Kr-85,36,0.02,10000,25.757575757575758,5933.779832609507,118.67559665219015
3,Kr-85,36,0.02,10000,26.262626262626263,5912.478569323804,118.24957138647608
3,Kr-85,36,0.02,10000,26.767676767676768,5960.4909586035865,119.20981917207173
3,Kr-85,36,0.02,10000,27.272727272727273,5734.447045317595,114.68894090635192
3,Kr-85,36,0.02,10000,27.77777777777778,5783.797586632209,115.67595173264418
3,Kr-85,36,0.02,10000,28.282828282828284,5775.163246818073,115.50326493636146
3,Kr-85,36,0.02,10000,28.78787878787879,5501.76387742069,110.0352775484138
3,Kr-85,36,0.02,10000,29.292929292929294,5396.509033442207,107.93018066884413
3,Kr-85,36,0.02,10000,29.7979797979798,5529.700167064071,110.59400334128142
3,Kr-85,36,0.02,10000,30.303030303030305,5550.605695221861,111.01211390443723
3,Kr-85,36,0.02,10000,30.80808080808081,5237.592019708023,104.75184039416047
3,Kr-85,36,0.02,10000,31.313131313131315,5398.366575641646,107.96733151283291
3,Kr-85,36,0.02,10000,31.81818181818182,5253.459275960217,105.06918551920435
3,Kr-85,36,0.02,10000,32.323232323232325,5220.966158494397,104.41932316988795
3,Kr-85,36,0.02,10000,32.82828282828283,5293.304060109622,105.86608120219243
3,Kr-85,36,0.02,10000,33.333333333333336,5148.598676889334,102.97197353778667
3,Kr-85,36,0.02,10000,33.83838383838384,4995.651320350036,99.91302640700073
3,Kr-85,36,0.02,10000,34.343434343434346,5030.258007717586,100.60516015435172
3,Kr-85,36,0.02,10000,34.84848484848485,4957.650809346718,99.15301618693437
3,Kr-85,36,0.02,10000,35.35353535353536,4903.138566318916,98.06277132637831
3,Kr-85,36,0.02,10000,35.85858585858586,4996.44276900281,99.92885538005619
3,Kr-85,36,0.02,10000,36.36363636363637,4768.978491054694,95.37956982109388
3,Kr-85,36,0.02,10000,36.86868686868687,4707.80587768277,94.1561175536554
3,Kr-85,36,0.02,10000,37.37373737373738,4759.330051233467,95.18660102466934
3,Kr-85,36,0.02,10000,37.87878787878788,4747.920032142598,94.95840064285196
3,Kr-85,36,0.02,10000,38.38383838383839,4628.4775335809045,92.56955067161809
3,Kr-85,36,0.02,10000,38.88888888888889,4481.096915890149,89.62193831780299
3,Kr-85,36,0.02,10000,39.3939393939394,4557.976941767219,91.15953883534438
3,Kr-85,36,0.02,10000,39.8989898989899,4720.674315949435,94.4134863189887
3,Kr-85,36,0.02,10000,40.40404040404041,4507.609140539429,90.15218281078859
3,Kr-85,36,0.02,10000,40.909090909090914,4265.646363337243,85.31292726674486
3,Kr-85,36,0.02,10000,41.41414141414142,4284.85150698711,85.6970301397422
3,Kr-85,36,0.02,10000,41.919191919191924,4332.174119653866,86.64348239307732
3,Kr-85,36,0.02,10000,42.42424242424243,4327.017436005408,86.54034872010816
3,Kr-85,36,0.02,10000,42.929292929292934,4178.649313798912,83.57298627597824
3,Kr-85,36,0.02,10000,43.43434343434344,4376.595485712835,87.53190971425671
3,Kr-85,36,0.02,10000,43.939393939393945,4197.532360428966,83.95064720857933
3,Kr-85,36,0.02,10000,44.44444444444445,4138.473701418587,82.76947402837173
3,Kr-85,36,0.02,10000,44.949494949494955,4172.116018634311,83.44232037268623
3,Kr-85,36,0.02,10000,45.45454545454546,4048.6947133210665,80.97389426642133
3,Kr-85,36,0.02,10000,45.959595959595966,3831.6307006225256,76.63261401245052
3,Kr-85,36,0.02,10000,46.46464646464647,3917.1974534165574,78.34394906833116
3,Kr-85,36,0.02,10000,46.969696969696976,3858.6715996534735,77.17343199306947
3,Kr-85,36,0.02,10000,47.47474747474748,3843.26073787915,76.865214757583
3,Kr-85,36,0.02,10000,47.979797979797986,3839.211893311263,76.78423786622525
3,Kr-85,36,0.02,10000,48.484848484848484,3844.4987397192376,76.88997479438476
3,Kr-85,36,0.02,10000,48.98989898989899,3695.77714038744,73.91554280774879
3,Kr-85,36,0.02,10000,49.494949494949495,3659.2685035357517,73.18537007071504
3,Kr-85,36,0.02,10000,50.0,3673.0819987600084,73.46163997520017
3,Xe-133,54,0.119,10000,0.0,10115.134062448851,1203.7009534314132
3,Xe-133,54,0.119,10000,0.5050505050505051,9520.472477387279,1132.936224809086
3,Xe-133,54,0.119,10000,1.0101010101010102,8973.87377467256,1067.8909791860347
3,Xe-133,54,0.119,10000,1.5151515151515151,8535.47140871903,1015.7210976375645
3,Xe-133,54,0.119,10000,2.0202020202020203,7806.331688102404,928.953470884186
3,Xe-133,54,0.119,10000,2.5252525252525255,7570.320186877674,900.8681022384432
3,Xe-133,54,0.119,10000,3.0303030303030303,7019.188637789894,835.2834478969974
3,Xe-133,54,0.119,10000,3.5353535353535355,6586.558439536157,783.8004543048025
3,Xe-133,54,0.119,10000,4.040404040404041,6405.596370300931,762.2659680658107
3,Xe-133,54,0.119,10000,4.545454545454546,5785.071375434932,688.4234936767568
3,Xe-133,54,0.119,10000,5.050505050505051,5398.553422388437,642.4278572642239
3,Xe-133,54,0.119,10000,5.555555555555556,5314.058592083459,632.3729724579316
3,Xe-133,54,0.119,10000,6.0606060606060606,4857.264330118329,578.0144552840811
3,Xe-133,54,0.119,10000,6.565656565656566,4679.246717916411,556.8303594320529
3,Xe-133,54,0.119,10000,7.070707070707071,4345.361320704315,517.0979971638135
3,Xe-133,54,0.119,10000,7.575757575757576,3917.260781946045,466.15403305157935
3,Xe-133,54,0.119,10000,8.080808080808081,3844.231276067051,457.46352185197907
3,Xe-133,54,0.119,10000,8.585858585858587,3644.731579366987,433.72305794467144
3,Xe-133,54,0.119,10000,9.090909090909092,3384.868074728581,402.7993008927011
3,Xe-133,54,0.119,10000,9.595959595959597,3231.8536195049414,384.59058072108803
3,Xe-133,54,0.119,10000,10.101010101010102,3077.533859955865,366.2265293347479
3,Xe-133,54,0.119,10000,10.606060606060607,2913.8340527368828,346.746252275689
3,Xe-133,54,0.119,10000,11.111111111111112,2707.6420316969743,322.20940177193995
3,Xe-133,54,0.119,10000,11.616161616161618,2467.5416399379687,293.63745515261826
3,Xe-133,54,0.119,10000,12.121212121212121,2369.409249033796,281.95970063502176
3,Xe-133,54,0.119,10000,12.626262626262626,2193.8957697720434,261.0735966028732
3,Xe-133,54,0.119,10000,13.131313131313131,2076.54969235172,247.10941338985464
3,Xe-133,54,0.119,10000,13.636363636363637,1954.8210279928596,232.6237023311503
3,Xe-133,54,0.119,10000,14.141414141414142,1856.491210733,220.92245407722697
3,Xe-133,54,0.119,10000,14.646464646464647,1757.8361184143146,209.18249809130342
3,Xe-133,54,0.119,10000,15.151515151515152,1716.6720056019064,204.28396866662686
3,Xe-133,54,0.119,10000,15.656565656565657,1559.5414998695444,185.5854384844758
3,Xe-133,54,0.119,10000,16.161616161616163,1513.4423680744626,180.09964180086104
3,Xe-133,54,0.119,10000,16.666666666666668,1375.7264825072934,163.71145141836791
3,Xe-133,54,0.119,10000,17.171717171717173,1315.7323326780515,156.57214758868813
3,Xe-133,54,0.119,10000,17.67676767676768,1211.566935769673,144.17646535659108
3,Xe-133,54,0.119,10000,18.181818181818183,1149.8973848214184,136.83778879374879
3,Xe-133,54,0.119,10000,18.68686868686869,1066.5308056018214,126.91716586661674
3,Xe-133,54,0.119,10000,19.191919191919194,1033.040564589998,122.93182718620976
3,Xe-133,54,0.119,10000,19.6969696969697,944.537710075766,112.39998749901615
3,Xe-133,54,0.119,10000,20.202020202020204,898.1470254567773,106.8794960293565
3,Xe-133,54,0.119,10000,20.70707070707071,854.5679318654459,101.69358389198806
3,Xe-133,54,0.119,10000,21.212121212121215,808.1599581443446,96.17103501917701
3,Xe-133,54,0.119,10000,21.71717171717172,762.3763155569957,90.72278155128248
3,Xe-133,54,0.119,10000,22.222222222222225,703.7160503069697,83.74220998652939
3,Xe-133,54,0.119,10000,22.72727272727273,650.8193628355102,77.44750417742571
3,Xe-133,54,0.119,10000,23.232323232323235,601.508719969639,71.57953767638703
3,Xe-133,54,0.119,10000,23.73737373737374,582.6354471647146,69.33361821260104
3,Xe-133,54,0.119,10000,24.242424242424242,551.2952796153323,65.60413827422454
3,Xe-133,54,0.119,10000,24.747474747474747,518.7562532514613,61.731994136923895
3,Xe-133,54,0.119,10000,25.252525252525253,487.0240501076553,57.95586196281098
3,Xe-133,54,0.119,10000,25.757575757575758,470.7650271643674,56.02103823255972
3,Xe-133,54,0.119,10000,26.262626262626263,436.84333674540505,51.9843570727032
3,Xe-133,54,0.119,10000,26.767676767676768,412.5015675173969,49.08768653457023
3,Xe-133,54,0.119,10000,27.272727272727273,383.38326420792777,45.6226084407434
3,Xe-133,54,0.119,10000,27.77777777777778,378.7586417822817,45.07227837209152
3,Xe-133,54,0.119,10000,28.282828282828284,343.4865644240536,40.87490116646238
3,Xe-133,54,0.119,10000,28.78787878787879,309.9522418783628,36.88431678352517
3,Xe-133,54,0.119,10000,29.292929292929294,301.5135718798851,35.88011505370633
3,Xe-133,54,0.119,10000,29.7979797979798,280.74700130364425,33.40889315513366
3,Xe-133,54,0.119,10000,30.303030303030305,263.9753314648347,31.413064444315328
3,Xe-133,54,0.119,10000,30.80808080808081,258.11108615079115,30.715219251944145
3,Xe-133,54,0.119,10000,31.313131313131315,252.29821342174327,30.02348739718745
3,Xe-133,54,0.119,10000,31.81818181818182,221.2957164082006,26.33419025257587
3,Xe-133,54,0.119,10000,32.323232323232325,211.76201839777426,25.199680189335137
3,Xe-133,54,0.119,10000,32.82828282828283,197.935977833423,23.554381362177338
3,Xe-133,54,0.119,10000,33.333333333333336,181.16671171821892,21.55883869446805
3,Xe-133,54,0.119,10000,33.83838383838384,182.4007586648889,21.70569028112178
3,Xe-133,54,0.119,10000,34.343434343434346,164.72520072371805,19.602298886122448
3,Xe-133,54,0.119,10000,34.84848484848485,160.5391019466631,19.104153131652907
3,Xe-133,54,0.119,10000,35.35353535353536,152.82863439613214,18.186607493139725
3,Xe-133,54,0.119,10000,35.85858585858586,139.87641196413608,16.645293023732194
3,Xe-133,54,0.119,10000,36.36363636363637,129.2509630750711,15.38086460593346
3,Xe-133,54,0.119,10000,36.86868686868687,117.47285938552095,13.979270266876993
3,Xe-133,54,0.119,10000,37.37373737373738,118.6258515869244,14.116476338844002
3,Xe-133,54,0.119,10000,37.87878787878788,114.97783033694616,13.682361810096593
3,Xe-133,54,0.119,10000,38.38383838383839,102.88431085923281,12.243232992248704
3,Xe-133,54,0.119,10000,38.88888888888889,98.67402543221569,11.742209026433667
3,Xe-133,54,0.119,10000,39.3939393939394,91.34800818083316,10.870412973519146
3,Xe-133,54,0.119,10000,39.8989898989899,85.63992910837123,10.191151563896176
3,Xe-133,54,0.119,10000,40.40404040404041,84.14386358317772,10.013119766398148
3,Xe-133,54,0.119,10000,40.909090909090914,77.13644341502463,9.17923676638793
3,Xe-133,54,0.119,10000,41.41414141414142,72.40886750766946,8.616655233412665
3,Xe-133,54,0.119,10000,41.919191919191924,68.34194262907245,8.132691172859621
3,Xe-133,54,0.119,10000,42.42424242424243,64.34943578134519,7.657582857980078
3,Xe-133,54,0.119,10000,42.929292929292934,58.4966312995174,6.96109912464257
3,Xe-133,54,0.119,10000,43.43434343434344,56.726960485840245,6.750508297814989
3,Xe-133,54,0.119,10000,43.939393939393945,55.44273399362511,6.597685345241388
3,Xe-133,54,0.119,10000,44.44444444444445,51.27646305735427,6.101899103825158
3,Xe-133,54,0.119,10000,44.949494949494955,46.99508682848087,5.592415332589224
3,Xe-133,54,0.119,10000,45.45454545454546,44.93068479781778,5.346751490940316
3,Xe-133,54,0.119,10000,45.959595959595966,43.20871318897717,5.141836869488283
3,Xe-133,54,0.119,10000,46.46464646464647,39.951965725491796,4.754283921333523
3,Xe-133,54,0.119,10000,46.969696969696976,39.238574244245335,4.669390335065195
3,Xe-133,54,0.119,10000,47.47474747474748,35.42864041080856,4.216008208886219
3,Xe-133,54,0.119,10000,47.979797979797986,33.30189286389996,3.962925250804095
3,Xe-133,54,0.119,10000,48.484848484848484,30.532038206975745,3.6333125466301133
3,Xe-133,54,0.119,10000,48.98989898989899,28.404478429840882,3.380132933151065
3,Xe-133,54,0.119,10000,49.494949494949495,28.242313248747433,3.360835276600944
3,Xe-133,54,0.119,10000,50.0,25.85225594187232,3.0764184570828057
3,Na-22,11,0.266,10000,0.0,9847.04360568976,2619.3135991134764
3,Na-22,11,0.266,10000,0.5050505050505051,8841.517667067254,2351.8436994398894
3,Na-22,11,0.266,10000,1.0101010101010102,7549.97033053112,2008.292107921278
3,Na-22,11,0.266,10000,1.5151515151515151,6777.232716619592,1802.7439026208115
3,Na-22,11,0.266,10000,2.0202020202020203,5870.977919903867,1561.6801266944285
3,Na-22,11,0.266,10000,2.5252525252525255,5044.425545022367,1341.8171949759499
3,Na-22,11,0.266,10000,3.0303030303030303,4489.149130729483,1194.1136687740425
3,Na-22,11,0.266,10000,3.5353535353535355,3789.3945837970114,1007.978959290005
3,Na-22,11,0.266,10000,4.040404040404041,3443.856085655038,916.0657187842402
3,Na-22,11,0.266,10000,4.545454545454546,2954.037542041761,785.7739861831084
3,Na-22,11,0.266,10000,5.050505050505051,2607.5532944209695,693.609176315978
3,Na-22,11,0.266,10000,5.555555555555556,2337.75003626894,621.8415096475381
3,Na-22,11,0.266,10000,6.0606060606060606,1995.881018661003,530.9043509638268
3,Na-22,11,0.266,10000,6.565656565656566,1721.062038550385,457.80250225440244
3,Na-22,11,0.266,10000,7.070707070707071,1554.7480524046437,413.5629819396352
3,Na-22,11,0.266,10000,7.575757575757576,1331.7874861942805,354.25547132767866
3,Na-22,11,0.266,10000,8.080808080808081,1193.4768522512525,317.4648426988332
3,Na-22,11,0.266,10000,8.585858585858587,1003.7239983620461,266.9905835643043
3,Na-22,11,0.266,10000,9.090909090909092,885.5277795923961,235.55038937157738
3,Na-22,11,0.266,10000,9.595959595959597,763.54716026793,203.10354463126941
3,Na-22,11,0.266,10000,10.101010101010102,662.936661562361,176.34115197558805
3,Na-22,11,0.266,10000,10.606060606060607,597.2824168922596,158.87712289334104
3,Na-22,11,0.266,10000,11.111111111111112,513.9914842826668,136.72173481918938
3,Na-22,11,0.266,10000,11.616161616161618,448.31495321079535,119.25177755407157
3,Na-22,11,0.266,10000,12.121212121212121,398.9430595162148,106.11885383131315
3,Na-22,11,0.266,10000,12.626262626262626,340.4736770593672,90.56599809779169
3,Na-22,11,0.266,10000,13.131313131313131,303.62405881488,80.76399964475809
3,Na-22,11,0.266,10000,13.636363636363637,263.09659943489635,69.98369544968243
3,Na-22,11,0.266,10000,14.141414141414142,241.00792202345454,64.10810725823892
3,Na-22,11,0.266,10000,14.646464646464647,199.84018340077964,53.15748878460739
3,Na-22,11,0.266,10000,15.151515151515152,172.85928585211633,45.98057003666295
3,Na-22,11,0.266,10000,15.656565656565657,153.63233562883258,40.86620127726947
3,Na-22,11,0.266,10000,16.161616161616163,136.2430503394784,36.24065139030126
3,Na-22,11,0.266,10000,16.666666666666668,116.66351567150411,31.032495168620095
3,Na-22,11,0.266,10000,17.171717171717173,102.66909882041051,27.309980286229198
3,Na-22,11,0.266,10000,17.67676767676768,88.45298439885434,23.528493850095256
3,Na-22,11,0.266,10000,18.181818181818183,78.0138211791322,20.751676433649166
3,Na-22,11,0.266,10000,18.68686868686869,69.85349758022895,18.5810303563409
3,Na-22,11,0.266,10000,19.191919191919194,61.73617746725324,16.421823206289364
3,Na-22,11,0.266,10000,19.6969696969697,53.45579724857658,14.219242068121371
3,Na-22,11,0.266,10000,20.202020202020204,47.260699849567196,12.571346159984875
3,Na-22,11,0.266,10000,20.70707070707071,40.4741603020863,10.766126640354955
3,Na-22,11,0.266,10000,21.212121212121215,35.899757091624394,9.54933538637209
3,Na-22,11,0.266,10000,21.71717171717172,31.23794544535622,8.309293488464755
3,Na-22,11,0.266,10000,22.222222222222225,27.080218329183236,7.203338075562741
3,Na-22,11,0.266,10000,22.72727272727273,22.531045475730608,5.993258096544342
3,Na-22,11,0.266,10000,23.232323232323235,20.639829442265317,5.4901946316425745
3,Na-22,11,0.266,10000,23.73737373737374,18.439184188662523,4.904822994184231
3,Na-22,11,0.266,10000,24.242424242424242,15.574182375205423,4.142732511804643
3,Na-22,11,0.266,10000,24.747474747474747,14.342398437487216,3.8150779843715994
3,Na-22,11,0.266,10000,25.252525252525253,12.299579625581751,3.271688180404746
3,Na-22,11,0.266,10000,25.757575757575758,10.89979002094926,2.899344145572503
3,Na-22,11,0.266,10000,26.262626262626263,9.574881371752234,2.5469184448860944
3,Na-22,11,0.266,10000,26.767676767676768,7.746310479975982,2.060518587673611
3,Na-22,11,0.266,10000,27.272727272727273,7.204891587922657,1.9165011623874268
3,Na-22,11,0.266,10000,27.77777777777778,6.211464767243892,1.6522496280868753
3,Na-22,11,0.266,10000,28.282828282828284,5.531638826050156,1.4714159277293417
3,Na-22,11,0.266,10000,28.78787878787879,4.816974161240081,1.2813151268898615
3,Na-22,11,0.266,10000,29.292929292929294,4.083243636602744,1.08614280733633
3,Na-22,11,0.266,10000,29.7979797979798,3.5402325435002027,0.941701856571054
3,Na-22,11,0.266,10000,30.303030303030305,3.0945739614929915,0.8231566737571357
3,Na-22,11,0.266,10000,30.80808080808081,2.7697894842550714,0.7367640028118491
3,Na-22,11,0.266,10000,31.313131313131315,2.368453833716671,0.6300087197686345
3,Na-22,11,0.266,10000,31.81818181818182,2.0697591164227753,0.5505559249684583
3,Na-22,11,0.266,10000,32.323232323232325,1.822178507457601,0.48469948298372184
3,Na-22,11,0.266,10000,32.82828282828283,1.6234044043575984,0.4318255715591212
3,Na-22,11,0.266,10000,33.333333333333336,1.387512287646936,0.369078268514085
3,Na-22,11,0.266,10000,33.83838383838384,1.2587061582592103,0.33481583809695
3,Na-22,11,0.266,10000,34.343434343434346,1.0610211621359231,0.2822316291281556
3,Na-22,11,0.266,10000,34.84848484848485,0.9681441878598098,0.25752635397070944
3,Na-22,11,0.266,10000,35.35353535353536,0.8070738523233382,0.21468164471800796
3,Na-22,11,0.266,10000,35.85858585858586,0.7174372130142415,0.19083829866178822
3,Na-22,11,0.266,10000,36.36363636363637,0.6310703334706292,0.1678647087031874
3,Na-22,11,0.266,10000,36.86868686868687,0.5399975629859852,0.1436393517542721
3,Na-22,11,0.266,10000,37.37373737373738,0.47431888603333366,0.12616882368486676
3,Na-22,11,0.266,10000,37.87878787878788,0.4229540713931887,0.1125057829905882
3,Na-22,11,0.266,10000,38.38383838383839,0.3645368615848716,0.09696680518157584
3,Na-22,11,0.266,10000,38.88888888888889,0.31806032143192414,0.08460404550089183
3,Na-22,11,0.266,10000,39.3939393939394,0.27892345693290993,0.07419363954415405
3,Na-22,11,0.266,10000,39.8989898989899,0.24680874258250327,0.06565112552694587
3,Na-22,11,0.266,10000,40.40404040404041,0.21138688540204698,0.0562289115169445
3,Na-22,11,0.266,10000,40.909090909090914,0.19422251250959396,0.051663188327552
3,Na-22,11,0.266,10000,41.41414141414142,0.1581482931361778,0.042067445974223294
3,Na-22,11,0.266,10000,41.919191919191924,0.14379256000463875,0.03824882096123391
3,Na-22,11,0.266,10000,42.42424242424243,0.12524440058057118,0.03331501055443194
3,Na-22,11,0.266,10000,42.929292929292934,0.10904435510549537,0.029005798458061772
3,Na-22,11,0.266,10000,43.43434343434344,0.09332915934343504,0.024825556385353723
3,Na-22,11,0.266,10000,43.939393939393945,0.08499041232592591,0.022607449678696295
3,Na-22,11,0.266,10000,44.44444444444445,0.07094256111561616,0.0188707212567539
3,Na-22,11,0.266,10000,44.949494949494955,0.06483957315704947,0.01724732645977516
3,Na-22,11,0.266,10000,45.45454545454546,0.05598756655178239,0.014892692702774117
3,Na-22,11,0.266,10000,45.959595959595966,0.04852138928906902,0.012906689550892358
3,Na-22,11,0.266,10000,46.46464646464647,0.04178759145676319,0.011115499327499008
3,Na-22,11,0.266,10000,46.969696969696976,0.03695218494657082,0.00982928119578784
3,Na-22,11,0.266,10000,47.47474747474748,0.031238300764338308,0.00830938800331399
3,Na-22,11,0.266,10000,47.979797979797986,0.029012805023362724,0.0077174061362144854
3,Na-22,11,0.266,10000,48.484848484848484,0.02512551931017515,0.00668338813650659
3,Na-22,11,0.266,10000,48.98989898989899,0.022131040396322185,0.005886856745421701
3,Na-22,11,0.266,10000,49.494949494949495,0.018692520007005452,0.00497221032186345
3,Na-22,11,0.266,10000,50.0,0.016545193524221773,0.004401021477442992
3,Tc-99m,43,0.115,10000,0.0,10119.027056648189,1163.6881115145418
3,Tc-99m,43,0.115,10000,0.5050505050505051,9479.878652010773,1090.1860449812389
3,Tc-99m,43,0.115,10000,1.0101010101010102,9099.298521504434,1046.41932997301
3,Tc-99m,43,0.115,10000,1.5151515151515151,8472.295675450801,974.3140026768422
3,Tc-99m,43,0.115,10000,2.0202020202020203,7980.364401824764,917.7419062098479
3,Tc-99m,43,0.115,10000,2.5252525252525255,7500.396819935025,862.5456342925279
3,Tc-99m,43,0.115,10000,3.0303030303030303,7256.016895537262,834.4419429867852
3,Tc-99m,43,0.115,10000,3.5353535353535355,6595.623411731336,758.4966923491037
3,Tc-99m,43,0.115,10000,4.040404040404041,6202.524268590018,713.2902908878522
3,Tc-99m,43,0.115,10000,4.545454545454546,5930.572707647505,682.0158613794631
3,Tc-99m,43,0.115,10000,5.050505050505051,5590.267901861979,642.8808087141276
3,Tc-99m,43,0.115,10000,5.555555555555556,5253.066561399514,604.1026545609442
3,Tc-99m,43,0.115,10000,6.0606060606060606,5068.528830066911,582.8808154576948
3,Tc-99m,43,0.115,10000,6.565656565656566,4736.270524559351,544.6711103243254
3,Tc-99m,43,0.115,10000,7.070707070707071,4389.948436120671,504.8440701538772
3,Tc-99m,43,0.115,10000,7.575757575757576,4365.015827637761,501.9768201783425
3,Tc-99m,43,0.115,10000,8.080808080808081,3903.373334577682,448.88793347643343
3,Tc-99m,43,0.115,10000,8.585858585858587,3769.42414226777,433.48377636079357
3,Tc-99m,43,0.115,10000,9.090909090909092,3455.4252358611066,397.37390212402727
3,Tc-99m,43,0.115,10000,9.595959595959597,3281.0990428094387,377.32638992308546
3,Tc-99m,43,0.115,10000,10.101010101010102,3107.81208748214,357.39839006044616
3,Tc-99m,43,0.115,10000,10.606060606060607,3063.008440226085,352.2459706259998
3,Tc-99m,43,0.115,10000,11.111111111111112,2792.5288416544954,321.14081679026697
3,Tc-99m,43,0.115,10000,11.616161616161618,2639.2159299838268,303.5098319481401
3,Tc-99m,43,0.115,10000,12.121212121212121,2409.569300872404,277.10046960032645
3,Tc-99m,43,0.115,10000,12.626262626262626,2351.636567784437,270.43820529521025
3,Tc-99m,43,0.115,10000,13.131313131313131,2163.366199010993,248.78711288626423
3,Tc-99m,43,0.115,10000,13.636363636363637,2056.0508282546466,236.44584524928436
3,Tc-99m,43,0.115,10000,14.141414141414142,1984.0955812110587,228.17099183927178
3,Tc-99m,43,0.115,10000,14.646464646464647,1838.1760396696507,211.39024456200983
3,Tc-99m,43,0.115,10000,15.151515151515152,1803.9533951200565,207.4546404388065
3,Tc-99m,43,0.115,10000,15.656565656565657,1694.848264878466,194.9075504610236
3,Tc-99m,43,0.115,10000,16.161616161616163,1564.698909834243,179.94037463093795
3,Tc-99m,43,0.115,10000,16.666666666666668,1473.0956593944502,169.4060008303618
3,Tc-99m,43,0.115,10000,17.171717171717173,1382.9401333818453,159.0381153389122
3,Tc-99m,43,0.115,10000,17.67676767676768,1318.1275558203733,151.58466891934293
3,Tc-99m,43,0.115,10000,18.181818181818183,1247.3645634071847,143.44692479182626
3,Tc-99m,43,0.115,10000,18.68686868686869,1160.087797064959,133.4100966624703
3,Tc-99m,43,0.115,10000,19.191919191919194,1074.60654926732,123.57975316574179
3,Tc-99m,43,0.115,10000,19.6969696969697,1043.4734767063053,119.99944982122511
3,Tc-99m,43,0.115,10000,20.202020202020204,983.0296047174311,113.04840454250458
3,Tc-99m,43,0.115,10000,20.70707070707071,911.8295572899402,104.86039908834313
3,Tc-99m,43,0.115,10000,21.212121212121215,871.187992323518,100.18661911720457
3,Tc-99m,43,0.115,10000,21.71717171717172,809.4828186318585,93.09052414266374
3,Tc-99m,43,0.115,10000,22.222222222222225,785.8500631861817,90.3727572664109
3,Tc-99m,43,0.115,10000,22.72727272727273,734.9793661442001,84.52262710658302
3,Tc-99m,43,0.115,10000,23.232323232323235,693.8897612674674,79.79732254575876
3,Tc-99m,43,0.115,10000,23.73737373737374,661.7784660190383,76.10452359218941
3,Tc-99m,43,0.115,10000,24.242424242424242,642.4961311092757,73.8870550775667
3,Tc-99m,43,0.115,10000,24.747474747474747,581.2442407785113,66.8430876895288
3,Tc-99m,43,0.115,10000,25.252525252525253,554.4639735200253,63.763356954802916
3,Tc-99m,43,0.115,10000,25.757575757575758,528.3248133039017,60.757353529948695
3,Tc-99m,43,0.115,10000,26.262626262626263,487.0027178413366,56.00531255175371
3,Tc-99m,43,0.115,10000,26.767676767676768,468.64559549836486,53.894243482311964
3,Tc-99m,43,0.115,10000,27.272727272727273,445.30489108099255,51.21006247431414
3,Tc-99m,43,0.115,10000,27.77777777777778,409.9947023985266,47.14939077583056
3,Tc-99m,43,0.115,10000,28.282828282828284,408.74604250309665,47.00579488785612
3,Tc-99m,43,0.115,10000,28.78787878787879,352.18764874546736,40.50157960572875
3,Tc-99m,43,0.115,10000,29.292929292929294,339.02661943316156,38.98806123481358
3,Tc-99m,43,0.115,10000,29.7979797979798,317.3481737910344,36.49503998596896
3,Tc-99m,43,0.115,10000,30.303030303030305,313.62863915622813,36.06729350296624
3,Tc-99m,43,0.115,10000,30.80808080808081,290.89540363134233,33.45297141760437
3,Tc-99m,43,0.115,10000,31.313131313131315,268.8733447288569,30.92043464381855
3,Tc-99m,43,0.115,10000,31.81818181818182,261.67373307333537,30.092479303433567
3,Tc-99m,43,0.115,10000,32.323232323232325,241.60872514212056,27.785003391343867
3,Tc-99m,43,0.115,10000,32.82828282828283,241.37511576371992,27.758138312827793
3,Tc-99m,43,0.115,10000,33.333333333333336,214.19225040111778,24.632108796128545
3,Tc-99m,43,0.115,10000,33.83838383838384,208.61159875633734,23.990333856978797
3,Tc-99m,43,0.115,10000,34.343434343434346,188.76430889376098,21.707895522782515
3,Tc-99m,43,0.115,10000,34.84848484848485,183.73360264627024,21.12936430432108
3,Tc-99m,43,0.115,10000,35.35353535353536,169.97392404526556,19.54700126520554
3,Tc-99m,43,0.115,10000,35.85858585858586,157.6293020950256,18.127369740927943
3,Tc-99m,43,0.115,10000,36.36363636363637,146.44610664888467,16.84130226462174
3,Tc-99m,43,0.115,10000,36.86868686868687,143.26847350953878,16.475874453596962
3,Tc-99m,43,0.115,10000,37.37373737373738,138.62988172316813,15.942436398164336
3,Tc-99m,43,0.115,10000,37.87878787878788,128.38885342976198,14.764718144422629
3,Tc-99m,43,0.115,10000,38.38383838383839,117.6209238662498,13.526406244618727
3,Tc-99m,43,0.115,10000,38.88888888888889,117.44145337555318,13.505767138188617
3,Tc-99m,43,0.115,10000,39.3939393939394,108.68964841276603,12.499309567468094
3,Tc-99m,43,0.115,10000,39.8989898989899,103.283741150886,11.87763023235189
3,Tc-99m,43,0.115,10000,40.40404040404041,96.81270580945113,11.13346116808688
3,Tc-99m,43,0.115,10000,40.909090909090914,95.13414632045085,10.940426826851848
3,Tc-99m,43,0.115,10000,41.41414141414142,85.73988218456293,9.860086451224737
3,Tc-99m,43,0.115,10000,41.919191919191924,79.3200878614611,9.121810104068027
3,Tc-99m,43,0.115,10000,42.42424242424243,77.70495199631905,8.936069479576691
3,Tc-99m,43,0.115,10000,42.929292929292934,68.6370638674229,7.893262344753634
3,Tc-99m,43,0.115,10000,43.43434343434344,68.11112204628928,7.832779035323267
3,Tc-99m,43,0.115,10000,43.939393939393945,63.41538553419732,7.292769336432692
3,Tc-99m,43,0.115,10000,44.44444444444445,61.84091511613919,7.1117052383560075
3,Tc-99m,43,0.115,10000,44.949494949494955,56.94438380373816,6.548604137429889
3,Tc-99m,43,0.115,10000,45.45454545454546,52.870607025374426,6.080119807918059
3,Tc-99m,43,0.115,10000,45.959595959595966,50.79338908742874,5.841239745054306
3,Tc-99m,43,0.115,10000,46.46464646464647,46.543820927475856,5.352539406659724
3,Tc-99m,43,0.115,10000,46.969696969696976,46.76370062082452,5.37782557139482
3,Tc-99m,43,0.115,10000,47.47474747474748,42.3570895221296,4.871065295044904
3,Tc-99m,43,0.115,10000,47.979797979797986,40.70489932275099,4.681063422116364
3,Tc-99m,43,0.115,10000,48.484848484848484,37.409272660400205,4.302066355946024
3,Tc-99m,43,0.115,10000,48.98989898989899,36.06258577046717,4.147197363603725
3,Tc-99m,43,0.115,10000,49.494949494949495,33.67470093630771,3.8725906076753867
3,Tc-99m,43,0.115,10000,50.0,33.05416818443746,3.8012293412103078
3,P-32,15,0.048,10000,0.0,9705.651691756051,465.8712812042905
3,P-32,15,0.048,10000,0.5050505050505051,9679.81016057182,464.63088770744736
3,P-32,15,0.048,10000,1.0101010101010102,9429.742068697577,452.6276192974837
3,P-32,15,0.048,10000,1.5151515151515151,9069.604466891498,435.3410144107919
3,P-32,15,0.048,10000,2.0202020202020203,9052.498279502246,434.51991741610783
3,P-32,15,0.048,10000,2.5252525252525255,9009.698515219314,432.46552873052707
3,P-32,15,0.048,10000,3.0303030303030303,8520.444835210177,408.98135209008854
3,P-32,15,0.048,10000,3.5353535353535355,8437.073520138109,404.97952896662923
3,P-32,15,0.048,10000,4.040404040404041,8311.938722394754,398.9730586749482
3,P-32,15,0.048,10000,4.545454545454546,8128.199734775396,390.15358726921903
3,P-32,15,0.048,10000,5.050505050505051,7765.938324914034,372.76503959587365
3,P-32,15,0.048,10000,5.555555555555556,7289.74414590732,349.90771900355134
3,P-32,15,0.048,10000,6.0606060606060606,7409.003694825894,355.6321773516429
3,P-32,15,0.048,10000,6.565656565656566,7598.793346421793,364.7420806282461
3,P-32,15,0.048,10000,7.070707070707071,6988.2063509500595,335.43390484560285
3,P-32,15,0.048,10000,7.575757575757576,6805.163738661126,326.6478594557341
3,P-32,15,0.048,10000,8.080808080808081,6812.587168375424,327.00418408202034
3,P-32,15,0.048,10000,8.585858585858587,6623.384509704941,317.9224564658372
3,P-32,15,0.048,10000,9.090909090909092,6375.00685978824,306.0003292698355
3,P-32,15,0.048,10000,9.595959595959597,6307.04551180742,302.73818456675616
3,P-32,15,0.048,10000,10.101010101010102,6137.615250076891,294.60553200369077
3,P-32,15,0.048,10000,10.606060606060607,6055.193053204887,290.6492665538346
3,P-32,15,0.048,10000,11.111111111111112,5918.295875091112,284.0782020043734
3,P-32,15,0.048,10000,11.616161616161618,5601.935293501256,268.8928940880603
3,P-32,15,0.048,10000,12.121212121212121,5666.5764238018955,271.995668342491
3,P-32,15,0.048,10000,12.626262626262626,5430.9441750215465,260.68532040103423
3,P-32,15,0.048,10000,13.131313131313131,5256.320778369057,252.30339736171473
3,P-32,15,0.048,10000,13.636363636363637,5305.3997534657965,254.65918816635823
3,P-32,15,0.048,10000,14.141414141414142,5069.521212382148,243.33701819434313
3,P-32,15,0.048,10000,14.646464646464647,4915.185230584314,235.92889106804708
3,P-32,15,0.048,10000,15.151515151515152,4806.839360349213,230.72828929676223
3,P-32,15,0.048,10000,15.656565656565657,4766.392371982947,228.78683385518147
3,P-32,15,0.048,10000,16.161616161616163,4620.3903660137685,221.7787375686609
3,P-32,15,0.048,10000,16.666666666666668,4554.113651677516,218.59745528052076
3,P-32,15,0.048,10000,17.171717171717173,4225.476121280878,202.82285382148214
3,P-32,15,0.048,10000,17.67676767676768,4377.405006355656,210.1154403050715
3,P-32,15,0.048,10000,18.181818181818183,4171.06671549901,200.21120234395246
3,P-32,15,0.048,10000,18.68686868686869,4123.276394425703,197.91726693243376
3,P-32,15,0.048,10000,19.191919191919194,4091.602850249324,196.39693681196755
3,P-32,15,0.048,10000,19.6969696969697,3991.4673368411136,191.59043216837347
3,P-32,15,0.048,10000,20.202020202020204,3687.8458861676113,177.01660253604535
3,P-32,15,0.048,10000,20.70707070707071,3776.3002040132733,181.26240979263713
3,P-32,15,0.048,10000,21.212121212121215,3631.6376793989716,174.31860861115064
3,P-32,15,0.048,10000,21.71717171717172,3598.7313363043904,172.73910414261076
3,P-32,15,0.048,10000,22.222222222222225,3332.8913661066317,159.97878557311833
3,P-32,15,0.048,10000,22.72727272727273,3292.5481612495555,158.04231173997866
3,P-32,15,0.048,10000,23.232323232323235,3295.490316744202,158.1835352037217
3,P-32,15,0.048,10000,23.73737373737374,3142.550600472072,150.84242882265946
3,P-32,15,0.048,10000,24.242424242424242,3099.3212843346564,148.7674216480635
3,P-32,15,0.048,10000,24.747474747474747,3134.6313797973894,150.4623062302747
3,P-32,15,0.048,10000,25.252525252525253,3108.366721857169,149.20160264914412
3,P-32,15,0.048,10000,25.757575757575758,2893.369901688378,138.88175528104213
3,P-32,15,0.048,10000,26.262626262626263,2888.823131185939,138.66351029692507
3,P-32,15,0.048,10000,26.767676767676768,2776.3441686738065,133.26452009634272
3,P-32,15,0.048,10000,27.272727272727273,2751.4206734173576,132.06819232403316
3,P-32,15,0.048,10000,27.77777777777778,2664.026652180043,127.87327930464207
3,P-32,15,0.048,10000,28.282828282828284,2509.09408542662,120.43651610047776
3,P-32,15,0.048,10000,28.78787878787879,2575.976366287686,123.64686558180892
3,P-32,15,0.048,10000,29.292929292929294,2408.9991138644928,115.63195746549566
3,P-32,15,0.048,10000,29.7979797979798,2330.1245144053946,111.84597669145894
3,P-32,15,0.048,10000,30.303030303030305,2391.0216808228406,114.76904067949636
3,P-32,15,0.048,10000,30.80808080808081,2263.7923629670977,108.66203342242069
3,P-32,15,0.048,10000,31.313131313131315,2262.0094053047164,108.5764514546264
3,P-32,15,0.048,10000,31.81818181818182,2194.86641166147,105.35358775975057
3,P-32,15,0.048,10000,32.323232323232325,2078.4497516391893,99.76558807868109
3,P-32,15,0.048,10000,32.82828282828283,2002.2761094763596,96.10925325486527
3,P-32,15,0.048,10000,33.333333333333336,2089.9252364011722,100.31641134725626
3,P-32,15,0.048,10000,33.83838383838384,1997.9451765276954,95.90136847332938
3,P-32,15,0.048,10000,34.343434343434346,1979.785564222031,95.0297070826575
3,P-32,15,0.048,10000,34.84848484848485,1870.5950249824773,89.7885611991589
3,P-32,15,0.048,10000,35.35353535353536,1877.9602328091623,90.14209117483979
3,P-32,15,0.048,10000,35.85858585858586,1849.7506455218013,88.78803098504646
3,P-32,15,0.048,10000,36.36363636363637,1736.9627041834835,83.37420980080721
3,P-32,15,0.048,10000,36.86868686868687,1694.6916902720234,81.34520113305713
3,P-32,15,0.048,10000,37.37373737373738,1666.131934333075,79.9743328479876
3,P-32,15,0.048,10000,37.87878787878788,1621.9866998073967,77.85536159075504
3,P-32,15,0.048,10000,38.38383838383839,1500.0418177840725,72.00200725363548
3,P-32,15,0.048,10000,38.88888888888889,1516.973143424606,72.81471088438109
3,P-32,15,0.048,10000,39.3939393939394,1517.816966629709,72.85521439822604
3,P-32,15,0.048,10000,39.8989898989899,1481.8480766631292,71.1287076798302
3,P-32,15,0.048,10000,40.40404040404041,1445.2938295480208,69.374103818305
3,P-32,15,0.048,10000,40.909090909090914,1395.0105394369218,66.96050589297225
3,P-32,15,0.048,10000,41.41414141414142,1314.1506831967774,63.07923279344532
3,P-32,15,0.048,10000,41.919191919191924,1340.337867337877,64.3362176322181
3,P-32,15,0.048,10000,42.42424242424243,1310.6024126443074,62.90891580692676
3,P-32,15,0.048,10000,42.929292929292934,1250.647694845598,60.0310893525887
3,P-32,15,0.048,10000,43.43434343434344,1252.0293208561952,60.09740740109737
3,P-32,15,0.048,10000,43.939393939393945,1219.7040473948712,58.54579427495382
3,P-32,15,0.048,10000,44.44444444444445,1171.6081803350248,56.23719265608119
3,P-32,15,0.048,10000,44.949494949494955,1153.190905642138,55.35316347082262
3,P-32,15,0.048,10000,45.45454545454546,1147.251202236999,55.06805770737596
3,P-32,15,0.048,10000,45.959595959595966,1107.7923037742162,53.17403058116238
3,P-32,15,0.048,10000,46.46464646464647,1054.9348859745814,50.63687452677991
3,P-32,15,0.048,10000,46.969696969696976,1082.0979283131182,51.94070055902968
3,P-32,15,0.048,10000,47.47474747474748,1047.873105988882,50.29790908746633
3,P-32,15,0.048,10000,47.979797979797986,983.226934083017,47.19489283598482
3,P-32,15,0.048,10000,48.484848484848484,961.6006951952758,46.15683336937324
3,P-32,15,0.048,10000,48.98989898989899,940.1851112780301,45.128885341345445
3,P-32,15,0.048,10000,49.494949494949495,940.326842910751,45.13568845971605
3,P-32,15,0.048,10000,50.0,919.482494299268,44.13515972636486
3,S-35,16,0.017,10000,0.0,10117.806284427923,172.0027068352747
3,S-35,16,0.017,10000,0.5050505050505051,10055.762806165834,170.9479677048192
3,S-35,16,0.017,10000,1.0101010101010102,9577.144749736768,162.81146074552507
3,S-35,16,0.017,10000,1.5151515151515151,9636.379888996318,163.81845811293744
3,S-35,16,0.017,10000,2.0202020202020203,9293.018786658817,157.98131937319988
3,S-35,16,0.017,10000,2.5252525252525255,9740.327752175044,165.58557178697578
3,S-35,16,0.017,10000,3.0303030303030303,9690.83608628798,164.74421346689567
3,S-35,16,0.017,10000,3.5353535353535355,9622.97873890056,163.59063856130953
3,S-35,16,0.017,10000,4.040404040404041,9261.484564510394,157.44523759667672
3,S-35,16,0.017,10000,4.545454545454546,9318.27248168884,158.4106321887103
3,S-35,16,0.017,10000,5.050505050505051,9248.147219777125,157.21850273621115
3,S-35,16,0.017,10000,5.555555555555556,9374.779567147225,159.37125264150285
3,S-35,16,0.017,10000,6.0606060606060606,8675.948897205111,147.4911312524869
3,S-35,16,0.017,10000,6.565656565656566,9076.67721710881,154.3035126908498
3,S-35,16,0.017,10000,7.070707070707071,8807.426964762368,149.72625840096026
3,S-35,16,0.017,10000,7.575757575757576,8729.890481523682,148.4081381859026
3,S-35,16,0.017,10000,8.080808080808081,8826.336914327543,150.04772754356824
3,S-35,16,0.017,10000,8.585858585858587,8716.433869646668,148.17937578399335
3,S-35,16,0.017,10000,9.090909090909092,8422.439169129604,143.1814658752033
3,S-35,16,0.017,10000,9.595959595959597,8583.505433776778,145.91959237420522
3,S-35,16,0.017,10000,10.101010101010102,8490.326696900871,144.33555384731483
3,S-35,16,0.017,10000,10.606060606060607,8625.769747408667,146.63808570594736
3,S-35,16,0.017,10000,11.111111111111112,8320.04979425186,141.44084650228163
3,S-35,16,0.017,10000,11.616161616161618,8336.736273130988,141.7245166432268
3,S-35,16,0.017,10000,12.121212121212121,7896.563678438154,134.24158253344862
3,S-35,16,0.017,10000,12.626262626262626,7994.918403985418,135.9136128677521
3,S-35,16,0.017,10000,13.131313131313131,7843.739851582257,133.3435774768984
3,S-35,16,0.017,10000,13.636363636363637,7922.823908217468,134.68800643969695
3,S-35,16,0.017,10000,14.141414141414142,8131.618541839096,138.23751521126465
3,S-35,16,0.017,10000,14.646464646464647,7526.855439604535,127.9565424732771
3,S-35,16,0.017,10000,15.151515151515152,7681.4637848162665,130.58488434187655
3,S-35,16,0.017,10000,15.656565656565657,7656.197729458613,130.15536140079644
3,S-35,16,0.017,10000,16.161616161616163,7520.778994604231,127.85324290827194
3,S-35,16,0.017,10000,16.666666666666668,7741.667358934148,131.60834510188053
3,S-35,16,0.017,10000,17.171717171717173,7635.693735080451,129.80679349636767
3,S-35,16,0.017,10000,17.67676767676768,7554.370793553423,128.4243034904082
3,S-35,16,0.017,10000,18.181818181818183,7296.544291898977,124.04125296228261
3,S-35,16,0.017,10000,18.68686868686869,7263.036002429503,123.47161204130157
3,S-35,16,0.017,10000,19.191919191919194,7291.748362052156,123.95972215488666
3,S-35,16,0.017,10000,19.6969696969697,7174.922887665129,121.97368909030719
3,S-35,16,0.017,10000,20.202020202020204,6977.1480059820415,118.61151610169472
3,S-35,16,0.017,10000,20.70707070707071,7137.56260164989,121.33856422804814
3,S-35,16,0.017,10000,21.212121212121215,6678.24398986691,113.53014782773748
3,S-35,16,0.017,10000,21.71717171717172,7061.254274785008,120.04132267134516
3,S-35,16,0.017,10000,22.222222222222225,7091.146460012403,120.54948982021085
3,S-35,16,0.017,10000,22.72727272727273,6844.065019351418,116.34910532897412
3,S-35,16,0.017,10000,23.232323232323235,6855.253895267267,116.53931621954354
3,S-35,16,0.017,10000,23.73737373737374,6675.771607535598,113.48811732810518
3,S-35,16,0.017,10000,24.242424242424242,6485.037283117156,110.24563381299167
3,S-35,16,0.017,10000,24.747474747474747,6743.039668045827,114.63167435677907
3,S-35,16,0.017,10000,25.252525252525253,6395.146193206922,108.71748528451769
3,S-35,16,0.017,10000,25.757575757575758,6739.930762601108,114.57882296421884
3,S-35,16,0.017,10000,26.262626262626263,6353.619197353869,108.01152635501577
3,S-35,16,0.017,10000,26.767676767676768,6352.214271319226,107.98764261242685
3,S-35,16,0.017,10000,27.272727272727273,6290.733379824341,106.9424674570138
3,S-35,16,0.017,10000,27.77777777777778,6287.316474277603,106.88438006271926
3,S-35,16,0.017,10000,28.282828282828284,6111.402182463938,103.89383710188694
3,S-35,16,0.017,10000,28.78787878787879,6089.736451041818,103.52551966771092
3,S-35,16,0.017,10000,29.292929292929294,6224.93663246563,105.82392275191572
3,S-35,16,0.017,10000,29.7979797979798,5853.1113169350865,99.50289238789648
3,S-35,16,0.017,10000,30.303030303030305,5892.567360678775,100.17364513153919
3,S-35,16,0.017,10000,30.80808080808081,5818.01663256979,98.90628275368644
3,S-35,16,0.017,10000,31.313131313131315,5859.874619683293,99.61786853461598
3,S-35,16,0.017,10000,31.81818181818182,5830.027392320164,99.11046566944279
3,S-35,16,0.017,10000,32.323232323232325,5748.4578024758075,97.72378264208874
3,S-35,16,0.017,10000,32.82828282828283,5756.396700800994,97.8587439136169
3,S-35,16,0.017,10000,33.333333333333336,5782.340155034918,98.29978263559362
3,S-35,16,0.017,10000,33.83838383838384,5715.397608183475,97.16175933911909
3,S-35,16,0.017,10000,34.343434343434346,5558.55450374683,94.49542656369611
3,S-35,16,0.017,10000,34.84848484848485,5555.142031627003,94.43741453765907
3,S-35,16,0.017,10000,35.35353535353536,5387.167543188763,91.58184823420899
3,S-35,16,0.017,10000,35.85858585858586,5579.448361302175,94.85062214213698
3,S-35,16,0.017,10000,36.36363636363637,5408.797595340811,91.9495591207938
3,S-35,16,0.017,10000,36.86868686868687,5082.47782668073,86.40212305357241
3,S-35,16,0.017,10000,37.37373737373738,5260.673498109154,89.43144946785563
3,S-35,16,0.017,10000,37.87878787878788,5156.919731085343,87.66763542845084
3,S-35,16,0.017,10000,38.38383838383839,5310.203197991467,90.27345436585495
3,S-35,16,0.017,10000,38.88888888888889,5101.398813692995,86.72377983278092
3,S-35,16,0.017,10000,39.3939393939394,5049.259331592712,85.83740863707612
3,S-35,16,0.017,10000,39.8989898989899,5023.573109693261,85.40074286478544
3,S-35,16,0.017,10000,40.40404040404041,4854.783142288993,82.53131341891289
3,S-35,16,0.017,10000,40.909090909090914,4842.481184004744,82.32218012808066
3,S-35,16,0.017,10000,41.41414141414142,4998.484317681951,84.97423340059318
3,S-35,16,0.017,10000,41.919191919191924,4825.087569044259,82.02648867375241
3,S-35,16,0.017,10000,42.42424242424243,4975.225855313147,84.5788395403235
3,S-35,16,0.017,10000,42.929292929292934,4719.346622421587,80.22889258116699
3,S-35,16,0.017,10000,43.43434343434344,4784.932232751207,81.34384795677053
3,S-35,16,0.017,10000,43.939393939393945,4706.192102101399,80.00526573572378
3,S-35,16,0.017,10000,44.44444444444445,4589.67429913991,78.02446308537847
3,S-35,16,0.017,10000,44.949494949494955,4670.654460965059,79.40112583640601
3,S-35,16,0.017,10000,45.45454545454546,4557.652025158572,77.48008442769573
3,S-35,16,0.017,10000,45.959595959595966,4578.706194298459,77.83800530307381
3,S-35,16,0.017,10000,46.46464646464647,4578.478605213966,77.83413628863742
3,S-35,16,0.017,10000,46.969696969696976,4420.1942745662045,75.14330266762548
3,S-35,16,0.017,10000,47.47474747474748,4681.624749786943,79.58762074637804
3,S-35,16,0.017,10000,47.979797979797986,4371.595388760753,74.31712160893281
3,S-35,16,0.017,10000,48.484848484848484,4454.744029315663,75.73064849836628
3,S-35,16,0.017,10000,48.98989898989899,4341.46237256195,73.80486033355317
3,S-35,16,0.017,10000,49.494949494949495,4318.821831004317,73.41997112707338
3,S-35,16,0.017,10000,50.0,4289.03468736786,72.91358968525363
3,H-3,1,0.056,10000,0.0,9857.011112545128,551.9926223025271
3,H-3,1,0.056,10000,0.5050505050505051,9712.685772070203,543.9104032359313
3,H-3,1,0.056,10000,1.0101010101010102,9454.575992722877,529.4562555924812
3,H-3,1,0.056,10000,1.5151515151515151,9217.275439331948,516.1674246025891
3,H-3,1,0.056,10000,2.0202020202020203,8862.100858117821,496.277648054598
3,H-3,1,0.056,10000,2.5252525252525255,8675.634422436415,485.83552765643924
3,H-3,1,0.056,10000,3.0303030303030303,8222.88311809548,460.4814546133469
3,H-3,1,0.056,10000,3.5353535353535355,8156.326871819623,456.7543048218989
3,H-3,1,0.056,10000,4.040404040404041,7880.231399025549,441.29295834543075
3,H-3,1,0.056,10000,4.545454545454546,7759.364258324876,434.524398466193
3,H-3,1,0.056,10000,5.050505050505051,7593.008167583981,425.20845738470297
3,H-3,1,0.056,10000,5.555555555555556,7328.100321974612,410.37361803057826
3,H-3,1,0.056,10000,6.0606060606060606,7373.209437348118,412.8997284914946
3,H-3,1,0.056,10000,6.565656565656566,6736.332245005365,377.2346057203004
3,H-3,1,0.056,10000,7.070707070707071,6890.271958756912,385.8552296903871
3,H-3,1,0.056,10000,7.575757575757576,6606.969028914998,369.9902656192399
3,H-3,1,0.056,10000,8.080808080808081,6360.318916795175,356.17785934052984
3,H-3,1,0.056,10000,8.585858585858587,5948.956412092489,333.14155907717935
3,H-3,1,0.056,10000,9.090909090909092,6064.95037337821,339.6372209091798
3,H-3,1,0.056,10000,9.595959595959597,5799.297363719169,324.7606523682735
3,H-3,1,0.056,10000,10.101010101010102,5706.141654572371,319.5439326560528
3,H-3,1,0.056,10000,10.606060606060607,5365.365109358446,300.460446124073
3,H-3,1,0.056,10000,11.111111111111112,5304.805462696063,297.06910591097954
3,H-3,1,0.056,10000,11.616161616161618,5206.71387510577,291.5759770059231
3,H-3,1,0.056,10000,12.121212121212121,5211.925116950686,291.8678065492384
3,H-3,1,0.056,10000,12.626262626262626,4888.940737005324,273.7806812722982
3,H-3,1,0.056,10000,13.131313131313131,4610.485149554105,258.1871683750299
3,H-3,1,0.056,10000,13.636363636363637,4686.038436237532,262.41815242930176
3,H-3,1,0.056,10000,14.141414141414142,4665.208556975784,261.25167919064387
3,H-3,1,0.056,10000,14.646464646464647,4377.21783601047,245.12419881658633
3,H-3,1,0.056,10000,15.151515151515152,4216.753448306276,236.1381931051515
3,H-3,1,0.056,10000,15.656565656565657,4188.093377364508,234.53322913241246
3,H-3,1,0.056,10000,16.161616161616163,3931.2795702926787,220.15165593639
3,H-3,1,0.056,10000,16.666666666666668,3943.893251839756,220.85802210302634
3,H-3,1,0.056,10000,17.171717171717173,3810.904443677013,213.41064884591273
3,H-3,1,0.056,10000,17.67676767676768,3696.9854897871637,207.03118742808118
3,H-3,1,0.056,10000,18.181818181818183,3597.500621073537,201.46003478011806
3,H-3,1,0.056,10000,18.68686868686869,3464.3806960751626,194.00531898020913
3,H-3,1,0.056,10000,19.191919191919194,3378.596926785017,189.20142789996095
3,H-3,1,0.056,10000,19.6969696969697,3269.3397628760044,183.08302672105626
3,H-3,1,0.056,10000,20.202020202020204,3243.263113584364,181.6227343607244
3,H-3,1,0.056,10000,20.70707070707071,3140.491585708252,175.86752879966213
3,H-3,1,0.056,10000,21.212121212121215,3019.03711792367,169.06607860372551
3,H-3,1,0.056,10000,21.71717171717172,2994.743608726492,167.70564208868356
3,H-3,1,0.056,10000,22.222222222222225,2908.267620455268,162.86298674549502
3,H-3,1,0.056,10000,22.72727272727273,2899.382354005572,162.36541182431202
3,H-3,1,0.056,10000,23.232323232323235,2771.524334349421,155.2053627235676
3,H-3,1,0.056,10000,23.73737373737374,2645.6676410834425,148.15738790067277
3,H-3,1,0.056,10000,24.242424242424242,2518.7869605463147,141.05206979059363
3,H-3,1,0.056,10000,24.747474747474747,2513.853563995528,140.77579958374957
3,H-3,1,0.056,10000,25.252525252525253,2373.618181470151,132.92261816232846
3,H-3,1,0.056,10000,25.757575757575758,2394.7091915151104,134.10371472484618
3,H-3,1,0.056,10000,26.262626262626263,2283.2169874677006,127.86015129819124
3,H-3,1,0.056,10000,26.767676767676768,2287.9524819265494,128.12533898788678
3,H-3,1,0.056,10000,27.272727272727273,2124.0466213106943,118.94661079339888
3,H-3,1,0.056,10000,27.77777777777778,2108.5451914746445,118.0785307225801
3,H-3,1,0.056,10000,28.282828282828284,2060.319011014789,115.37786461682818
3,H-3,1,0.056,10000,28.78787878787879,1969.646668741861,110.30021344954422
3,H-3,1,0.056,10000,29.292929292929294,1993.0055204055138,111.60830914270878
3,H-3,1,0.056,10000,29.7979797979798,1991.4726061950194,111.52246594692109
3,H-3,1,0.056,10000,30.303030303030305,1870.2568843959734,104.73438552617452
3,H-3,1,0.056,10000,30.80808080808081,1752.4720677279342,98.13843579276433
3,H-3,1,0.056,10000,31.313131313131315,1693.8533152831367,94.85578565585566
3,H-3,1,0.056,10000,31.81818181818182,1672.8590627475114,93.68010751386065
3,H-3,1,0.056,10000,32.323232323232325,1631.0328807381861,91.33784132133843
3,H-3,1,0.056,10000,32.82828282828283,1576.0973874168967,88.26145369534622
3,H-3,1,0.056,10000,33.333333333333336,1505.1207907759836,84.28676428345508
3,H-3,1,0.056,10000,33.83838383838384,1518.756437044514,85.05036047449279
3,H-3,1,0.056,10000,34.343434343434346,1447.0189419153958,81.03306074726217
3,H-3,1,0.056,10000,34.84848484848485,1429.203497735441,80.0353958731847
3,H-3,1,0.056,10000,35.35353535353536,1448.721682893949,81.12841424206115
3,H-3,1,0.056,10000,35.85858585858586,1292.155105765381,72.36068592286134
3,H-3,1,0.056,10000,36.36363636363637,1303.2463633588518,72.9817963480957
3,H-3,1,0.056,10000,36.86868686868687,1270.0833321053146,71.12466659789762
3,H-3,1,0.056,10000,37.37373737373738,1233.3625522908922,69.06830292828997
3,H-3,1,0.056,10000,37.87878787878788,1197.295108145715,67.04852605616004
3,H-3,1,0.056,10000,38.38383838383839,1170.8804214728043,65.56930360247705
3,H-3,1,0.056,10000,38.88888888888889,1107.1174566443158,61.998577572081686
3,H-3,1,0.056,10000,39.3939393939394,1101.1074740491365,61.662018546751646
3,H-3,1,0.056,10000,39.8989898989899,1059.4693983301172,59.33028630648656
3,H-3,1,0.056,10000,40.40404040404041,1018.095395301748,57.01334213689789
3,H-3,1,0.056,10000,40.909090909090914,1004.7390467089372,56.265386615700486
3,H-3,1,0.056,10000,41.41414141414142,947.2300284130547,53.044881591131066
3,H-3,1,0.056,10000,41.919191919191924,906.4062315409371,50.75874896629248
3,H-3,1,0.056,10000,42.42424242424243,933.1252085512186,52.25501167886824
3,H-3,1,0.056,10000,42.929292929292934,894.7722099467727,50.10724375701927
3,H-3,1,0.056,10000,43.43434343434344,881.9621722821437,49.389881647800046
3,H-3,1,0.056,10000,43.939393939393945,866.724519657922,48.53657310084363
3,H-3,1,0.056,10000,44.44444444444445,852.5883577091719,47.744948031713626
3,H-3,1,0.056,10000,44.949494949494955,818.107775250663,45.81403541403713
3,H-3,1,0.056,10000,45.45454545454546,795.075924516296,44.52425177291258
3,H-3,1,0.056,10000,45.959595959595966,762.3293574434326,42.69044401683223
3,H-3,1,0.056,10000,46.46464646464647,761.172538845982,42.62566217537499
3,H-3,1,0.056,10000,46.969696969696976,708.5833289294653,39.68066642005006
3,H-3,1,0.056,10000,47.47474747474748,694.756626577323,38.90637108833009
3,H-3,1,0.056,10000,47.979797979797986,662.8143834161397,37.11760547130382
3,H-3,1,0.056,10000,48.484848484848484,666.6172748293997,37.33056739044638
3,H-3,1,0.056,10000,48.98989898989899,636.5672390726465,35.64776538806821
3,H-3,1,0.056,10000,49.494949494949495,630.4673001041281,35.30616880583117
3,H-3,1,0.056,10000,50.0,611.5852650465022,34.24877484260412
